id,ident,type,name,latitude_deg,longitude_deg,elevation_ft,continent,iso_country,iso_region,municipality,scheduled_service,icao_code,iata_code,gps_code,local_code,home_link,wikipedia_link,keywords
330359,AEQ,small_airport,Ar Horqin Airport,43.908407,120.15099,1335,AS,CN,CN-15,Chifeng,no,,AEQ,,,,https://en.wikipedia.org/wiki/Ar_Horqin_Airport,
314558,AXF,medium_airport,Alxa Left Banner Bayanhot Airport,38.748317,105.58416,4560,AS,CN,CN-15,Bayanhot,yes,ZBAL,AXF,ZBAL,,,https://en.wikipedia.org/wiki/Alxa_Left_Banner_Bayanhot_Airport,
35146,CN-0001,closed,Old Guangzhou Baiyun International Airport,23.1842,113.265999,,AS,CN,CN-44,Guangzhou (Baiyun),no,,,,,,https://en.wikipedia.org/wiki/Guangzhou_Baiyun_International_Airport_%28former%29,CAN ZGGG
42466,CN-0002,closed,Nanjing Dajiaochang Airport,31.996394,118.81279,,AS,CN,CN-32,Nanjing,no,,,,,,https://en.wikipedia.org/wiki/Nanjing_Dajiaochang_Airport,"Dajiaochang, NKT, Z08T, ZSNJ"
43972,CN-0003,medium_airport,Laohutun Air Base,39.669998,121.765999,,AS,CN,CN-21,Dalian (Wafangdian),no,,,,,,,
43973,CN-0004,medium_airport,Pulandian Air Base,39.450901,122.017998,,AS,CN,CN-21,Dalian (Pulandian),no,,,,,,,
44082,CN-0006,medium_airport,Beijing Shahezhen Air Base,40.149166107177734,116.3213882446289,,AS,CN,CN-11,Beijing,no,,,,,,,
44083,CN-0007,medium_airport,Beijing Tongxian Air Base,39.81111145019531,116.70833587646484,,AS,CN,CN-11,Beijing,no,,,,,,,
45045,CN-0008,small_airport,Wanggang Airfield,45.670924,126.521812,,AS,CN,CN-23,Harbin,no,,,,,,,
45046,CN-0009,small_airport,Shuangyushu Airfield,45.663982,126.700099,,AS,CN,CN-23,Harbin,no,,,,,,,
337835,CN-0010,small_airport,Zhuhai Jiuzhou Airport,22.252075,113.590229,3,AS,CN,CN-44,Zhuhai (Xiangzhou),no,,,,A97,,,ZGUH
35313,CN-0011,closed,Luzhou Lantian Airport,28.852577,105.392579,,AS,CN,CN-51,Luzhou (Jiangyang),no,,,,,,https://en.wikipedia.org/wiki/Luzhou_Lantian_Airport,"LZO, ZULZ"
593591,CN-0012,small_airport,Yixing Dingshu General Airport,31.311688,119.904848,17,AS,CN,CN-32,Wuxi,no,,,,,,https://zh.wikipedia.org/wiki/%E6%97%A0%E9%94%A1%E4%B8%81%E8%9C%80%E6%9C%BA%E5%9C%BA,
44089,CN-0013,medium_airport,Fengning Air Base,41.260799407958984,116.61799621582031,,AS,CN,CN-13,,no,,,,,,,
44090,CN-0014,medium_airport,Hohhot Bikeqi Air Base,40.737015,111.229749,,AS,CN,CN-15,Hohhot,no,,,,,,,
44091,CN-0015,medium_airport,Huairen Air Base,39.717499,113.142998,3260,AS,CN,CN-14,Shuozhou,no,,,,,,https://en.wikipedia.org/wiki/Huairen_Air_Base,Datong Huairen Airport
44092,CN-0016,medium_airport,Liangxiangzhen Air Base,39.757801,116.125999,,AS,CN,CN-11,Beijing,no,,,ZBLX,,,https://zh.wikipedia.org/wiki/%E5%8C%97%E4%BA%AC%E8%89%AF%E4%B9%A1%E6%9C%BA%E5%9C%BA,
307260,CN-0017,heliport,Lushan Heliport,29.664823,116.079554,,AS,CN,CN-36,"Lianxi, Jiujiang",no,,,,,,,Helicopter complex
44094,CN-0018,medium_airport,Tangguantun Air Base,38.781101,117.068001,,AS,CN,CN-12,Jinghai,no,,,,,,,
44095,CN-0019,closed,Tangshan Air Base,39.656399,118.136002,,AS,CN,CN-13,Tangshan,no,,,,,,,
44096,CN-0020,medium_airport,Wenshui Air Base,37.407799,111.966003,,AS,CN,CN-14,Lüliang,no,,,,,,,
44097,CN-0021,medium_airport,Yangcun Air Base,39.37329864501953,117.09500122070312,,AS,CN,CN-12,,no,,,,,,,Meichong
44098,CN-0022,medium_airport,Yongning Air Base,40.50310134887695,116.10800170898438,,AS,CN,CN-11,Yongning,no,,,,,,,
312491,CN-0023,small_airport,Beijing Yanqing Airport,40.379146,115.937519,1750,AS,CN,CN-11,Yanqing,no,,,,,,,Badaling
44101,CN-0025,medium_airport,Tangshan Zunhua Air Base,40.102501,117.887001,,AS,CN,CN-13,Tangshan,no,,,,,,,
44102,CN-0026,medium_airport,Chengdu Huangtianba Air Base,30.705299,103.949997,,AS,CN,CN-51,Chengdu (Qingyang),no,,,,,,,
314643,CN-0028,heliport,Yongshu Jiao (Fiery Cross Reef) Helipad,9.539168,112.880071,,AS,CN,CN-46,Sansha (Yongshu Jiao / Fiery Cross Reef),no,,,,,,,
314644,CN-0029,small_airport,Yongshu Jiao (Fiery Cross Reef) Air Base,9.551747,112.887697,,AS,CN,CN-46,Sansha (Yongshu Jiao / Fiery Cross Reef),no,,,,,,,Fiery Cross Reef
44106,CN-0030,medium_airport,Chongqing Baishiyi Air Base,29.4953,106.359001,,AS,CN,CN-50,Chongqing,no,,,,,,,
314648,CN-0031,heliport,Zhubi Jiao (Subi Reef) Helipad,10.913002,114.061933,,AS,CN,CN-46,Sansha (Zhubi Jiao / Subi Reef),no,,,,,,,
314908,CN-0032,closed,Kunming Wujiaba International Airport,24.9924,102.7435,6221,AS,CN,CN-53,Kunming,no,,,,,,https://en.wikipedia.org/wiki/Kunming_Wujiaba_International_Airport,"KMG, ZPPP"
44109,CN-0033,small_airport,Damxung Air Base,30.486273,91.082561,14105,AS,CN,CN-54,Lhasa (Damxung),no,,,,,,,Dangxiong
44128,CN-0035,closed,Zhanyi Airport,25.592035,103.829188,6109,AS,CN,CN-53,Qujing (Zhanyi),no,,,,,,,"Chanyi, Changyi"
315143,CN-0036,small_airport,Shantou Waisha Airport,23.426901,116.762001,29,AS,CN,CN-44,Shantou (Longhu),no,,,,,,https://en.wikipedia.org/wiki/Shantou_Waisha_Airport,
315169,CN-0037,small_airport,Yongji Airport,34.8723,110.361,1236,AS,CN,CN-14,Yuncheng (Yongji),no,,,,,,,Yongyi Air Base
317868,CN-0038,heliport,BFA International Convention Center Heliport,19.140251,110.5632,,AS,CN,CN-46,Qionghai (Dongyu Dao),no,,,,,,,
44115,CN-0039,small_airport,Lijiang Airport,23.5847,102.010003,,AS,CN,CN-53,Yuanjiang,no,,,,,,,
44117,CN-0041,medium_airport,Luliang Air Base,24.988192,103.642833,,AS,CN,CN-53,Qujing (Luliang),no,,,,,,,
317986,CN-0042,closed,Former Dangyang Airport,30.823,111.8121,200,AS,CN,CN-42,Yichang (Dangyang),no,,,,,,,
44119,CN-0043,medium_airport,Honghe Mengzi Airport / Mengzi Air Base,23.3953,103.334,,AS,CN,CN-53,Honghe,no,,,,,,,ZWEE
317988,CN-0044,closed,Yichang Tumenwu Airport,30.671,111.4404,235,AS,CN,CN-42,Yichang (Wujiagang),no,,,,,,,
44121,CN-0045,medium_airport,Qionglai Air Base,30.49099,103.466139,,AS,CN,CN-51,Chengdu (Qionglai),no,,,,,,,
317990,CN-0047,closed,Former Yueyang Airport,29.424,113.0416,90,AS,CN,CN-43,Yueyang (Junshan),no,,,,,,,
44124,CN-0048,medium_airport,Wenshan Air Base,23.715599060058594,103.8270034790039,,AS,CN,CN-53,,no,,,,,,,
44125,CN-0049,medium_airport,Xiangyun Midu Air Base,25.445299,100.735001,,AS,CN,CN-53,Dali (Xiangyun),no,,,,,,,Beitun Airport
323879,CN-0051,small_airport,Zigong Fengming Airport,29.376484,104.625789,1133,AS,CN,CN-51,Zigong (Gongjing),no,,ZKL,,,,,Fengming General Airport
318170,CN-0052,small_airport,Leshan Jiajiang Airport,29.732148,103.613477,,AS,CN,CN-51,Leshan (Jiajiang),no,,,,,,,
44131,CN-0053,medium_airport,Baihe Ningming Air Base,22.120481,107.125046,,AS,CN,CN-45,Ningming,no,,,,,,,
318172,CN-0054,small_airport,Baoding Huangzhang Airport,38.83359,115.521626,,AS,CN,CN-13,Baoding,no,,,,,,,Baoding Army Heliport
44133,CN-0055,medium_airport,Changsha Datuopu Airport / Changsha Air Base,28.068522,112.957306,170,AS,CN,CN-43,Changsha (Tianxin),no,,,ZGCS,,,https://en.wikipedia.org/wiki/Changsha_Datuopu_Airport,Changsha City Airport
44134,CN-0056,medium_airport,Dangyang Air Base,30.798599,111.809998,,AS,CN,CN-42,Yichang (Dangyang),no,,,,,,,
44135,CN-0057,medium_airport,Foluo Northeast Air Base,18.6922,109.161003,,AS,CN,CN-46,Ledong (Da'anzhen),no,,,,,,,
318233,CN-0058,closed,Donggang (Gongxingdun) Airport,39.948964,124.145162,,AS,CN,CN-21,Dandong (Chengguan),no,,,,,,https://en.wikipedia.org/wiki/Gongxingdun_Airport,
44137,CN-0059,small_airport,Guangzhou East Airfield,23.1647,113.369003,,AS,CN,CN-44,Guangzhou (Tianhe),no,,,,,,,
318340,CN-0060,small_airport,Haibei Airport,36.990726,100.857505,,AS,CN,CN-63,Haibei (Haiyan),no,,,,,,,
323881,CN-0062,medium_airport,Bazhong Enyang Airport,31.73842,106.644872,1804,AS,CN,CN-51,Bazhong,yes,ZUBZ,BZX,ZUBZ,BZX,,https://en.wikipedia.org/wiki/Bazhong_Enyang_Airport,
44141,CN-0063,medium_airport,Guiping Mengxu Air Base,23.330799,110.009003,171,AS,CN,CN-45,Guiping (Guigang),no,,,,,,,
44142,CN-0064,closed,Haikou Dayingshan (Haikou City) Airport,20.0189,110.347,,AS,CN,CN-46,Haikou (Meilan),no,,,,,,,
323882,CN-0065,closed,Hanzhong Xiguan Airport,33.063599,107.008003,1660,AS,CN,CN-61,Hanzhong (Hantai),no,,,,,,https://en.wikipedia.org/wiki/Hanzhong_Xiguan_Airport,"HZG, ZLHZ"
323884,CN-0066,small_airport,Guiyang Air Base,26.40994,106.532264,,AS,CN,CN-52,Guiyang (Huaxi),no,,,,,,,
44147,CN-0069,medium_airport,Jialaishi Air Base,19.697201,109.725998,,AS,CN,CN-46,Lingao (Jialai),no,,,,,,,
324335,CN-0070,closed,Changchun East Airport,43.888157,125.405307,660,AS,CN,CN-22,Changchun,no,,,,,,,
44149,CN-0071,medium_airport,Leiyang Air Base,26.587200164794922,112.89199829101562,,AS,CN,CN-43,,no,,,,,,,
44150,CN-0072,medium_airport,Lingshui Air Base,18.4944,109.987999,,AS,CN,CN-46,Lingshui (Huayuan),no,,,,,,,
324348,CN-0073,small_airport,Shangluo Airport,33.708533,110.249284,,AS,CN,CN-61,Shangluo (Danfeng),no,,DFA,,,,,
324349,CN-0074,medium_airport,Shangqiu Air Base,34.449507,115.459261,,AS,CN,CN-41,Shangqiu,no,,,,,,https://en.wikipedia.org/wiki/Shangqiu_Airport,
44153,CN-0075,closed,Meixian Air Base,24.264999,116.099998,,AS,CN,CN-44,Meizhou (Meixian),no,,,,,,,
324768,CN-0076,medium_airport,Zhengzhou Air Base,34.86125,113.729631,,AS,CN,CN-41,Zhengzhou,no,,,,,,,
329362,CN-0077,heliport,PLA Khunjerab Post Helipad,36.930618,75.553407,13525,AS,CN,CN-65,Tashkurgan,no,,,,,,,
329665,CN-0078,heliport,Aurora Plaza Helipad,31.234386,121.499617,607,AS,CN,CN-33,Shanghai,no,,,,,,,
44157,CN-0079,medium_airport,Shaoguan Danxia Airport,24.9786,113.420998,280,AS,CN,CN-44,Shaoguan,yes,ZGSG,HSC,ZGSG,,,https://en.wikipedia.org/wiki/Shaoguan_Danxia_Airport,"Shaoguan Air Base, Shaoguan Guitou Airport"
44158,CN-0080,medium_airport,Suixi Air Base,21.3958,110.199997,,AS,CN,CN-44,Zhanjiang (Suixi),no,,,,,,,
44159,CN-0081,medium_airport,Jinggangshan Airport,26.856899,114.737,281,AS,CN,CN-36,Ji'an,yes,ZSGS,JGS,ZSGS,,,https://en.wikipedia.org/wiki/Ji%27an_Jinggangshan_Airport,"Tiahe Air Base, Ji'an Airport"
329666,CN-0083,medium_airport,Guodu Air Base,36.000428,117.625833,,AS,CN,CN-37,"Xintai, Tai'an",no,,,,,,,
44162,CN-0084,closed,Wuhan Air Base,30.5986,114.241997,80,AS,CN,CN-42,Wuhan (Jianghan),no,,,,,,,"Wangjiadun Airport,, ZHWT"
44163,CN-0085,medium_airport,Xiaogan Air Base,30.95359,113.911774,,AS,CN,CN-42,Xiaogan (Xiaonan),no,,,,,,,
333848,CN-0086,closed,Dalachi Airbase,36.628134,105.002346,5699,AS,CN,CN-62,Baiyin (Pingchuan),no,,,,,,,
333849,CN-0087,closed,Chenggong Airport,24.846346,102.801256,6234,AS,CN,CN-53,Kunming (Chenggong),no,,,,,,,
333850,CN-0088,closed,Dabao Airbase,40.5402,124.2295,200,AS,CN,CN-21,"Fengcheng, Dandong",no,,,,,,,
44168,CN-0090,medium_airport,Cangxian Air Base,38.403025,116.930924,,AS,CN,CN-13,Cangzhou,no,,,,,,,
44170,CN-0092,medium_airport,Jiaozhou Jiaocheng Air Base,36.331163,120.025538,62,AS,CN,CN-37,Qingdao (Jiaozhou),no,,,,,,,
44171,CN-0093,small_airport,Jinan Qihe Air Base,36.768569,116.639786,82,AS,CN,CN-37,Jinan (Qihe),no,,,,,,,
44172,CN-0094,medium_airport,Jiugucheng Air Base,37.491153,116.116726,75,AS,CN,CN-13,Hengshui,no,,,,,,,
44173,CN-0095,medium_airport,Kaifeng Air Base,34.75389862060547,114.33899688720703,,AS,CN,CN-41,Kaifeng,no,,,,,,,
44174,CN-0096,medium_airport,Laiyang Air Base,36.9636,120.591003,,AS,CN,CN-37,Yantai,no,,,,,,,
44175,CN-0097,medium_airport,Luyang Air Base,33.685434,112.89053,469,AS,CN,CN-41,Xuchang (Pingdingshan),no,,,,,,,
335266,CN-0098,small_airport,Hailar Southwest Airport,49.164182,119.693685,2031,AS,CN,CN-15,Hailar,no,,,,,,,
335267,CN-0099,small_airport,Chaor Airstrip,48.425954,121.387768,3012,AS,CN,CN-15,Chaor,no,,,,,,,"Ch'ao-erh, Чаор"
44178,CN-0100,small_airport,Qingdao Cangkou Air Base,36.158929,120.387832,,AS,CN,CN-37,Qingdao (Licang),no,,,,,,,
44179,CN-0101,seaplane_base,Qingdao Naval Base,36.04690170288086,120.28399658203125,,AS,CN,CN-37,,no,,,,,,,
337836,CN-0102,small_airport,Zhongshan Sanjiao Airport,22.66392,113.46885,,AS,CN,CN-44,Zhongshan,no,,,,,,,
44181,CN-0103,closed,Wendeng Air Base,37.263011,122.025863,,AS,CN,CN-37,Weihai,no,,,,,,,
44183,CN-0105,small_airport,Xuzhou Yangmiao Agricultural Airport,34.56423,116.97377,121,AS,CN,CN-32,Xuzhou,no,,,,,,,
44184,CN-0106,medium_airport,Xuzhou Daguozhang Air Base,34.229285,117.245665,,AS,CN,CN-32,Xuzhou,no,,,,,,,
337837,CN-0107,heliport,Panyu Shawan Heliport,22.91308,113.32042,,AS,CN,CN-44,Guangzhou (Panyu),no,,,,,,,
337838,CN-0108,small_airport,Zhubi Jiao (Subi Reef) Air Base,10.923926,114.070648,,AS,CN,CN-46,Sansha (Zhubi Jiao / Subi Reef),no,,,,,,,
44187,CN-0109,small_airport,Yidu Air Base,36.586649,118.527712,,AS,CN,CN-37,Weifang (Qingzhou),no,,,,,,,
337839,CN-0110,small_airport,Meiji Jiao (Mischief Reef) Air Base,9.92102,115.5059,,AS,CN,CN-46,Sansha (Meiji Jiao / Mischief Reef),no,,,,,,,
44189,CN-0111,medium_airport,Zhucheng Air Base,36.027468,119.43778,,AS,CN,CN-37,Weifang (Zhucheng),no,,,,,,,
339165,CN-0112,heliport,Lingjiao Heliport,22.594102,114.53767,,AS,CN,CN-44,Shenzhen (Longgang),no,,,,,,,
44192,CN-0114,medium_airport,Baoji Air Base,34.53125,107.470679,,AS,CN,CN-61,Baoji (Fengxiang),no,,,,,,,
339167,CN-0115,heliport,Peking University Shenzhen Hospital Helipad,22.55887,114.045064,,AS,CN,CN-44,Shenzhen (Futian),no,,,,,,,
339168,CN-0116,heliport,Honglong Century Plaza Helipad,22.543201,114.114657,,AS,CN,CN-44,Shenzhen (Luohu),no,,,,,,,
44195,CN-0117,medium_airport,Hainanzhou Gonghe Airport,36.3367,100.480003,10052,AS,CN,CN-63,Hainan (Gonghe),no,ZLHN,HNG,,,,https://en.wikipedia.org/wiki/Gonghe_Qinghaihu_Airport,Qabqa
339170,CN-0118,closed,Meigui Haian Pengxiang Helicopter Base,22.614662,114.374472,,AS,CN,CN-44,Shenzhen (Longgang),no,,,,,,,ZKUU
339219,CN-0119,heliport,Dong'ao Heliport,22.023542,113.717093,,AS,CN,CN-44,Zhuhai (Xiangzhou),no,,,,,,,
339221,CN-0120,heliport,Guishan Dao Helipad,22.144529,113.824905,,AS,CN,CN-44,Zhuhai (Xiangzhou),no,,,,,,,
339961,CN-0121,medium_airport,Huangdicun Naval Air Base,40.49979,120.659295,97,AS,CN,CN-21,Huludao,no,,,,,,,
340835,CN-0122,heliport,Fuzhou Zhuqi Heliport,26.123997,119.11389,200,AS,CN,CN-35,Fuzhou (Minhou),yes,,,,,,,
44201,CN-0123,medium_airport,Lanzhou Air Base,35.917801,104.218002,,AS,CN,CN-62,Lanzhou (Yuzhong),no,,,,,,,
340838,CN-0124,heliport,Wangzhuang Rescue Helipad,26.072323,119.318734,,AS,CN,CN-35,Fuzhou,no,,,,,,,
44203,CN-0125,medium_airport,Lintao Air Base,35.3083,103.835999,,AS,CN,CN-62,Dingxi (Lintao),no,,,,,,,
340839,CN-0126,heliport,Fuzhou Zongyuan Helipad,26.093229,119.276626,,AS,CN,CN-35,Fuzhou,no,,,,,,,
44205,CN-0127,medium_airport,Qingshui Air Base,39.554699,98.884201,4872,AS,CN,CN-62,Jiuquan (Suzhou),no,,,,,,,
341903,CN-0128,heliport,Anji County Heliport,30.601008,119.650912,,AS,CN,CN-33,"Anji, Huzhou",no,,,,,,,
44207,CN-0129,small_airport,Shihezi Shandanhu General Airport,44.333051,86.116674,,AS,CN,CN-65,Shihezi,no,,,,,,,
342071,CN-0131,heliport,Shuyang Heliport,24.6263,117.0997,1611,AS,CN,CN-35,Zhangzhou,no,,,,,,,
44210,CN-0132,medium_airport,Ürümqi South Air Base,43.466593,87.531177,,AS,CN,CN-65,Ürümqi,no,,,,,,,
44211,CN-0133,medium_airport,Malan Air Base,42.180621,87.186784,,AS,CN,CN-65,"Hoxud, Bayingolin",no,,,ZWML,,,,Uxxaktal Air Base
44212,CN-0134,medium_airport,Wugong Air Base,34.275907,108.2658,,AS,CN,CN-61,Xianyang (Wugong),no,,,,,,,
44213,CN-0135,medium_airport,Ürümqi Changji Air Base,43.951175,87.079232,2425,AS,CN,CN-65,Ashilixiang,no,,,,,,,
44214,CN-0136,medium_airport,Wuwei Air Base,37.9883,102.567001,,AS,CN,CN-62,Wuwei,no,,,,,,,
44215,CN-0137,medium_airport,Xi'an Air Base,34.153059,108.599739,1337,AS,CN,CN-61,Xi'an (Huyi),no,,,,,,,Huxian Air Base
44216,CN-0138,medium_airport,Xincheng Air Base,25.5483,114.619003,,AS,CN,CN-36,Ganzhou,no,,,,,,,
44217,CN-0139,medium_airport,Yaerbashi Test Range,43.077202,92.808098,,AS,CN,CN-65,"Yizhou, Hami",no,,,,,,,
44218,CN-0140,medium_airport,Yanliang Air Base,34.642248,109.241867,,AS,CN,CN-61,Xi'an (Yanliang),no,,,,,,,
342115,CN-0141,small_airport,Guilin Qifengling Airport,25.193836,110.32033,476,AS,CN,CN-45,Guilin (Yanshan),no,,,,,,https://en.wikipedia.org/wiki/Guilin_Qifengling_Airport,"Kweilin, Lijiacun"
342163,CN-0142,heliport,Xidao Heliport,18.23191,109.37722,30,AS,CN,CN-46,Sanya (Tianya),no,,,,,,,
342164,CN-0144,heliport,Luhuitou Heliport,18.1923,109.4812,569,AS,CN,CN-46,Sanya (Jiyang),no,,,,,,,
44223,CN-0145,small_airport,Changxing Air Base,30.968599,119.731003,,AS,CN,CN-33,Huzhou,no,,,,,,,
44224,CN-0146,medium_airport,Daishan Air Base,30.287581,122.144401,7,AS,CN,CN-33,Zhoushan,no,,,,,,,
44225,CN-0147,medium_airport,Feidong Air Base,31.909401,117.658997,,AS,CN,CN-34,Hefei,no,,,,,,,
44227,CN-0149,medium_airport,Fuzhou Air Base,26.003857,119.312832,20,AS,CN,CN-35,Fuzhou (Cangshan),no,,,,,,,
44230,CN-0152,medium_airport,Huian Air Base,25.0261,118.806999,75,AS,CN,CN-35,Quanzhou (Huian),no,,,,,,,
44231,CN-0153,medium_airport,Hangzhou Jianqiao Airport,30.3353,120.240997,,AS,CN,CN-33,Hangzhou,no,,,,,,https://en.wikipedia.org/wiki/Hangzhou_Jianqiao_Airport,
44232,CN-0154,medium_airport,Jiaxing Nanhu Airport,30.698056,120.663056,15,AS,CN,CN-33,"Xiuzhou, Hangzhou",yes,ZSJX,JNH,ZSJX,,,https://en.wikipedia.org/wiki/Jiaxing_Airport,
342174,CN-0155,small_airport,Shanghai Chongming Airport,31.664,121.5187,16,AS,CN,CN-31,Shanghai (Chongming),no,,,,,,,
342201,CN-0156,heliport,Rimuchang Heliport,33.76843,79.07384,,AS,CN,CN-54,Ngari (Rutog),no,,,,,,,
342426,CN-0157,small_airport,Morin Dawa Banner Airport,48.38745,124.43127,722,AS,CN,CN-15,Hulunbuir,no,,DWS,,,,,
44236,CN-0158,medium_airport,Longtian Air Base,25.5728,119.459999,13,AS,CN,CN-35,Fuzhou (Fuqing),no,,,,,,,L'ung-tien
44237,CN-0159,closed,Longyou Air Base,29.115821,119.176582,236,AS,CN,CN-33,Quzhou (Longyou),no,,,,,,,
342663,CN-0160,closed,Ankang Wulipu Airport,32.708056,108.931111,850,AS,CN,CN-61,Ankang (Hanbin),no,,,,,,https://en.wikipedia.org/wiki/Ankang_Wulipu_Airport,"AKA, ZLAK, Ankang Airfield"
44239,CN-0161,closed,Former Ganzhou Huangjin Airport,25.82666,114.91277,,AS,CN,CN-36,Ganzhou,no,,,,,,,"Kanchow (Kan Hsien), Nanwai, KOW, ZSGZ"
44240,CN-0162,closed,Nanchang Qingyunpu Airport,28.635599,115.93,,AS,CN,CN-36,Nanchang,no,,,,,,https://en.wikipedia.org/wiki/Nanchang_Qingyunpu_Airport,
44241,CN-0163,medium_airport,Nanchang Xiangtang Air Base,28.421205,115.923375,75,AS,CN,CN-36,Nanchang,no,,,,,,,
27224,CN-0164,closed,Qingdao Liuting International Airport,36.265837,120.37459,33,AS,CN,CN-37,Qingdao (Chengyang),no,,,,,,https://en.wikipedia.org/wiki/Qingdao_Liuting_International_Airport,"ZSQD, TAO"
44243,CN-0165,medium_airport,Ningbo Zhuangqiao Air Base,29.9228,121.573997,,AS,CN,CN-33,Ningbo,no,,,,,,,
342841,CN-0166,small_airport,Alar Lanpowan Airport,40.640982,81.273888,3314,AS,CN,CN-65,Alar,no,,,,,,,
342842,CN-0167,closed,Former Qiemo Airport,38.14886,85.5325,4085,AS,CN,CN-65,Qiemo,no,,,,,,https://en.wikipedia.org/wiki/Qiemo_Airport_(former),"IQM, ZWCM"
344625,CN-0168,heliport,One Shenzhen Bay 7 Helipad,22.50869,113.9376,,AS,CN,CN-44,Shenzhen (Nanshan),no,,,,,,,
44247,CN-0169,medium_airport,Shanghai Dachang Air Base,31.324438,121.409508,,AS,CN,CN-31,Shanghai (Baoshan),no,,,,,,,
344626,CN-0170,heliport,Excellence Qianhai Tower 3 Helipad,22.53277,113.89421,,AS,CN,CN-44,Shenzhen (Nanshan),no,,,,,,,
44249,CN-0171,closed,Shanghai Longhua Airport,31.166901,121.454002,,AS,CN,CN-31,Shanghai (Xuhui),no,,,,,,https://en.wikipedia.org/wiki/Shanghai_Longhua_Airport,"ZSSL, ZSSL"
344627,CN-0172,heliport,China Resources Qianhai Center Tower 1 Helipad,22.53444,113.89526,,AS,CN,CN-44,Shenzhen (Nanshan),no,,,,,,,
44251,CN-0173,closed,Shanghai Jiangwan Airfield,31.333,121.5,,AS,CN,CN-31,Shanghai (Yangpu),no,,,,,,,
344628,CN-0174,heliport,Shum Yip Upper Hills Tower Helipad,22.55955,114.06675,,AS,CN,CN-44,Shenzhen (Futian),no,,,,,,,
344629,CN-0175,heliport,Second People's Hospital of Shenzhen Heliport,22.56011,114.08093,,AS,CN,CN-44,Shenzhen (Futian),no,,,,,,,
344630,CN-0176,heliport,Shenzhen Shuxue Medical Science Institute Heliport,22.56047,114.08172,,AS,CN,CN-44,Shenzhen (Futian),no,,,,,,,
348149,CN-0177,small_airport,Shijiazhuang Luancheng Airport,37.91305,114.59166,197,AS,CN,CN-13,Shijiazhuang,no,,LCT,,,,https://en.wikipedia.org/wiki/Shijiazhuang_Luancheng_Airport,
348150,CN-0178,medium_airport,Wuhan Hannan Municipal Airport,30.25521,114.062805,85,AS,CN,CN-42,Wuhan (Hannan),no,,WHN,,,,https://en.wikipedia.org/wiki/Hannan_Municipal_Airport,
348151,CN-0179,small_airport,Baoji Lingyuan General Aviation Airport,34.38946,107.12865,2635,AS,CN,CN-61,Baoji (Jintai),no,,,,,,,
348154,CN-0180,small_airport,Xishanbei Airport,39.14996,115.28795,,AS,CN,CN-13,Baoding,no,,,,,,,
348155,CN-0181,small_airport,Dingxing Airport,39.25469,115.83329,,AS,CN,CN-13,Baoding,no,,,,,,,
44260,CN-0182,medium_airport,Zhangshu Air Base,28.023283,115.549649,116,AS,CN,CN-36,Yichun,no,,,,,,,
44261,CN-0183,small_airport,Zhangzhou Longxi Airport,24.561543,117.656374,,AS,CN,CN-35,"Xiangcheng, Zhangzhou",no,,,ZZHN,,,,"漳州龙溪机场, Zhangzhou Air Base"
348156,CN-0184,small_airport,Gaobeidian Airport,39.36942,115.93992,,AS,CN,CN-13,Baoding,no,,,,,,,
44263,CN-0185,medium_airport,Changchun Air Base,43.906591,125.197005,,AS,CN,CN-22,Changchun,no,,,,,,,
348157,CN-0186,small_airport,Zhuozhou Airport,39.45692,116.00091,,AS,CN,CN-13,Baoding,no,,,,,,,
44265,CN-0187,closed,Former Chifeng Airport,42.234587,118.906746,,AS,CN,CN-15,Chifeng,no,,,,,,,
348158,CN-0188,medium_airport,Beijing Nanjiao Airport,39.482845,116.372295,,AS,CN,CN-11,Beijing,no,ZBNJ,,ZBNJ,,,https://zh.wikipedia.org/wiki/%E5%8C%97%E4%BA%AC%E5%8D%97%E9%83%8A%E6%9C%BA%E5%9C%BA,New Nanyuan
44268,CN-0190,medium_airport,Dingxin-Shuangchengzi Air Base,40.401402,99.789398,,AS,CN,CN-62,Jiuquan (Jinta),no,,,,,,,
44269,CN-0191,medium_airport,Fuxin Air Base,42.078899,121.662003,,AS,CN,CN-21,"Xihe, Fuxin",no,,,,,,,
44270,CN-0192,medium_airport,Gongzhuling Air Base,43.526293,124.78466,,AS,CN,CN-22,Siping,no,,,,,,,Huaide Air Base
44271,CN-0193,small_airport,Harbin Pingfang Airport,45.59886,126.65808,,AS,CN,CN-23,Harbin,no,,PFA,,,,,Ping Fang Tien Air Base
44272,CN-0194,small_airport,Jinxi Air Base,40.749199,120.878998,,AS,CN,CN-21,Huludao,no,,,ZYUH,,,,
44273,CN-0195,small_airport,Liushuibao Airfield,41.187138,121.167239,,AS,CN,CN-21,Jinzhou (Taihe),no,,,,,,,
348163,CN-0196,closed,Former Bengbu Airport,32.93333,117.36666,75,AS,CN,CN-34,Bengbu,no,,,,,,https://en.wikipedia.org/w/index.php?title=Bengbu_Airport&oldid=404541934,"BFU, ZSBB"
44275,CN-0197,medium_airport,Kaiyuan Air Base,42.525934,123.984683,,AS,CN,CN-21,"Qinghe, Tieling",no,,,,,,,
44276,CN-0198,medium_airport,Lalin Air Base,45.259457,126.893536,,AS,CN,CN-23,Harbin,no,,,,,,,
348164,CN-0199,small_airport,Shanghai Gaodong Airport,31.33396,121.62176,,AS,CN,CN-31,Shanghai (Pudong),no,,,,,,,
348165,CN-0200,small_airport,Xuzhou Jiulishan Air Base,34.2879,117.1713,,AS,CN,CN-32,Xuzhou,no,,,,,,,
44279,CN-0201,medium_airport,Pingquan Air Base,40.900409,118.677878,,AS,CN,CN-13,Chengde,no,,,,,,,
348166,CN-0202,closed,Datong Beijiazao Airport,40.03942,113.39344,,AS,CN,CN-14,Datong,no,,,,,,,Dongwangzhuang
348167,CN-0203,small_airport,Datun Air Base,43.73361,125.25333,,AS,CN,CN-22,Changchun,no,,,,,,,ZCHC
44282,CN-0204,medium_airport,Shenyang Beiling Air Base,41.8708,123.439003,,AS,CN,CN-21,"Huanggu, Shenyang",no,,,,,,,
348168,CN-0205,small_airport,Hefei Luogang Airport,31.77999,117.29833,108,AS,CN,CN-34,Hefei,no,,,,,,https://en.wikipedia.org/wiki/Hefei_Luogang_Airport,"HFE, ZSOF"
44284,CN-0206,medium_airport,Shenyang Yuhong Quansheng Airport,41.822498,123.299004,,AS,CN,CN-21,"Yuhong, Shenyang",no,,,ZYSY,,,,
44285,CN-0207,small_airport,Shuangcheng Air Base,45.406874,126.320977,,AS,CN,CN-23,Harbin,no,,,,,,,
44286,CN-0208,medium_airport,Siping Air Base,43.156898,124.292,,AS,CN,CN-22,Siping,no,,,,,,,
44287,CN-0209,medium_airport,Suizhong Air Base,40.298992,120.36152,43,AS,CN,CN-21,Huludao (Suizhong),no,,,,,,,
44288,CN-0210,medium_airport,Tuchengzi Air Base,38.912201,121.238998,,AS,CN,CN-21,Dalian (Lüshunkou),no,,,,,,,
348169,CN-0211,small_airport,Gaomi Air Base,36.3875,119.71194,,AS,CN,CN-37,Weifang (Gaomi),no,,,,,,,
44290,CN-0212,closed,Dalian Yingchenzi/Xinzhaizi Air Base,39.010601,121.389999,,AS,CN,CN-21,Dalian (Ganjingzi),no,,,,,,,
348170,CN-0213,small_airport,Guangshui Air Base,31.6625,113.81777,,AS,CN,CN-42,Suizhou,no,,,,,,,
348171,CN-0214,small_airport,Huangpi Air Base,30.90205,114.51008,,AS,CN,CN-42,Wuhan (Huangpi),no,,,,,,,
348172,CN-0215,small_airport,Sheyang General Airport,33.79276,120.16497,,AS,CN,CN-32,Yancheng (Sheyang),no,,,,,,,
348688,CN-0216,small_airport,Longkou Huangshan Airport,37.55449,120.2724,20,AS,CN,CN-37,Yantai,no,,,,,,,
348689,CN-0217,small_airport,Penglai Shahekou Airport,37.80473,120.80954,20,AS,CN,CN-37,Yantai,no,,PNJ,,,,,
348690,CN-0218,small_airport,Binzhou Dagao General Aviation Airport,37.61055,117.885699,25,AS,CN,CN-37,Binzhou,no,,CBZ,,,,,
348693,CN-0219,small_airport,Jinan Pingyin Agricultural Airport,36.296834,116.439802,131,AS,CN,CN-37,Jinan (Pingyin),no,,,,,,,
348694,CN-0220,small_airport,Zibo Air Base,36.80982,117.8922,131,AS,CN,CN-37,Zibo,no,,,,,,,
348695,CN-0221,small_airport,Huanghua Fanghuang Airport,38.41903,117.29877,13,AS,CN,CN-13,Cangzhou,no,,,,,,,
348696,CN-0222,small_airport,Tianjin Binhai Douzhuang Airport,38.56417,117.31323,7,AS,CN,CN-12,Binhai,no,,,,,,,
348697,CN-0223,small_airport,Tai'an Xinkaihe Airport,41.3282,122.45557,26,AS,CN,CN-21,Anshan,no,,,,,,,
348699,CN-0224,small_airport,Luhe Ma'an Airport,32.37938,118.79465,79,AS,CN,CN-32,Nanjing,no,,,,,,,
349469,CN-0225,closed,Aksu Yituan Airport,40.67737,79.89501,3451,AS,CN,CN-65,Aksu (Yingbin),no,,,,,,,"ZQIL, Qilan"
349470,CN-0226,small_airport,Aksu Zhicheng Airport,40.990059,80.094509,3629,AS,CN,CN-65,Aksu,no,,,,,,,
349471,CN-0227,closed,Yizhou Test Range,42.555418,94.217656,2828,AS,CN,CN-65,Hami,no,,,,,,,
349472,CN-0228,small_airport,Linze Danxia Airport,39.046062,100.168562,5089,AS,CN,CN-62,Zhangye (Linze),no,,,,,,,
350852,CN-0229,small_airport,Datong Qingshuihe Air Base,39.93824,113.40345,3340,AS,CN,CN-14,Datong,no,,,,,,,
350855,CN-0230,small_airport,PLAAF Shijiazhuang Flight Academy,38.08191,114.41804,282,AS,CN,CN-13,Shijiazhuang,no,,,,,,,
350856,CN-0231,small_airport,Xinxiang Helicopter Air Base,35.29336,113.83837,236,AS,CN,CN-41,Xinxiang,no,,,,,,,
350871,CN-0232,small_airport,Xiantao General Airport,30.40678,113.59485,,AS,CN,CN-42,Jingzhou (Xiantao),no,,,,,,,
350872,CN-0233,heliport,Nanjing Ruohang Helicopter Base,32.05749,118.5722,282,AS,CN,CN-32,Nanjing,no,,,,,,,
350873,CN-0234,closed,Jurong Air Base,31.95971,119.17224,,AS,CN,CN-32,Zhenjiang,no,,,,,,,
350874,CN-0235,small_airport,Jiangning Tushan Air Base,31.97139,118.8404,33,AS,CN,CN-32,Nanjing,no,,,,,,,
350882,CN-0236,medium_airport,Shigatse Tingri Airport,28.604567,86.798,14108,AS,CN,CN-54,Xigazê (Dingri),yes,ZUDR,DDR,ZUDR,,,https://en.wikipedia.org/wiki/Shigatse_Tingri_Airport,Rikaze Dingri
350883,CN-0237,medium_airport,Tashikuergan Hongqilafu Airport,37.661333,75.288877,10499,AS,CN,CN-65,Tashikuergan,yes,ZWTK,HQL,ZWTK,,,https://en.wikipedia.org/wiki/Tashkurgan_Airport,
350886,CN-0238,small_airport,Dongyang Hengdian General Airport,29.122619,120.24289,364,AS,CN,CN-33,Jinhua (Dongyang),no,,HEW,,,,,
350887,CN-0239,heliport,Woduhe Heliport,50.53783,125.81467,1076,AS,CN,CN-23,"Nenjiang, Heihe",no,,,,,,,
350888,CN-0240,heliport,Taizhou Chunlan Heliport,32.49338,119.95283,20,AS,CN,CN-33,Taizhou,no,,,,,,,
350889,CN-0241,small_airport,Jingmen Zhanghe General Airport,30.985923,112.05368,454,AS,CN,CN-42,Jingmen (Dongbao),no,,,,,,,
350923,CN-0242,small_airport,Faku Caihu Airport,42.390739,123.370464,286,AS,CN,CN-21,Faku,no,,,ZYFK,,,,
350924,CN-0243,small_airport,Qindeli Farm Airport,47.96256,133.18252,246,AS,CN,CN-23,Jiamusi,no,,,,,,,
350939,CN-0244,small_airport,Chengdu Fenghuangshan Air Base,30.73019,104.09282,1660,AS,CN,CN-51,Chengdu (Jinniu),no,,,,,,,
350940,CN-0245,small_airport,Chengdu Taipingsi Airport,30.60321,104.01766,1616,AS,CN,CN-51,Chengdu (Wuhou),no,,,,,,,
350941,CN-0246,small_airport,Chongzhou Haoyun General Airport,30.560102,103.730721,1645,AS,CN,CN-51,Chengdu (Chongzhou),no,,,,,,,
350942,CN-0247,small_airport,Chengdu Xinjin Airport,30.4214,103.8444,1512,AS,CN,CN-51,Chengdu (Xinjin),no,,,ZUXJ,,,https://en.wikipedia.org/wiki/Xinjin_Airport,
350943,CN-0248,small_airport,Pengshan Air Base,30.26485,103.8511,1447,AS,CN,CN-51,Meishan (Pengshan),no,,,,,,,
350945,CN-0249,medium_airport,Leshan Airport,29.438627,103.749218,1189,AS,CN,CN-51,Leshan (Wutongqiao),yes,,LSG,,,,,
350946,CN-0250,small_airport,Yancheng Jianhu General Airport,33.42127,119.72231,5,AS,CN,CN-32,Yancheng,no,,,,,,,
350947,CN-0251,heliport,Binhai Eastern General Heliport,39.05072,117.73315,,AS,CN,CN-12,Binhai,no,,,,,,,
350948,CN-0252,small_airport,Xueye Aeronautics Technology Sports Park,36.43788,117.56978,770,AS,CN,CN-37,Laiwu,no,,,,,,,
350949,CN-0253,medium_airport,Jiande Qiandaohu General Airport,29.360905,119.180829,249,AS,CN,CN-33,Hangzhou,no,,JDE,,,,,
350950,CN-0254,closed,Nanning Lingli General Airport (under construction),22.8519,108.7806,233,AS,CN,CN-45,Nanning,no,,,,,,,
350951,CN-0255,small_airport,Xinchang Wanfeng General Airport,29.4535,121.0104,682,AS,CN,CN-33,Shaoxing,no,,,,,,,
350952,CN-0256,small_airport,Xi'an Aerospace Base General Airport,34.13324,108.9848,1824,AS,CN,CN-61,Xi'an (Chang'an),no,,,,,,,
350953,CN-0257,heliport,Hulin Dongfanghong Heliport,46.22518,133.11317,299,AS,CN,CN-23,Jixi,no,,,,,,,
350954,CN-0258,small_airport,Wudalianchi Xingfu Airport,48.73158,127.37618,1266,AS,CN,CN-23,Heihe,no,,,,,,,
350955,CN-0259,heliport,Wudalianchi Zhanhe Heliport,48.62679,126.61309,902,AS,CN,CN-23,Heihe,no,,,,,,,
350956,CN-0260,heliport,Da Hinggan Ling Yiziquan Heliport,51.58833,126.31416,1207,AS,CN,CN-23,Huma,no,,,,,,,
350957,CN-0261,small_airport,Gannan Chahayang Airport,48.20117,124.17853,591,AS,CN,CN-23,Qiqihar,no,,,,,,,
350958,CN-0262,small_airport,Suibin Erjiuling Farm Airport,47.57175,132.13077,197,AS,CN,CN-23,Hegang,no,,,,,,,
350959,CN-0263,small_airport,Keshan Farm Airport,48.30346,125.35989,991,AS,CN,CN-23,Qiqihar,no,,,,,,,
350960,CN-0264,small_airport,Wudalianchi Longmen Airport,48.91567,126.91011,1276,AS,CN,CN-23,Heihe,no,,,,,,,
350961,CN-0265,small_airport,Wudalianchi Longzhen General Airport,48.65333,126.71333,1004,AS,CN,CN-23,Heihe,no,,,,,,,
350963,CN-0266,small_airport,Tongjiang Nongjiang Farm Airport,47.736986,133.234103,203,AS,CN,CN-23,Jiamusi,no,,,,,,,
350964,CN-0267,small_airport,Jiamusi Sanhetun General Airport,46.79304,130.26974,279,AS,CN,CN-23,Jiamusi,no,,,,,,,
350965,CN-0268,small_airport,Zhaodong Beidahuang General Airport,46.12779,125.77354,469,AS,CN,CN-23,Suihua,no,,HLJ,,,,,
350966,CN-0269,small_airport,Raohe Bawujiu Farm Airport,47.45055,134.06924,217,AS,CN,CN-23,Shuangyashan,no,,,,,,,
350978,CN-0270,heliport,Hutubi Shitizi General Heliport,44.01096,86.79289,2628,AS,CN,CN-65,Shitizi,no,,,,,,,
350979,CN-0271,heliport,Aksu Doulang Heliport,41.19555,80.25361,3671,AS,CN,CN-65,Aksu,no,,,,,,,阿克苏多浪直升机场
350980,CN-0272,small_airport,Xinhe Qianfu Airport,41.66629,82.58655,3373,AS,CN,CN-65,Kuqa,no,,,,,,,新河千佛机场
350981,CN-0273,small_airport,Shihezi Tuoling Mengpo Airport,45.042755,86.131661,1119,AS,CN,CN-65,Shihezi,no,,,,,,,
350982,CN-0274,small_airport,Tiemenguan Shuangfeng Airport,41.77703,85.44939,2953,AS,CN,CN-65,Tiemenguan,no,,,,,,,铁门关双丰机场
350983,CN-0275,small_airport,Tumxuk Hedong Airport,39.43714,78.25212,3724,AS,CN,CN-65,Tumxuk,no,,,,,,,
350984,CN-0276,heliport,Hejing Gonghar Heliport,42.31126,86.30471,3642,AS,CN,CN-65,Hejing,no,,,,,,,
350985,CN-0277,small_airport,Xinyuan Gongnaisi Airport,43.298872,84.161324,5036,AS,CN,CN-65,Xinyuan,no,,,,,,,
350986,CN-0278,small_airport,Ürümqi Yaxin General Airport,43.67233,87.32347,4285,AS,CN,CN-65,Ürümqi,no,,,,,,,
350987,CN-0279,small_airport,Beitun Fengqing Airport,47.22734,87.84022,1768,AS,CN,CN-65,Beitun,no,,,,,,,
350988,CN-0280,small_airport,Huyanghe Wuwu Airport,44.885235,84.720739,991,AS,CN,CN-65,Karamay,no,,,,,,,
350989,CN-0281,small_airport,Fuyun Tuerhong Airport,47.03888,89.7825,,AS,CN,CN-65,Fuyun,no,,,,,,,
350990,CN-0282,small_airport,Burqin Kaerqisi Airport,47.678777,86.932641,1598,AS,CN,CN-65,Burqin,no,,,,,,,
350991,CN-0283,small_airport,Tekes Zhuque Airport,43.20563,81.79847,,AS,CN,CN-65,Tekes,no,,,,,,,
351028,CN-0284,small_airport,Miyun/Mujiayu,40.401005,116.881289,300,AS,CN,CN-11,,no,,,,,,,
351128,CN-0285,heliport,Guilin Rongchang Heliport,25.61666,110.49731,715,AS,CN,CN-45,Guilin,no,,,,,,,桂林溶江‎宜升机场
351129,CN-0286,heliport,Guilin Gaotian Heliport,24.71781,110.45589,459,AS,CN,CN-45,Guilin (Yangshuo),no,,,,,,,
351130,CN-0287,small_airport,Xiqing General Aviation Airport,19.55219,109.43658,407,AS,CN,CN-46,Danzhou,no,,,,,,,
351131,CN-0288,small_airport,Haikou Jiazi Airport,19.67521,110.37968,131,AS,CN,CN-46,Haikou (Ding'an),no,,,,,,,
351132,CN-0289,heliport,Sanya Tianya Heliport,18.30163,109.41793,89,AS,CN,CN-46,Sanya (Tianya),no,,,,,,,
351133,CN-0290,medium_airport,Sanya Air Base,18.28754,109.46372,30,AS,CN,CN-46,Sanya (Tianya),no,,,,,,,
351137,CN-0291,small_airport,Zhuhai Lianzhou General Airport,22.33594,113.18911,1,AS,CN,CN-44,Zhuhai (Doumen),no,,,,,,,ZGLZ
351139,CN-0292,heliport,Shenzhen Longgang Heliport,22.69202,114.23685,194,AS,CN,CN-44,Shenzhen,no,,,,,,,
351140,CN-0293,heliport,Shenzhen Xiyong Heliport,22.61392,114.37731,33,AS,CN,CN-44,Shenzhen (Longgang),no,,,,,,,
351141,CN-0294,heliport,Zhongshan International Finance Center Heliport,22.52316,113.38264,764,AS,CN,CN-44,Zhongshan,no,,,,,,,
351314,CN-0295,heliport,Simuhana Border Heliport,39.72783,73.94963,9298,AS,CN,CN-65,Ulugqat,no,,,,,,,ZPOQ1
351909,CN-0296,small_airport,Qingdao Cihang General Airport,36.983261,120.268279,383,AS,CN,CN-37,Qingdao,no,,,,,,,
352121,CN-0297,heliport,Mudanjiang Suifenhe Heliport,44.44387,131.13758,1696,AS,CN,CN-23,Mudanjiang,no,,,,,,,
352123,CN-0298,closed,Mishan Yonghong Airport,45.29021,132.84763,230,AS,CN,CN-23,Jixi,no,,,,,,,
352124,CN-0299,heliport,Raohe Dong'an Heliport,47.33582,134.172,246,AS,CN,CN-23,Shuangyashan,no,,,,,,,
352226,CN-0300,small_airport,Taiyuan Yaocheng Airport,37.50312,112.424126,,AS,CN,CN-14,Taiyuan,no,,TYC,,,,,
352488,CN-0301,heliport,Tongjiang Sancun Heliport,47.75486,132.62776,187,AS,CN,CN-23,Jiamusi,no,,,,,,,
352489,CN-0302,heliport,Tongjiang Sanjiangkou Heliport,47.69104,132.51626,184,AS,CN,CN-23,Jiamusi,no,,,,,,,
352490,CN-0303,heliport,Tongjiang Xinfacun Heliport,47.68483,132.52615,174,AS,CN,CN-23,Jiamusi,no,,,,,,,
352491,CN-0304,heliport,Tongjiang Qindeli Heliport,48.10031,133.35684,213,AS,CN,CN-23,Jiamusi,no,,,,,,,
352493,CN-0305,heliport,Fuyuan Nongjiangxiang Heliport,48.27817,134.29517,184,AS,CN,CN-23,Jiamusi,no,,,,,,,
352494,CN-0306,small_airport,Hegang Luobei Airport,47.6144,131.39497,210,AS,CN,CN-23,Hegang,no,,,,,,,
352495,CN-0307,heliport,Hegang Mingshan Heliport,47.67674,131.05795,233,AS,CN,CN-23,Hegang,no,,,,,,,
352497,CN-0308,heliport,Yichun Jiayin Heliport,48.70882,130.56593,302,AS,CN,CN-23,Yichun,no,,,,,,,
352499,CN-0309,heliport,Hegang Taipinggou Heliport,48.12698,130.64346,338,AS,CN,CN-23,Hegang,no,,,,,,,
352500,CN-0310,heliport,Yichun Shuanghe Heliport,48.981741,130.009923,310,AS,CN,CN-23,Yichun,no,,,,,,,
352507,CN-0311,heliport,Hegang Zhongxing Heliport,47.64927,131.96947,184,AS,CN,CN-23,Hegang,no,,,,,,,
352920,CN-0312,heliport,Heihe Zhangdiyingzi Heliport,50.55466,127.33141,440,AS,CN,CN-23,Heihe,no,,,,,,,
352928,CN-0313,heliport,Da Hinggan Ling Sankaxiang Heliport,51.14672,126.89714,492,AS,CN,CN-23,Huma,no,,,,,,,
352992,CN-0314,heliport,Ergun Mengwushiwei Heliport,51.32797,119.9273,1578,AS,CN,CN-15,Hulunbuir,no,,,,,,,
353165,CN-0315,seaplane_base,Jinshan City Beach Seaplane Base,30.709688,121.349177,,AS,CN,CN-31,"Jinshan, Shanghai",no,,,,,,,
353993,CN-0316,medium_airport,Chenghu General Airport,31.215334,120.789328,33,AS,CN,CN-32,Suzhou,no,,,,,,,
353995,CN-0317,heliport,Liyang Tianmuhu Heliport,31.537778,119.501944,20,AS,CN,CN-32,Changzhou,no,,,,,,https://zh.wikipedia.org/wiki/%E6%BA%A7%E9%98%B3%E6%BA%A7%E5%9F%8E%E7%9B%B4%E5%8D%87%E6%9C%BA%E5%9C%BA,溧阳溧城直升机场
354015,CN-0318,heliport,Shanghai Longhua Heliport,31.167789,121.459955,,AS,CN,CN-31,Shanghai,no,,,,,,,
354395,CN-0319,heliport,Huayang Jiao (Cuarteron Reef) Helipad,8.864276,112.831933,,AS,CN,CN-46,Sansha (Huayang Jiao / Cuarteron Reef),no,,,,,,https://en.wikipedia.org/wiki/Cuarteron_Reef,
354017,CN-0320,heliport,Shanghai Tangchen Heliport,31.220837,121.576877,,AS,CN,CN-31,Pudong,no,,,,,,,
354040,CN-0321,medium_airport,Anji Tianzihu General Airport,30.797725,119.590287,137,AS,CN,CN-33,Anji,no,,,ZSTZ,,,,
354400,CN-0322,heliport,Nanxun Jiao (North Gaven Reef) Helipad,10.205356,114.225583,,AS,CN,CN-46,Sansha (Nanxun Jiao / North Gaven Reef),no,,,,,,https://en.wikipedia.org/wiki/Gaven_Reefs,
354402,CN-0323,heliport,Chigua Jiao (Johnson South Reef) Helipad,9.716206,114.287054,,AS,CN,CN-46,Sansha (Chigua Jiao / Johnson South Reef),no,,,,,,https://en.wikipedia.org/wiki/Johnson_South_Reef,
354404,CN-0324,heliport,Dongmen Jiao (Hughes Reef) Helipad,9.908255,114.49831,,AS,CN,CN-46,Sansha (Dongmen Jiao / Hughes Reef),no,,,,,,https://en.wikipedia.org/wiki/Hughes_Reef,
354503,CN-0328,heliport,Xixiangtang Police Heliport,22.840149,108.146303,,AS,CN,CN-45,Nanning (Xixiangtang),no,,,,,,,
354507,CN-0329,small_airport,Wuerhe Airport,46.01761,85.657436,1134,AS,CN,CN-65,Orku,no,,WRH,,,,,"Orku Baikouquan, Urhu, Karamay"
354508,CN-0330,closed,Jiuquan Suzhou Airport (under construction),39.887874,98.707352,4564,AS,CN,CN-62,Jiuquan (Suzhou),no,,,,,,,
354509,CN-0331,medium_airport,Jiuzhou Airport,26.99838,107.759041,2195,AS,CN,CN-52,Jiuzhou,no,,,,,,,
354511,CN-0332,small_airport,Industrial Airport 601,32.389746,112.140112,,AS,CN,CN-41,Xiangyang (Xiangzhou),no,,,,,,,
354512,CN-0333,small_airport,Bayannur Ming'an Airport,40.874146,109.577272,,AS,CN,CN-15,Bayannur,no,,,,,,,
354513,CN-0334,heliport,Zhongjiang Military Heliport,30.845684,104.679837,,AS,CN,CN-51,Deyang (Zhongjiang),no,,,,,,,
354520,CN-0335,heliport,Military Helipad,46.885902,85.172099,,AS,CN,CN-65,,no,,,,,,,
354521,CN-0336,small_airport,Runway 07,34.763616,119.434175,,AS,CN,CN-32,Lianyungang,no,,,,,,,
354522,CN-0337,heliport,Military Helipad,34.751857,119.461384,,AS,CN,CN-32,,no,,,,,,,
354526,CN-0338,heliport,Nyikogli Shiquanhe Heliport,32.496868,80.072168,,AS,CN,CN-54,Shiquanhe,no,,,,,,,
354535,CN-0339,closed,Mawei Airfield,26.081955,119.60425,13,AS,CN,CN-35,"Mawei, Fuzhou",no,,,,,,,
354536,CN-0340,closed,Dangshan General Airport (under construction),34.543045,116.298608,,AS,CN,CN-32,,no,,,,,,,
354648,CN-0341,small_airport,Private Runway,37.234774,79.34206,,AS,CN,CN-65,,no,,,,,,,
354650,CN-0342,small_airport,Military Heliport Runway (8x),36.343009,78.033335,,AS,CN,CN-65,,no,,,,,,,
354651,CN-0343,heliport,Prison Runway Helipad,38.356549,77.261374,,AS,CN,CN-65,Yarkant,no,,,,,,,
354657,CN-0344,medium_airport,Paozhuwan Air Base,30.673944,114.63089,,AS,CN,CN-42,Wuhan (Xinzhou),no,,,,,,,
354658,CN-0345,medium_airport,Shanpo Air Base,30.087612,114.31366,,AS,CN,CN-42,Wuhan,no,,,,,,,
354660,CN-0346,small_airport,Desert Runway,39.010014,83.608618,,AS,CN,CN-65,,no,,,,,,,
354722,CN-0347,small_airport,Ganzhou Ruijin Airport,25.960236,116.077016,750,AS,CN,CN-36,Ganzhou,no,ZSRJ,JRJ,ZSRJ,,,https://en.wikipedia.org/wiki/Ganzhou_Ruijin_Airport,
354884,CN-0348,heliport,Honglu Jingzi Industrial Helipad,40.583306,93.394014,,AS,CN,CN-62,Dunhuang,no,,,,,,,
354893,CN-0349,heliport,Uxxaktal Military Heliport,41.763301,87.423469,,AS,CN,CN-65,"Hoxud, Bayingolin",no,,,,,,,
354907,CN-0350,heliport,Lopnur Industrial Heliport,40.467886,90.888053,,AS,CN,CN-65,Lopnur,no,,,,,,,
354929,CN-0351,small_airport,Taklamkan Desert Military Airport,40.77287,89.281656,,AS,CN,CN-65,"Yuli, Bayingolin",no,,,,,,,
354931,CN-0352,small_airport,Xinkaiping Air Base,40.695,89.075446,,AS,CN,CN-65,"Yuli, Bayingolin",no,,,,,,,
355511,CN-0354,medium_airport,Ali Pulan Airport,30.397898,81.13317,13943,AS,CN,CN-54,Burang Town,no,ZUPL,APJ,ZUPL,,,https://en.wikipedia.org/wiki/Ali_Pulan_Airport,
355764,CN-0355,heliport,Shenzhen Sun Yat-sen Cardiovascular Hospital Heliport,22.559549,113.942838,,AS,CN,CN-44,Shenzhen (Nanshan),no,,,,,,,
355816,CN-0356,heliport,Baigang Shalan Heliport,22.76941,114.62793,98,AS,CN,CN-44,Huizhou (Huiyang),no,,,,,,,
355921,CN-0357,heliport,Beijing Dingling Airport,40.28566,116.232675,351,AS,CN,CN-11,Beijing,no,,,,,,,
507438,CN-0358,small_airport,Fuling Airfield,29.659301,107.254987,,AS,CN,CN-50,Fuling,no,,,,,,,
355952,CN-0359,small_airport,Zhaosu Tianma Airport,43.088477,81.223013,,AS,CN,CN-65,Zhaosu,yes,ZWZS,ZFL,ZWZS,,,https://en.wikipedia.org/wiki/Zhaosu_Tianma_Airport,
355960,CN-0360,small_airport,Urad Front Banner Gongmiaozi Airport,40.614366,108.998835,3369,AS,CN,CN-15,Urad Front Banner,no,,,,,,,"Ulashan, ZULL"
355962,CN-0361,small_airport,Dengkou General Aviation Airport,40.302832,107.010698,3458,AS,CN,CN-15,Bayannur,no,ZBMV,,ZBMV,,,,
355963,CN-0362,small_airport,Yinchuan Yueyahu Airport,38.588095,106.539788,3727,AS,CN,CN-64,Yinchuan,no,,YEH,,,,,Yinchuan Crescent Lake
355969,CN-0363,small_airport,Shuangchengzi North Airfield,40.5392,100.0185,3701,AS,CN,CN-62,Jiuquan (Jinta),no,,,,,,,
355970,CN-0364,small_airport,Gaotai Airport,39.41188,99.77868,4403,AS,CN,CN-62,Zhangye (Gaotai),no,,,,,,,
356013,CN-0365,heliport,Taida International Cardiovascular Hospital Heliport,39.028975,117.708765,7,AS,CN,CN-12,Tianjin,no,,,,,,,
356093,CN-0366,heliport,Golmud Heliport,36.38776,94.79804,9390,AS,CN,CN-63,Golmud,no,,,,,,,
356094,CN-0367,heliport,Rutog Heliport,33.65626,80.45084,14859,AS,CN,CN-54,Rutog,no,,,,,,,
356095,CN-0368,heliport,Gêrzê Heliport,32.30204,84.02739,14534,AS,CN,CN-54,Gêrzê,no,,,,,,,
356096,CN-0369,heliport,Nyima Heliport,31.78739,87.29839,14997,AS,CN,CN-54,Nagqu (Nyima),no,,,,,,,
356097,CN-0370,heliport,Seni Heliport,31.414472,91.983751,14730,AS,CN,CN-54,Nagqu (Seni),no,,,,,,,
356098,CN-0371,heliport,Lhasa Liuwuxiang Heliport,29.58933,91.02058,11909,AS,CN,CN-54,Lhasa (Doilungdêqên),no,,,,,,,
356099,CN-0372,heliport,Aksai Chin Heliport,35.24569,79.54054,15988,AS,CN,CN-65,Khotan,no,,,,,,,
356100,CN-0373,heliport,Daklam Heliport,28.2845,89.4035,14541,AS,CN,CN-54,Xigazê (Kangmar),no,,,,,,,Galanub
356102,CN-0374,small_airport,Zhangpu Air Base,24.0452,117.8497,85,AS,CN,CN-35,Zhangzhou (Zhangpu),no,,,,,,,
356119,CN-0375,heliport,Demchok East Heliport,32.69531,79.45816,13970,AS,CN,CN-54,Zhaxigang,no,,,,,,,
356313,CN-0376,closed,Ledong Naval Air Base,18.49391,108.83202,,AS,CN,CN-46,Ledong (Huangliu),no,,,,,,,
356372,CN-0377,small_airport,Changchun Yushu General Airport,44.829507,126.421423,,AS,CN,CN-22,Changchun (Yushu),no,,,,,,,
356373,CN-0378,small_airport,Panjin Chenjia General Airport,41.269306,122.141361,,AS,CN,CN-21,Panjin,no,,,,,,,
356392,CN-0379,closed,Chuxiong Airfield,25.04082,101.56498,,AS,CN,CN-53,Chuxiong (Xiong),no,,,,,,,Tsuyung
356393,CN-0380,heliport,Feihu Aviation Dushan Training Base Heliport,25.81198,107.50807,,AS,CN,CN-52,Qiannan (Dushan),no,,,,,,,
356395,CN-0381,closed,Weining Caohai Airport (under construction),26.86444,104.34025,,AS,CN,CN-52,Weining (Bijie),no,,,,,,https://en.wikipedia.org/wiki/Weining_Caohai_Airport,WNJ. ZUWN
429832,CN-0382,heliport,Beibeng Heliport,29.24251,95.16765,,AS,CN,CN-54,Nyingchi (Mêdog),no,,,,,,,
430022,CN-0383,small_airport,Mile Dongfeng Airport,24.2956,103.40847,,AS,CN,CN-53,Honghe (Mile),no,,,,,,,
430023,CN-0384,small_airport,Longchuan Guangsong Airport,24.26652,97.9048,3297,AS,CN,CN-53,Dehong (Longchuan),no,,LCS,,,,,
430024,CN-0385,small_airport,Lanping Fenghua General Airport,26.64518,99.54419,8276,AS,CN,CN-53,Lanping Bai,no,,LFH,,,,,Feng Hua
430025,CN-0386,heliport,Lijiang Baisha Heliport,26.96962,100.23945,8323,AS,CN,CN-53,Lijiang (Yulong),no,,,,,,,
430026,CN-0387,heliport,Baoshan Changlinggang Heliport,24.99874,99.224,5632,AS,CN,CN-53,Baoshan (Longyang),no,,,,,,,
430027,CN-0388,heliport,Yuxi Jiangcheng Heliport,24.46872,102.85711,5863,AS,CN,CN-53,Yuxi (Jiangchuan),no,,,,,,,
430028,CN-0389,heliport,Ruili Jingcheng Heliport,24.06732,97.81748,3806,AS,CN,CN-53,Dehong (Ruili),no,,,,,,,
430050,CN-0390,closed,Yongde Airfield,24.20866,99.28416,,AS,CN,CN-53,Lincang (Yongde),no,,,,,,,"ZDEE, Dedang"
430173,CN-0391,heliport,Nagadong Heliport,27.75225,89.12997,,AS,CN,CN-54,Xigazê (Yadong),no,,,,,,,
430174,CN-0392,heliport,Cona Heliport,28.0068,91.96402,,AS,CN,CN-54,Shannan (Cona),no,,,,,,,
430482,CN-0393,closed,Hainan Dongfang General Aviation Heliport,19.136827,108.672649,39,AS,CN,CN-46,Dongfang,no,,,,,,,
430483,CN-0394,small_airport,Zhanjiang Jiushashi Airport,21.25491,109.79244,,AS,CN,CN-44,Zhanjiang (Suixi),no,,,,,,,
430484,CN-0395,heliport,Zhanjiang Bachang Heliport,21.23569,109.77838,,AS,CN,CN-44,Zhanjiang (Suixi),no,,,,,,,
430508,CN-0396,medium_airport,Shaodong Airport,27.2235,111.6741,,AS,CN,CN-43,Shaoyang (Shaodong),no,,,,,,,
430509,CN-0397,closed,Former Yushu Batang Airport,32.82716,97.12018,,AS,CN,CN-63,Yushu (Batang),no,,,,,,,
339960,CN-0398,closed,Dalian Jinzhouwan International Airport (Under Construction),39.119913,121.60158,,AS,CN,CN-21,Dalian (Ganjingzi),no,,,,,https://dlairport.com,https://en.wikipedia.org/wiki/Dalian_Jinzhouwan_International_Airport,Dalian
337834,CN-0399,closed,Xiamen Xiang'an International Airport (Under Construction),24.544094,118.358522,,AS,CN,CN-35,Xiamen,no,,,,,,https://en.wikipedia.org/wiki/Xiamen_Xiang%27an_International_Airport,"ZSAM, XMN"
507629,CN-0401,medium_airport,Ningxiang Airport,27.987589,112.604971,,AS,CN,CN-43,,no,,,,,,,
508773,CN-0402,heliport,Zhuhai Jiuzhou Heliport,22.25068,113.59634,3,AS,CN,CN-44,Zhuhai (Xiangzhou),no,,,,,,,
508920,CN-0403,small_airport,Fanhu Airport,23.31635,112.96416,26,AS,CN,CN-44,Foshan (Sanshui),no,,,,,,,
509740,CN-0404,small_airport,Shidaojiao,36.47054,120.951246,,AS,CN,CN-37,,no,,,,,,,
510458,CN-0405,balloonport,Balloon Launch Facility,41.779125,111.901073,,AS,CN,CN-15,,no,,,,,,,
510462,CN-0406,balloonport,Hele Balloon Launch Facility,18.939119,110.473006,,AS,CN,CN-46,Wanning (Hele),no,,,,,,https://en.wikipedia.org/wiki/2023_Chinese_balloon_incident,
510539,CN-0407,small_airport,East Red Airport,24.170412,114.799213,,AS,CN,CN-44,,no,,,,,,,
511015,CN-0408,heliport,Yining Army Heliport,43.922187,81.355219,,AS,CN,CN-65,Yining City,no,,,,,,,
524237,CN-0412,seaplane_base,Zhongshan Ferry Port,22.519296,113.361307,,AS,CN,CN-44,Zhongshan,no,,ZGN,,,,,
525151,CN-0413,small_airport,Bozhou Airport (under construction),33.560777,115.911859,,AS,CN,CN-34,Bozhou,no,ZSBO,BZJ,ZSBO,,,https://en.wikipedia.org/wiki/Bozhou_Airport,
525152,CN-0414,small_airport,Bailing Airport,41.656944,110.3125,4645,AS,CN,CN-15,Bailingmiao,no,,BKV,,,,,
525153,CN-0415,small_airport,Hejing Bayinbuluke Airport,42.976395,83.995543,8219,AS,CN,CN-65,Hejing,yes,ZWHJ,HJB,ZWHJ,,,https://en.wikipedia.org/wiki/Hejing_Bayinbuluke_Airport,
525160,CN-0416,small_airport,Otog Front Banner Oljoq Airport,38.1712,107.3905,,AS,CN,CN-15,Otog Front Banner,no,,OTQ,,,,,
525757,CN-0417,small_airport,Qitai Jiangbulake Airport,44.166086,89.55014,,AS,CN,CN-65,Qitai,yes,ZWQT,JBK,ZWQT,,,https://en.wikipedia.org/wiki/Qitai_Jiangbulake_Airport,
525766,CN-0418,medium_airport,Hohhot Shengle International Airport (under construction),40.480965,111.575174,,AS,CN,CN-15,Hohhot,no,,,,,,https://en.wikipedia.org/wiki/Hohhot_Shengle_International_Airport,
525771,CN-0419,small_airport,Zaozhuang Yiyun Airport (under construction),34.9074,117.408,,AS,CN,CN-37,Zaozhuang,no,,,,,,https://en.wikipedia.org/wiki/Zaozhuang_Yiyun_Airport,
525772,CN-0420,small_airport,Honghe Mengzi Airport (under construction),23.464782,103.347487,,AS,CN,CN-53,Mengzi,no,,,,,,https://en.wikipedia.org/wiki/Honghe_Mengzi_Airport,
525773,CN-0421,medium_airport,Zhaotong Zhaoyang Airport,27.205843,103.691511,,AS,CN,CN-53,Zhaotong,yes,ZPZT,ZAT,,,,https://wikipedia.org/wiki/Zhaotong_Zhaoyang_Airport,
525774,CN-0422,small_airport,Lishui Airport,28.3727,119.839,,AS,CN,CN-33,Lishui (Liandu),no,ZSLI,LIJ,ZSLI,,,https://en.wikipedia.org/wiki/Lishui_Airport,ZSLR
525775,CN-0423,small_airport,Nanchang Yaohu Airport,28.700972,116.107694,,AS,CN,CN-36,Nanchang,no,,YHJ,ZSYH,,,https://en.wikipedia.org/wiki/Nanchang_Yaohu_Airport,
536722,CN-0424,closed,Yulin Xisha Airport,38.271062,109.730779,3525,AS,CN,CN-14,Yulin,no,,,,,,https://en.wikipedia.org/wiki/Yulin_Xisha_Airport,"UYN, ZLYL"
542468,CN-0425,closed,Ruoqiang Target Airfield,39.15203,88.606512,3080,AS,CN,CN-65,Bayingolin (Ruoqiang),no,,,,,,,
542685,CN-0426,small_airport,Huhe Tata Airport,39.665872,105.464137,,AS,CN,CN-15,,no,,,,,,,
548188,CN-0427,small_airport,Otog Banner Wulan Airport,39.03139,107.98889,4423,AS,CN,CN-15,Wulan,no,,OTO,,,,,
552678,CN-0428,small_airport,Gujiatun Air Base,39.26611,122.07957,,AS,CN,CN-21,Dalian (Jinzhou),no,,,,,,,
552936,CN-0429,small_airport,E’Tuo Ke Qian Qi general airport,38.101538,107.232569,4444,AS,CN,CN-15,Erdos,no,,,,,,,
553659,CN-0430,closed,Huangdao Naval Air Base (under construction),35.61783,119.64435,10,AS,CN,CN-37,Qingdao (Huangdao),no,,,,,,,
555169,CN-0431,closed,Minggugong airport,32.035681,118.801975,,AS,CN,CN-31,nanjing,no,,,,,,,民用
557189,CN-0432,small_airport,Taizhou Bay Airport,28.572398,121.576485,,AS,CN,CN-33,,no,,,,,,,
562087,CN-0433,heliport,Wenchang Dagao Heliport,19.945386,110.934105,135,AS,CN,CN-46,Wenchang,no,,,,,,,
563855,CN-0434,small_airport,China Aviation Museum Airfield,40.186433,116.360309,141,AS,CN,CN-11,"Changping, Beijing",no,,,,,,,
575185,CN-0435,heliport,Fujian Medical University Hospital Heliport,26.07277,119.29701,,AS,CN,CN-35,Fuzhou (Taijiang),no,,,,,,,
31009,CN-0436,closed,Yan'an Ershilipu Airport,36.636902,109.554001,3100,AS,CN,CN-61,Yan'an (Baota),no,,,,,,https://en.wikipedia.org/wiki/Yan%27an_Ershilipu_Airport,"ENY, ZLYA"
32296,CN-0437,closed,Former Shashi Airport,30.324289,112.279861,112,AS,CN,CN-42,Jingzhou (Shashi),no,,,,,,https://en.wikipedia.org/wiki/Shashi_Airport,"SHS, ZHSS"
32685,CN-0438,closed,Wuzhou Changzhoudao Airport,23.456699,111.248001,89,AS,CN,CN-45,Wuzhou (Changzhou),no,,,,,,https://en.wikipedia.org/wiki/Wuzhou_Changzhoudao_Airport,"WUZ, ZGWZ"
32743,CN-0439,closed,Zhanjiang Xintang Airport,21.21469,110.358406,125,AS,CN,CN-44,Zhanjiang (Xiashan),no,,,,,,https://en.wikipedia.org/wiki/Zhanjiang_Airport,"ZHA, ZGZJ"
35311,CN-0440,closed,Lanzhou City Airport,36.033333,103.86667,5040,AS,CN,CN-62,Lanzhou (Chengguan),no,,,,,,,"LHW, ZLAN"
31706,CN-0441,small_airport,Jinzhou Xiaolingzi Air Base,41.101398,121.061996,,AS,CN,CN-21,Jinzhou (Taihe),no,,,,,,https://en.wikipedia.org/wiki/Jinzhou_Xiaolingzi_Airport,Xiaolingzi Air Base
300456,CN-0442,closed,Yibin Caiba Airport,28.800556,104.545,924,AS,CN,CN-51,Yibin (Cuiping),no,,,,,,https://en.wikipedia.org/wiki/Yibin_Caiba_Airport,"YBP, ZUYB"
27227,CN-0443,small_airport,Yantai Laishan Airport,37.396825,121.369571,59,AS,CN,CN-37,Yantai,no,,,,,,https://en.wikipedia.org/wiki/Yantai_Laishan_Airport,"YNT, ZSYT"
35312,CN-0444,small_airport,Baitabu Air Base,34.571302,118.873143,,AS,CN,CN-32,Lianyungang (Donghai),no,,,,,,https://en.wikipedia.org/wiki/Lianyungang_Baitabu_Airport,"ZSLG, LYG, Lianyungang Baitabu Airport"
44093,CN-0445,small_airport,Beijing Nanyuan Airport,39.782158,116.386299,96,AS,CN,CN-11,Beijing,no,ZBNY,NAY,ZBNY,,,https://en.wikipedia.org/wiki/Beijing_Nanyuan_Airport,"Nanyuan Air Base, NAY, ZBNY"
300515,CN-0446,closed,Jining Qufu Airport,35.292778,116.346667,134,AS,CN,CN-37,Jining,yes,,,,,,https://en.wikipedia.org/wiki/Jining_Qufu_Airport,"JNG, ZSJG, ZLJN"
595025,CN-0447,heliport,China Mobile Building Heliport,22.54393,114.05872,,AS,CN,CN-44,Shenzhen (Futian),no,,,,,,,
595031,CN-0448,heliport,Allianz Tower Heliport,22.545155,114.058551,,AS,CN,CN-44,Shenzhen (Futian),no,,,,,,,
595083,CN-0449,heliport,Wailingding Heliport,22.09541,114.04812,243,AS,CN,CN-44,Zhuhai (Xiangzhou),no,,,,,,,
595084,CN-0450,heliport,Qixingwan Heliport,22.56597,114.5319,49,AS,CN,CN-44,Shenzhen (Longgang),no,,,,,,,
595087,CN-0451,heliport,Union Plaza Heliport,22.53236,114.06379,,AS,CN,CN-44,Shenzhen (Futian),no,,,,,,,
595088,CN-0452,heliport,Excellence Century Plaza Heliport,22.53489,114.05887,,AS,CN,CN-44,Shenzhen (Futian),no,,,,,,,
595089,CN-0453,heliport,Fortune Tower Heliport,22.53604,114.05881,,AS,CN,CN-44,Shenzhen (Futian),no,,,,,,,
595209,CN-0454,heliport,Dinghe Tower Heliport,22.53621,114.05757,,AS,CN,CN-44,Shenzhen (Futian),no,,,,,,,
595210,CN-0455,heliport,Shenzhen International Chamber of Commerce Heliport,22.53585,114.05188,,AS,CN,CN-44,Shenzhen (Futian),no,,,,,,,
595211,CN-0456,heliport,Times Square Excellence Heliport,22.53697,114.05186,,AS,CN,CN-44,Shenzhen (Futian),no,,,,,,,
595212,CN-0457,heliport,Information Hub Building Heliport,22.5381,114.05066,,AS,CN,CN-44,Shenzhen (Futian),no,,,,,,,
595213,CN-0458,heliport,Great China International Exchange Square Heliport,22.53909,114.05692,,AS,CN,CN-44,Shenzhen (Futian),no,,,,,,,
595214,CN-0459,heliport,Nord Center Heliport,22.54597,114.05855,,AS,CN,CN-44,Shenzhen (Futian),no,,,,,,,
595215,CN-0460,heliport,CGN Building Heliport,22.54404,114.06205,,AS,CN,CN-44,Shenzhen (Futian),no,,,,,,,
595216,CN-0461,heliport,Life Insurance Building Heliport,22.54895,114.05856,,AS,CN,CN-44,Shenzhen (Futian),no,,,,,,,
595217,CN-0462,heliport,Shangjiao Heliport,22.144835,113.703067,3,AS,CN,CN-44,Zhuhai (Xiangzhou),no,,,,,,,
595218,CN-0463,heliport,Beijian Dao Heliport,21.89608,114.03891,197,AS,CN,CN-44,Zhuhai (Xiangzhou),no,,,,,,,
595219,CN-0464,heliport,Huangmaozhou Heliport,21.82326,113.95749,174,AS,CN,CN-44,Zhuhai (Xiangzhou),no,,,,,,,
595220,CN-0465,heliport,Wanshan Heliport,21.93017,113.7255,16,AS,CN,CN-44,Zhuhai (Xiangzhou),no,,,,,,,
595221,CN-0466,heliport,Niulong Heliport,21.886534,113.267262,253,AS,CN,CN-44,Zhuhai (Jinwan),no,,,,,,,
595414,CN-0467,small_airport,Jingbian Haizetan Airport,37.76514,108.847615,4298,AS,CN,CN-61,Jingbian,no,,,,,,,靖边县
595620,CN-0468,heliport,Jiareke Heliport,31.58707,79.95375,15131,AS,CN,CN-54,Zanda,no,,,,,,,
595940,CN-0469,small_airport,Shuimen Airbase,26.941602,120.077384,,AS,CN,CN-35,Shuimen,no,,,,,,https://en.wikipedia.org/wiki/Shuimen_Air_Base,
595941,CN-0470,small_airport,Zhuzhou Lusong Airport,27.771768,113.207248,231,AS,CN,CN-43,Zhuzhou,no,,,,,,,
597654,CN-0471,small_airport,Hump Tongyong Aviation,30.846557,103.61043,2074,AS,CN,CN-51,Dujiangyan City Chengdu,no,,,,,,,
597727,CN-0472,small_airport,Rizhao City Lanshan General Airport,35.087326,119.300545,3,AS,CN,CN-37,Lanshan,no,,,,,,,Andongwei
597730,CN-0473,heliport,Jiande Hospital Heliport,29.345012,119.198245,177,AS,CN,CN-33,Hangzhou,no,,,,,,,
597737,CN-0474,heliport,Houma Army Heliport,35.663868,111.407621,1432,AS,CN,CN-14,Houma,no,,,,,,,
597937,CN-0475,closed,Xi'an Xiguan Airport,34.249,108.894999,,AS,CN,CN-61,,no,,,,,,https://en.wikipedia.org/wiki/Xi%27an_Xiguan_Airport,
598595,CN-0476,medium_airport,Bengbu Tenghu Airport,33.166292,117.058344,,AS,CN,CN-34,Bengbu,yes,ZSBA,BFY,ZSBA,,,https://en.wikipedia.org/wiki/Bengbu_Tenghu_Airport,蚌埠滕湖机场
598863,CN-0477,small_airport,Baoquanling General Airport,47.41079,130.61054,,AS,CN,CN-23,,no,,,,,,,
599310,CN-0478,small_airport,Urumqi Xishan Airport,43.772537,87.372819,3389,AS,CN,CN-65,Xishan Nongchang,no,,,,,,,西山农场
599958,CN-0479,small_airport,Neixiang Air Base,32.975237,111.884194,,AS,CN,CN-41,"Neixiang, Nanyang",no,,,,,,,
600622,CN-0480,closed,Yilan Airport,46.296667,129.584444,,AS,CN,CN-23,Yilan,no,,,,,,https://en.wikipedia.org/wiki/Yilan_Airport,"Yilan County, Yilan Airport, IATA YLN, ICAO ZYYL, ZYYL, YLN"
604287,CN-0481,medium_airport,[Duplicate] Beijing Xijiao Airport,39.958592,116.256765,164,AS,CN,CN-11,Beijing,no,ZBXJ,,,,,https://en.wikipedia.org/w/index.php?title=Beijing_Xijiao_Airport,"ZBXJ, Beijing Xijiao Airport"
604337,CN-0482,closed,Taiyuan Qinxian Airport,37.822252,112.560596,,AS,CN,CN-14,Taiyuan,no,,,,,,https://en.wikipedia.org/wiki/Taiyuan_Qinxian_Airport,
604338,CN-0483,closed,Taiyuan Guangshe/Chengbei Airport,37.93148,112.542604,,AS,CN,CN-14,Taiyuan,no,,,,,,https://en.wikipedia.org/wiki/Taiyuan_Guangshe_Airport,
604764,CN-0484,small_airport,Qingdao Laixi Dianbu General Airport,36.712222,120.361389,135,AS,CN,CN-37,,no,,,,,https://baike.baidu.com/item/%E8%8E%B1%E8%A5%BF%E5%BA%97%E5%9F%A0%E6%9C%BA%E5%9C%BA/58513985,https://zh.wikipedia.org/zh-hans/%E5%B1%B1%E4%B8%9C%E7%9C%81%E6%9C%BA%E5%9C%BA%E5%88%97%E8%A1%A8,
605830,CN-0485,small_airport,Dunhua 93246 Troop 75 Detachment Aerodrome,43.36647,128.1928,1762,AS,CN,CN-22,"Dunhua, Yanbian",no,,,,,,,ZJKPO
605831,CN-0486,small_airport,Ning'an Airfield,44.213198,129.383041,1130,AS,CN,CN-22,"Ning'an, Mudanjiang",no,,,,,,,
605835,CN-0487,small_airport,Dunhuang Mingshashan General Aviation Airport,40.09236,94.68204,3789,AS,CN,CN-62,Dunhuang,no,,,,,,,"Dunhuang Feitian, Yangjiaqiao, ZLAEZ, ZYAU"
605837,CN-0488,closed,Dunhuang Proving Ground Target Airfield,40.478423,93.508473,,AS,CN,CN-62,Dunhuang,no,,,,,,,
605838,CN-0489,small_airport,Dunhuang Yadan Airport,40.54683,93.11476,2831,AS,CN,CN-62,Dunhuang,no,,,,,,,
605842,CN-0490,heliport,Unit 96265 Heliport,41.697763,86.271257,3333,AS,CN,CN-65,Korla,no,,,,,,,
605843,CN-0491,heliport,Yuli Military Heliport 1,41.6464,86.33054,3586,AS,CN,CN-65,"Yuli, Bayingolin",no,,,,,,,
605844,CN-0492,heliport,Yuli Military Heliport 2,41.64744,86.34757,3594,AS,CN,CN-65,"Yuli, Bayingolin",no,,,,,,,
605845,CN-0493,heliport,Yuli Military Heliport 3,41.65526,86.34868,3743,AS,CN,CN-65,"Yuli, Bayingolin",no,,,,,,,
605846,CN-0494,heliport,Yuli Military Heliport 4,41.63213,86.37948,3750,AS,CN,CN-65,"Yuli, Bayingolin",no,,,,,,,
605847,CN-0495,heliport,Yuli Military Heliport 5,41.61619,86.44336,3894,AS,CN,CN-65,"Yuli, Bayingolin",no,,,,,,,
605863,CN-0496,closed,Bayingolin Luntai Airport (under construction),41.58622,84.28966,3074,AS,CN,CN-65,"Luntai, Bayingolin",no,,,,,,,ZWLT
605864,CN-0497,heliport,Kalpin Heliport,40.534928,78.986265,4019,AS,CN,CN-65,"Kalpin, Aksu",no,,,,,,,
605892,CN-0498,small_airport,Hebei Renqiu Bayangdian Airport,38.86119,116.084578,26,AS,CN,CN-13,Cangzhou (Renqiu),no,,,,,,,
605893,CN-0499,small_airport,Tangzhuang General Aviation Airport,35.438216,113.953289,397,AS,CN,CN-41,Xinxiang (Weihui),no,,,,,,,
605894,CN-0500,small_airport,Xinxiang Pingyuan Airport,35.238728,113.744239,250,AS,CN,CN-41,Xinxiang,no,,,,,,,
606039,CN-0501,medium_airport,Hancheng Heyang Airport,35.329133,110.3829,,AS,CN,CN-61,Zhiyang Town,no,,,,,https://centreforaviation.com/data/profiles/newairports/hancheng-heyang-airport,,
607048,CN-0502,heliport,Dulata Border Heliport,43.67436,80.6277,2507,AS,CN,CN-65,Ili (Qapqal),no,,,,,,,
607615,CN-0503,closed,Foshan Gaoming International Airport (Under construction),22.882068,112.574149,,AS,CN,CN-44,Foshan,no,,,,,,https://en.wikipedia.org/wiki/Foshan_Gaoming_International_Airport,"Pearl River Delta Airport, Foshan, Guangzhou New Airport"
609056,CN-0504,small_airport,Arun Banner Airport,48.352649,123.289846,873,AS,CN,CN-15,Hulunbuir,no,,,,,,,Arong
610002,CN-0505,closed,Yinchuan Xihuayuan Airport,38.501964,106.144544,3647,AS,CN,CN-64,Yinchuan,no,,,,,,https://en.wikipedia.org/wiki/Yinchuan_Xihuayuan_Airport,
610410,CN-0506,small_airport,金鸭子国际机场,33.649775,113.430748,50,AS,CN,CN-41,Pingdingshan,yes,,,,,,,平顶山
610586,CN-0507,closed,Kyirong Heliport,28.280928,85.377009,,AS,CN,CN-54,Xigazê (Kyirong),no,,,,,,,
611048,CN-0508,small_airport,Zhongxiang Airbase,31.10841,112.403043,,AS,CN,CN-13,,no,,,,,,,
611049,CN-0509,small_airport,Lihue Airbase,42.25388,125.70531,,AS,CN,CN-22,,no,,,,,,,
611050,CN-0510,small_airport,Nangangzi Airbase,43.815591,127.506242,,AS,CN,CN-22,,no,,,,,,,
611061,CN-0511,small_airport,Lu'an Airbase,31.627002,116.274662,,AS,CN,CN-34,,no,ZSLA,,,,,,
43974,CN-JNZ,medium_airport,Sanshilipu Air Base,39.289671,121.762195,,AS,CN,CN-21,Dalian (Jinzhou),no,,,,,,,Shilipu
336115,DEQ,small_airport,Deqing Moganshan Airport,30.504264,120.107388,,AS,CN,CN-33,Huzhou,no,,DEQ,,,,https://en.wikipedia.org/wiki/Deqing_Moganshan_Airport,
314559,EJN,small_airport,Ejin Banner Taolai Airport,42.0155,101.0005,3077,AS,CN,CN-15,Ejin Banner,no,ZBEN,EJN,ZBEN,,,https://en.wikipedia.org/wiki/Ejin_Banner_Taolai_Airport,
43341,FR-0001,heliport,Emile Muller Hospital Heliport,47.725328,7.344995,1081,EU,FR,FR-GES,Mulhouse,no,,,,,,,Centre Hospitalier De Moenchsberg Heliport
43342,FR-0002,heliport,Hautepierre Hospital Heliport,48.593357,7.704855,487,EU,FR,FR-GES,Strasbourg,no,,,,,,,
43343,FR-0003,heliport,Haguenau Hospital Heliport,48.797797,7.776888,530,EU,FR,FR-GES,Haguenau,no,,,,,,,Helisurface de Centre Hospitalier de Haguenau
43344,FR-0004,heliport,Ingwiller Hospital Heliport,48.872538,7.486496,659,EU,FR,FR-GES,"Ingwiller, Bas-Rhin",no,,,,,,,
43345,FR-0005,heliport,Sainte Catherine Hospital Heliport,48.745702,7.350851,672,EU,FR,FR-GES,Saverne,no,,,,,,,
43346,FR-0006,heliport,Graffenstaden Hospital Heliport,48.537178,7.721645,515,EU,FR,FR-GES,Illkirch-Graffenstaden,no,,,,,,,
43347,FR-0007,heliport,Louis Pasteur Colmar Hospital Heliport,48.073861,7.338105,660,EU,FR,FR-GES,Colmar,no,,,,,,,
43348,FR-0008,heliport,New City Hospital Heliport,48.575786,7.740673,540,EU,FR,FR-GES,Strasbourg,no,,,,,,,"NHC, Nouvelle Hôpital Civil"
350567,FR-0009,small_airport,Altisurface Notre-Dame-des-Neiges-Abbaye,44.601293,3.927773,3760,EU,FR,FR-ARA,Saint-Laurent-les-Bains,no,,,,LF0723,,,
43350,FR-0010,heliport,Castets Heliport,43.91666793823242,-1.1569440364837646,184,EU,FR,FR-NAQ,Dax,no,,,,,,,
43351,FR-0011,heliport,Bayonne Centre Hospitalier De La Côte Basque Heliport,43.482515,-1.479968,150,EU,FR,FR-NAQ,Bayonne,no,,,,,,,
43352,FR-0012,heliport,Arcachon Centre Hospitalier Heliport,44.6125,-1.113889,46,EU,FR,FR-NAQ,,no,,,,,,,
43353,FR-0013,heliport,Centre Hospitalier Heliport,43.712501525878906,-1.0402779579162598,31,EU,FR,FR-NAQ,Dax,no,,,,,,,
43354,FR-0014,heliport,Centre Hospitalier Heliport,43.893333435058594,-0.48611098527908325,197,EU,FR,FR-NAQ,Mont De Marsan,no,,,,,,,
43355,FR-0015,heliport,Centre Hospitalier Heliport,45.19175338745117,0.7315620183944702,502,EU,FR,FR-NAQ,Perigueux,no,,,,,,,
43356,FR-0016,heliport,Pau Centre Hospitalier Heliport,43.328056,-0.350833,709,EU,FR,FR-NAQ,Pau,no,,,,,,,
43357,FR-0017,heliport,Centre Hospitalier Heliport,43.19633865356445,-0.6160079836845398,758,EU,FR,FR-NAQ,Oloron Sainte Marie,no,,,,,,,
43358,FR-0018,heliport,Centre Hospitalier Saint Nicolas De Blay Heliport,45.135780334472656,-0.6595829725265503,81,EU,FR,FR-NAQ,Blaye,no,,,,,,,
43359,FR-0019,heliport,Clinique Du Medoc Heliport,45.30278778076172,-0.9378859996795654,30,EU,FR,FR-NAQ,Lesparre,no,,,,,,,
43360,FR-0020,small_airport,Escary Aramits Altiport,43.121208,-0.742491,1076,EU,FR,FR-NAQ,Aramits,no,,,,LF6428,,,
43361,FR-0021,closed,Aérodrome de Herm,43.821646,-1.103475,253,EU,FR,FR-NAQ,Dax,no,,,,,,,
43362,FR-0022,heliport,La Canéda Centre Hospitalier Heliport,44.90024948120117,1.2231240272521973,656,EU,FR,FR-NAQ,Sarlat,no,,,,,,,
43363,FR-0023,heliport,Le Huga Heliport,45.00694274902344,-1.164721965789795,52,EU,FR,FR-NAQ,Lacanau,no,,,,,,,
43364,FR-0024,heliport,Pellegrin Centre Hospitalier Heliport,44.82749938964844,-0.6044440269470215,344,EU,FR,FR-NAQ,Bordeaux,no,,,,,,,
43365,FR-0025,heliport,Pontonx Heliport,43.77777862548828,-0.9194440245628357,53,EU,FR,FR-NAQ,Dax,no,,,,,,,
43366,FR-0026,heliport,Relais De Margaux Heliport,45.052955627441406,-0.6622499823570251,7,EU,FR,FR-NAQ,Margaux,no,,,,,,,
43367,FR-0027,heliport,Robert Piqué Hôpital Militaire Heliport,44.79999923706055,-0.574167013168335,62,EU,FR,FR-NAQ,Bordeaux,no,,,,,,,
43368,FR-0028,heliport,Tinon Heliport,43.733333587646484,-1.1777780055999756,151,EU,FR,FR-NAQ,Dax,no,,,,,,,
43369,FR-0029,heliport,Centre Hospitalier Heliport,46.56666564941406,3.3333330154418945,686,EU,FR,FR-ARA,Moulins,no,,,,,,,
43370,FR-0030,heliport,Clermont-Ferrand University Gabriel-Monpied Hospital Heliport,45.756963,3.091822,1366,EU,FR,FR-ARA,"Clermont-Ferrand, Puy-de-Dôme",no,,,,,,,
43371,FR-0031,heliport,Sens Fire and Rescue Center Heliport,48.191991,3.306123,266,EU,FR,FR-BFC,"Sens, Yonne",no,,,,,,,
43372,FR-0032,heliport,CEA Study Center Heliport,47.584882,4.879574,1611,EU,FR,FR-BFC,"Salives, Côte-d'Or",no,,,,,,,
43373,FR-0033,closed,Troyes Hospital Heliport,48.277917,4.070177,407,EU,FR,FR-BFC,"Troyes, Aube",no,,,,,,,
43374,FR-0034,heliport,Auxerre Hospital Heliport,47.804155,3.557979,528,EU,FR,FR-BFC,"Auxerre, Yonne",no,,,,,,,Centre Hospitalier d’Auxerre
43375,FR-0035,heliport,Mâcon Hospital Heliport,46.31445,4.8123,727,EU,FR,FR-BFC,"Mâcon, Saône-et-Loire",no,,,,,,,
43376,FR-0036,heliport,Centre Hospitalier Heliport,46.981388092041016,3.1222219467163086,736,EU,FR,FR-BFC,Nevers,no,,,,,,,
43377,FR-0037,heliport,Châtillon-sur-Seine Hospital Heliport,47.862186,4.558043,792,EU,FR,FR-BFC,Châtillon-sur-Seine,no,,,,,,,
43378,FR-0038,heliport,Paray-le-Monial Hospital Heliport,46.46502,4.10967,824,EU,FR,FR-BFC,"Paray-le-Monial, Saône-et-Loire",no,,,,,,,
43379,FR-0039,heliport,Semur-en-Auxois Hospital Heliport,47.495699,4.344583,957,EU,FR,FR-BFC,"Semur-en-Auxois, Côte-d'Or",no,,,,,,,
43380,FR-0040,heliport,Centre Hospitalier Hotel Dieu Heliport,46.80500030517578,4.448888778686523,1180,EU,FR,FR-BFC,Le Creusot,no,,,,,,,
43381,FR-0041,heliport,Centre Hospitalier J. Bouveri Heliport,46.650001525878906,4.333889007568359,957,EU,FR,FR-BFC,Montceau Les Mines,no,,,,,,,
43382,FR-0042,closed,Dijon Regional Hospital Heliport,47.317223,5.026944,781,EU,FR,FR-BFC,"Dijon, Côte-d'Or",no,,,,,,,
43383,FR-0043,heliport,Chalon Sur Saone Centre Hospitalier W. Morey Heliport,46.777401,4.841688,665,EU,FR,FR-BFC,Chalons-Sur-Saone,no,,,,,,,
43384,FR-0044,heliport,Circuit Automobile de Nevers Magny-Cours Heliport,46.856388092041016,3.1541669368743896,751,EU,FR,FR-BFC,Magny Cours,no,,,,,,,
43385,FR-0045,heliport,Le Port Heliport,47.981175,3.386718,254,EU,FR,FR-BFC,"Joigny, Yonne",no,,,,,,,
43386,FR-0046,heliport,Amirauté Heliport,48.38055419921875,-4.491666793823242,8,EU,FR,FR-BRE,Brest,no,,,,,,,
43387,FR-0047,heliport,Scorff Hospital Heliport,47.753644,-3.356066,79,EU,FR,FR-BRE,Lorient,no,,,,,,,Bretagne Sud Centre Hospital Heliport
43388,FR-0048,heliport,Centre Hospitalier Heliport,48.63888931274414,-2.0083329677581787,26,EU,FR,FR-BRE,Saint-Malo,no,,,,,,,
43389,FR-0049,heliport,Centre Hospitalier Heliport,48.7227783203125,-3.465277910232544,92,EU,FR,FR-BRE,Lannion,no,,,,,,,
43390,FR-0050,heliport,Centre Hospitalier Heliport,48.4908332824707,-2.7511110305786133,354,EU,FR,FR-BRE,Saint-Brieuc,no,,,,,,,
43391,FR-0051,heliport,Vannes Centre Hospitalier Heliport,47.663917,-2.744672,39,EU,FR,FR-BRE,Vannes,no,,,,,,,
43392,FR-0052,heliport,Cornouailles Heliport,47.98527526855469,-4.096109867095947,177,EU,FR,FR-BRE,Quimper,no,,,,,,,
43393,FR-0053,heliport,La Cavale Blanche Centre Hospitalier Heliport,48.40353012084961,-4.529566764831543,121,EU,FR,FR-BRE,Brest,no,,,,,,,
43394,FR-0054,heliport,Mairie Heliport,48.20277786254883,-3.8205559253692627,495,EU,FR,FR-BRE,Chateauneuf Du Faou,no,,,,,,,
43395,FR-0055,heliport,Pont Chaillou Heliport,48.12305450439453,-1.6961109638214111,148,EU,FR,FR-BRE,Rennes,no,,,,,,,
43396,FR-0056,heliport,Centre Hospitalier de l'agglomeration Montargeoise Heliport,47.996665954589844,2.774444103240967,353,EU,FR,FR-CVL,Amilly,no,,,,,,,
43397,FR-0057,heliport,Centre Hospitalier Heliport,47.360557556152344,1.731943964958191,293,EU,FR,FR-CVL,Romorantin,no,,,,,,,
43398,FR-0058,heliport,Centre Hospitalier Heliport,47.60472106933594,1.3424999713897705,355,EU,FR,FR-CVL,Blois,no,,,,,,,
43399,FR-0059,heliport,Centre Hospitalier Heliport,47.08416748046875,2.4352779388427734,445,EU,FR,FR-CVL,Bourges,no,,,,,,,
43400,FR-0060,heliport,Victor Jousselin Hospital Heliport,48.727484,1.384667,451,EU,FR,FR-CVL,"Dreux, Yvelines",no,,,,,,,
43401,FR-0061,heliport,Centre Hospitalier Heliport,48.41999816894531,1.504721999168396,488,EU,FR,FR-CVL,Chartres,no,,,,,,,
43402,FR-0062,heliport,Châteauroux Hospital Heliport,46.798219,1.697225,558,EU,FR,FR-CVL,Châteauroux,no,,,,,,,
43403,FR-0063,heliport,Orléans Regional Hospital La Source Heliport,47.835355,1.919623,355,EU,FR,FR-CVL,"Orléans, Loiret",no,,,,,,,
43404,FR-0064,heliport,Tours Trousseau Centre Hospitalier Heliport,47.348888,0.709167,269,EU,FR,FR-CVL,Tours,no,,,,,,,
43405,FR-0065,heliport,Châlons-en-Champagne Hospital Heliport,48.973991,4.369338,304,EU,FR,FR-GES,Châlons-en-Champagne,no,,,,,,,
43406,FR-0066,heliport,Vitry-le-François Hospital Heliport,48.716584,4.602244,359,EU,FR,FR-GES,Vitry-le-François,no,,,,,,,
43407,FR-0067,heliport,Saint Dizier Hospital Heliport,48.654891,4.96497,528,EU,FR,FR-GES,Saint-Dizier,no,,,,,,,
43408,FR-0068,heliport,North Ardennes Intercommunal Hospital Heliport,49.762565,4.697744,579,EU,FR,FR-GES,Charleville-Mézières,no,,,,,,,"Centre Hospitalier Intercommunal Nord-Ardennes, Charleville-Mézières Central Hospital"
43409,FR-0069,heliport,Robert Debré Reims University Hospital Heliport,49.22578,4.018508,339,EU,FR,FR-GES,"Reims, Marne",no,,,,,,,"Hélisurface Centre Hospitalier Universitaire de Reims, Hôpital universitaire Robert-Debré"
43410,FR-0070,heliport,Centre Vinicole Heliport,49.0217,3.98011,466,EU,FR,FR-GES,"Chouilly, Marne",no,,,,,,,
43411,FR-0071,closed,Hôtel Florotel Heliport,48.725897,3.834196,341,EU,FR,FR-GES,"Linthes, Marne",no,,,,,,,
43412,FR-0072,heliport,Hostellerie Briqueterie Heliport,49.00763,3.90595,328,EU,FR,FR-GES,"Vinay, Marne",no,,,,,,,
43413,FR-0073,closed,Laboratoires Boehringer Heliport,49.27516,4.011615,253,EU,FR,FR-GES,"Reims, Marne",no,,,,,,,
43414,FR-0074,closed,Travaux Aeriens Bouquemont Heliport,48.850834,3.967722,483,EU,FR,FR-GES,"Val-des-Marais, Marne",no,,,,,,,
43415,FR-0075,heliport,Lons-le-Saunier Hospital Heliport,46.677314,5.548193,896,EU,FR,FR-BFC,"Lons-le-Saunier, Jura",no,,,,,,,Centre Hospitalier de Lons le Saunier Heliport
43416,FR-0076,heliport,Louis Pasteur General Hospital Heliport,47.083218,5.472643,870,EU,FR,FR-BFC,"Dole, Jura",no,,,,,,,
43417,FR-0077,heliport,Pontarlier Hospital Heliport,46.900693,6.359739,2766,EU,FR,FR-BFC,"Pontarlier, Doubs",no,,,,,,,
43418,FR-0078,heliport,Hôpital Jean Minjoz Heliport,47.225833892822266,5.96416711807251,934,EU,FR,FR-BFC,Besancon,no,,,,,,,
43419,FR-0079,heliport,François Quesnay Hospital Heliport,48.999036,1.674934,92,EU,FR,FR-IDF,"Mantes-la-Jolie, Yvelines",no,,,,,,,Centre Hospitalier François Quesnay
43420,FR-0080,heliport,Poissy Hospital Heliport,48.917589,2.022976,233,EU,FR,FR-IDF,"Poissy, Yvelines",no,,,,,,,
43421,FR-0081,closed,Gilles de Corbeil Hospital Heliport,48.595482,2.481174,255,EU,FR,FR-IDF,"Corbeil-Essonnes, Essonne",no,,,,,,,
43422,FR-0082,heliport,Henri Mondor University Hospital Heliport,48.798751,2.453492,160,EU,FR,FR-IDF,"Créteil, Val-de-Marne",no,,,,,,,
43423,FR-0083,heliport,Robert Ballanger Intercommunal Hospital Heliport,48.95461,2.521094,190,EU,FR,FR-IDF,"Aulnay-sous-Bois, Seine-Saint-Denis",no,,,,,,,Centre Hospitalier Intercommunal Robert Ballanger Heliport
43424,FR-0084,heliport,La Pitié Salpétrière Hospital Heliport,48.837142,2.361358,255,EU,FR,FR-IDF,Paris,no,,,,,,,"Centre Hospitalier La Pitié Salpétrière Heliport, 5th arrondissement"
43425,FR-0085,heliport,Lariboisière Hospital Heliport,48.88262,2.354472,262,EU,FR,FR-IDF,Paris,no,,,,,,,"Centre Hospitalier Lariboisière Heliport, 10th arrondissement"
43426,FR-0086,heliport,René Dubos Hospital Heliport,49.066825,2.096429,266,EU,FR,FR-IDF,"Pontoise, Val-d'Oise",no,,,,,,,Centre Hospitalier René Dubos Heliport
43427,FR-0087,heliport,Flins Heliport,48.97903,1.84782,82,EU,FR,FR-IDF,"Flins-sur-Seine, Yvelines",no,,,,,,,
43428,FR-0088,heliport,Percy Army Training Hospital Heliport,48.814283,2.253921,333,EU,FR,FR-IDF,"Clamart, Hauts-de-Seine",no,,,,,,,
43429,FR-0089,heliport,Raymond Poincaré Hospital Heliport,48.83933,2.170367,446,EU,FR,FR-IDF,"Garches, Hauts-de-Seine",no,,,,,,,Hôpital Raymond Poincaré
43430,FR-0090,heliport,Les Sangliers Heliport,48.78354,2.071123,518,EU,FR,FR-IDF,"Guyancourt, Yvelines",no,,,,,,,
43431,FR-0091,heliport,Saint-Ouen-l'Aumône Heliport,49.057787,2.14487,135,EU,FR,FR-IDF,"Saint-Ouen-l'Aumône, Val-d'Oise",no,,,,,,,
43432,FR-0092,heliport,Toussus-le-Noble Heliport,48.74954,2.103994,538,EU,FR,FR-IDF,"Toussus-le-Noble, Yvelines",no,,,,,,,
43433,FR-0093,heliport,Centre Medical du Cap Peyrefite  Heliport,42.45888900756836,3.1600000858306885,50,EU,FR,FR-OCC,Cerbere,no,,,,,,,
43434,FR-0094,heliport,Gayraud Centre Hospitalier Heliport,43.19111251831055,2.341110944747925,475,EU,FR,FR-OCC,Carcassonne,no,,,,,,,
43435,FR-0095,heliport,Hôpital Montimaran Heliport,43.34138870239258,3.255000114440918,176,EU,FR,FR-OCC,Beziers,no,,,,,,,
43436,FR-0096,heliport,Le Corum Heliport,43.613609313964844,3.8822219371795654,176,EU,FR,FR-OCC,Montpellier,no,,,,,,,
43437,FR-0097,heliport,Montpellier CHU Heliport,43.630001,3.849722,150,EU,FR,FR-OCC,Montpellier,no,,,,,,,
43438,FR-0098,small_airport,Narbonne Airfield,43.194168,3.051667,10,EU,FR,FR-OCC,"Narbonne, Aude",no,LFNN,,LFNN,,,https://fr.wikipedia.org/wiki/A%C3%A9rodrome_de_Narbonne-Vinassan,
43439,FR-0099,heliport,Narbonne St Crescent Centre Hospitalier Heliport,43.172791,2.994568,30,EU,FR,FR-OCC,Narbonne,no,,,,,,,
43440,FR-0100,heliport,Centre Hospitalier La Perche Heliport,45.516387939453125,1.20305597782135,1178,EU,FR,FR-NAQ,Saint-Yrieix,no,,,,,,,
43441,FR-0101,heliport,Brive-La Gaillarde Centre Hospitalier Heliport,45.1702766418457,1.5341670513153076,522,EU,FR,FR-NAQ,Brive-La Gaillarde,no,,,,,,,
43442,FR-0102,heliport,Centre Hospitalier Heliport,45.266666412353516,1.7666670083999634,794,EU,FR,FR-NAQ,Tulle,no,,,,,,,
43443,FR-0103,heliport,Centre Hospitalier Heliport,45.81388854980469,1.2377779483795166,899,EU,FR,FR-NAQ,Limoges,no,,,,,,,
43444,FR-0104,heliport,Centre Hospitalier Heliport,45.95500183105469,1.7513890266418457,1476,EU,FR,FR-NAQ,Bourganeuf,no,,,,,,,
43445,FR-0105,heliport,Centre Hospitalier Heliport,45.54277801513672,2.3122220039367676,2148,EU,FR,FR-NAQ,Ussel,no,,,,,,,
43446,FR-0106,heliport,Centre Médical Heliport,46.133331298828125,1.8833329677581787,1542,EU,FR,FR-NAQ,Saint-Feyre,no,,,,,,,
43447,FR-0107,heliport,Château Castel Novel Heliport,45.18333435058594,1.4500000476837158,344,EU,FR,FR-NAQ,Varetz,no,,,,,,,
43448,FR-0108,heliport,Chateau De Saint Maixant Heliport,45.99361038208008,2.2088890075683594,26,EU,FR,FR-NAQ,Saint Maixant,no,,,,,,,
43449,FR-0109,heliport,Nancy University Regional Hospital Brabois Heliport,48.644688,6.15149,1335,EU,FR,FR-GES,"Vandœuvre-lès-Nancy, Meurthe-et-Moselle",no,,,,,,,
43450,FR-0110,closed,Dommartin-lès-Toul Hospital Heliport,48.670708,5.929311,755,EU,FR,FR-GES,"Dommartin-lès-Toul, Meurthe-et-Moselle",no,,,,,,,
43451,FR-0111,heliport,Saint-Avoid Hospital Heliport,49.112131,6.721771,854,EU,FR,FR-GES,Saint-Avold,no,,,,,,,
43452,FR-0112,heliport,Mont Saint Martin Hospital Heliport,49.531286,5.785929,875,EU,FR,FR-GES,Longwy. Meurthe-et-Moselle,no,,,,,,,
43453,FR-0113,heliport,Nancy University Regional Hospital Heliport,48.685323,6.192464,749,EU,FR,FR-GES,"Nancy, Meurthe-et-Moselle",no,,,,,,,
43454,FR-0114,heliport,Metz-Thionville Mercy Hospital Heliport,49.083662,6.241522,722,EU,FR,FR-GES,Metz,no,,,,,,,
43455,FR-0115,heliport,Prechac Heliport,42.999939,-0.079361,2087,EU,FR,FR-OCC,Ayros,no,,,,,,,
43456,FR-0116,heliport,Centre Hospitalier Heliport,43.63138961791992,0.5733330249786377,597,EU,FR,FR-OCC,Auch,no,,,,,,,
43457,FR-0117,heliport,Centre Hospitalier Heliport,43.60388946533203,2.2391669750213623,642,EU,FR,FR-OCC,Castres,no,,,,,,,
43458,FR-0118,heliport,Centre Hospitalier Heliport,42.95277786254883,1.611111044883728,1476,EU,FR,FR-OCC,Foix,no,,,,,,,
43459,FR-0119,heliport,Centre Hospitalier Heliport,44.358890533447266,2.5519440174102783,1951,EU,FR,FR-OCC,Rodez Bourran,no,,,,,,,
43460,FR-0120,heliport,Centre Hospitalier Intercommunal du Val d'Ariege Heliport,43.02527618408203,1.6174999475479126,1151,EU,FR,FR-OCC,Foix,no,,,,,,,
43461,FR-0121,heliport,Toulouse University Purpan Hospital Heliport,43.61328,1.40008,531,EU,FR,FR-OCC,"Toulouse, Haute-Garonne",no,,,,,,,CHU Purpan
43462,FR-0122,heliport,Renneville Heliport,43.3738899230957,1.7255560159683228,623,EU,FR,FR-OCC,Renneville,no,,,,,,,
43463,FR-0123,heliport,Toulouse Rangueil Pech David Heliport,43.5613899230957,1.4486110210418701,793,EU,FR,FR-OCC,Toulouse Rangueil Pech David,no,,,,,,,
43464,FR-0124,heliport,Boulogne-sur-Mer Hospital Heliport,50.722951,1.62887,279,EU,FR,FR-HDF,"Boulogne-sur-Mer, Pas-de-Calais",no,,,,,,,
43465,FR-0125,heliport,Centre Hospitalier Heliport,50.418331146240234,1.5641670227050781,42,EU,FR,FR-HDF,Berck-Sur-Mer,no,,,,,,,
43466,FR-0126,heliport,Dunkerque Hospital Heliport,51.037441,2.396763,55,EU,FR,FR-HDF,Dunkerque,no,,,,,,,Hélisurface du Centre Hospitalier de Dunkerque
43467,FR-0127,heliport,Centre Hospitalier Heliport,50.41444396972656,1.6630560159683228,152,EU,FR,FR-HDF,Rang Du Fliers,no,,,,,,,
43468,FR-0128,heliport,Saint-Omer Regional Hospital Heliport,50.70344,2.254976,276,EU,FR,FR-HDF,"Helfaut, Pas-de-Calais",no,,,,,,,Hélisurface du Centre Hospitalier Région de Saint-Omer
43469,FR-0129,heliport,Lille University Hospital Heliport,50.604229,3.035074,89,EU,FR,FR-HDF,"Lille, Nord",no,,,,,,,
43470,FR-0130,heliport,Coquelles Eurotunnel Heliport,50.91805648803711,1.7949999570846558,31,EU,FR,FR-HDF,Coquelles,no,,,,,,,
43471,FR-0131,heliport,Ternois Polyclinic Heliport,50.387774,2.335425,417,EU,FR,FR-HDF,"Saint-Pol-sur-Ternoise, Pas-de-Calais",no,,,,,,,Polyclinique du Ternois
43472,FR-0132,heliport,Bois-Bernard Private Hospital Heliport,50.375331,2.909626,203,EU,FR,FR-HDF,"Bois-Bernard, Pas-de-Calais",no,,,,,,,
43473,FR-0133,heliport,Renault Factory Douai Heliport,50.361621,3.036579,95,EU,FR,FR-HDF,"Douai, Nord",no,,,,,,,
43474,FR-0134,heliport,Arsenal-Premar Heliport,49.65388870239258,-1.6399999856948853,26,EU,FR,FR-NOR,Cherbourg,no,,,,,,,
43475,FR-0135,heliport,Avranches Heliport,48.69471,-1.351002,36,EU,FR,FR-NOR,Avranches,no,,,,,,,
43476,FR-0136,heliport,Caen Centre Hospitalier Heliport,49.203436,-0.35778,283,EU,FR,FR-NOR,Caen,no,,,,,,,
43477,FR-0137,heliport,Centre Hospitalier Heliport,49.63888931274414,-1.611111044883728,62,EU,FR,FR-NOR,Cherbourg,no,,,,,,,
43478,FR-0138,heliport,Centre Hospitalier Heliport,49.041236877441406,-1.44343900680542,128,EU,FR,FR-NOR,Coutances,no,,,,,,,
43479,FR-0139,heliport,Centre Hospitalier Heliport,48.424231,0.082483,435,EU,FR,FR-NOR,Alencon,no,,,,,,,
43480,FR-0140,heliport,Centre Hospitalier Heliport,48.746665954589844,-0.017777999863028526,596,EU,FR,FR-NOR,Argentan,no,,,,,,,
43481,FR-0141,heliport,L'Aigle Hospital Heliport,48.766875,0.6101,764,EU,FR,FR-NOR,"L'Aigle, Orne",no,,,,,,,
43482,FR-0142,heliport,Jacques Monod Hospital Heliport,48.74947,-0.53896,167,EU,FR,FR-NOR,Flers,no,,,,,,,
43483,FR-0143,heliport,Crossma Heliport,49.685123443603516,-1.9099539518356323,482,EU,FR,FR-NOR,Jobourg,no,,,,,,,
43484,FR-0144,heliport,Donville-Les-Bains Heliport,48.8663330078125,-1.5757219791412354,33,EU,FR,FR-NOR,Donville-Les-Bains,no,,,,,,,
43485,FR-0145,heliport,Flamanville Heliport,49.533355712890625,-1.8817059993743896,269,EU,FR,FR-NOR,Flamanville,no,,,,,,,
43486,FR-0146,heliport,Hôpital de Saint-Lo Heliport,49.10527801513672,-1.1061110496520996,131,EU,FR,FR-NOR,Saint-Lo,no,,,,,,,
43487,FR-0147,heliport,La Ferme Saint Siméon Heliport,49.424686431884766,0.22359499335289001,102,EU,FR,FR-NOR,Honfleur,no,,,,,,,
43488,FR-0148,heliport,Casino Heliport,49.599998474121094,1.5333329439163208,492,EU,FR,FR-NOR,Forges Les Eaux,no,,,,,,,
43489,FR-0149,heliport,Center Parc Heliport,48.724998474121094,0.8361110091209412,643,EU,FR,FR-NOR,Verneuil,no,,,,,,,
43490,FR-0150,heliport,Centrale Nucléaire Heliport,49.85359191894531,0.6312599778175354,305,EU,FR,FR-NOR,Paluel,no,,,,,,,
43491,FR-0151,heliport,Centrale Nucléaire Heliport,49.97222137451172,1.2138890027999878,322,EU,FR,FR-NOR,Penly,no,,,,,,,
43492,FR-0152,heliport,Centre Hospitalier de Verneuil Heliport,48.74444580078125,0.8916670083999634,597,EU,FR,FR-NOR,Verneuil Sur Avre,no,,,,,,,
43493,FR-0153,heliport,Centre Hospitalier Heliport,49.44060134887695,1.111109972000122,145,EU,FR,FR-NOR,Rouen,no,,,,,,,
43494,FR-0154,heliport,Centre Hospitalier Heliport,49.74305725097656,0.38555601239204407,318,EU,FR,FR-NOR,Fecamp,no,,,,,,,
43495,FR-0155,heliport,Grand Couronne Heliport,49.3502311706543,0.9805819988250732,16,EU,FR,FR-NOR,Rouen,no,,,,,,,
43496,FR-0156,heliport,Hopital Jacques Monod Heliport,49.524723052978516,0.18472200632095337,40,EU,FR,FR-NOR,Le Havre,no,,,,,,,
43497,FR-0157,heliport,Usine Renault Heliport,49.47666549682617,0.30250000953674316,17,EU,FR,FR-NOR,Sandouville,no,,,,,,,
506406,FR-0158,small_airport,Bournizeaux Airfield,46.88053,-0.28448,430,EU,FR,FR-NAQ,,no,,,,,https://www.bournizeaux.com/pilot-info/,,"PPR, Private"
43499,FR-0159,heliport,Centre Hospitalier Cholet Heliport,47.04222106933594,-0.8958330154418945,351,EU,FR,FR-PDL,Cholet,no,,,,,,,
43500,FR-0160,heliport,Saint Nazaire Centre Hospitalier Heliport,47.267338,-2.256591,169,EU,FR,FR-PDL,Saint-Nazaire,no,,,,,,,
43501,FR-0161,heliport,Angers Centre Hospitalier Heliport,47.486111,-0.554167,138,EU,FR,FR-PDL,Angers,no,,,,,,,
43502,FR-0162,heliport,Centre Hospitalier Heliport,47.24555587768555,-0.05944399908185005,272,EU,FR,FR-PDL,Saumur,no,,,,,,,
43503,FR-0163,heliport,Centre Hospitalier Heliport,48.06666564941406,-0.7833330035209656,279,EU,FR,FR-PDL,Laval,no,,,,,,,
43504,FR-0164,heliport,Challans Heliport,46.853729248046875,-1.8305690288543701,130,EU,FR,FR-PDL,Challans,no,,,,,,,
43505,FR-0165,heliport,Ile D'Yeu Port Joinville Heliport,46.72833,-2.350677,10,EU,FR,FR-PDL,Port Joinville (Ile D'Yeu),yes,,,,,,,
43506,FR-0166,heliport,Quai Moncousu Heliport,47.20897674560547,-1.5534069538116455,77,EU,FR,FR-PDL,Nantes,no,,,,,,,
43507,FR-0167,heliport,Camas Heliport,49.732176,3.214097,220,EU,FR,FR-HDF,"Jussy, Aisne",no,,,,,,,
43508,FR-0168,heliport,Abbeville Medical Center Heliport,50.101535,1.831298,82,EU,FR,FR-HDF,Abbeville,no,,,,,,,
43509,FR-0169,heliport,Centre Hospitalier Heliport,49.38972091674805,2.79555606842041,108,EU,FR,FR-HDF,Compiegne,no,,,,,,,
43510,FR-0170,heliport,Soissons Hospital Heliport,49.369323,3.331053,172,EU,FR,FR-HDF,"Soissons, Aisne",no,,,,,,,
43511,FR-0171,heliport,Chauny Hospital Heliport,49.625405,3.236193,180,EU,FR,FR-HDF,"Chauny, Aisne",no,,,,,,,
43512,FR-0172,heliport,Doullens Hospital Heliport,50.152798,2.353052,236,EU,FR,FR-HDF,"Doullens, Somme",no,,,,,,,Centre Hospitalier de Doullens
43513,FR-0173,heliport,Centre Hospitalier Laënnec Heliport,49.247222900390625,2.4580559730529785,238,EU,FR,FR-HDF,Creil,no,,,,,,,
43514,FR-0174,heliport,Amiens South Hospital Heliport,49.876038,2.257489,250,EU,FR,FR-HDF,"Amiens, Somme",no,,,,,,,
43515,FR-0175,heliport,Centre Hospitalier De Poitiers Heliport,46.56055450439453,0.38277798891067505,400,EU,FR,FR-NAQ,Poitiers,no,,,,,,,
43516,FR-0176,heliport,Centre Hospitalier de Saintongues Heliport,45.747779846191406,-0.6549999713897705,135,EU,FR,FR-NAQ,Saintes,no,,,,,,,
43517,FR-0177,heliport,Centre Hospitalier Heliport,45.633331298828125,-1.0608329772949219,30,EU,FR,FR-NAQ,Royan,no,,,,,,,
43518,FR-0178,heliport,Centre Hospitalier Heliport,46.159000396728516,-1.142591953277588,49,EU,FR,FR-NAQ,La Rochelle,no,,,,,,,
43519,FR-0179,heliport,Centre Hospitalier Heliport,46.31611251831055,-0.45833298563957214,108,EU,FR,FR-NAQ,Niort,no,,,,,,,
43520,FR-0180,heliport,Centre Hospitalier Heliport,45.6341667175293,0.1177780032157898,151,EU,FR,FR-NAQ,Angouleme,no,,,,,,,
43521,FR-0181,heliport,Centre Hospitalier Heliport,46.83416748046875,0.5555559992790222,275,EU,FR,FR-NAQ,Chatellerault,no,,,,,,,
43522,FR-0182,seaplane_base,Berre/Marignane Seaplane Base,43.444635,5.209672,,EU,FR,FR-PAC,"Marignane, Bouches-du-Rhône",no,LFTB,,LFTB,,,,
331649,FR-0183,small_airport,Aérodrome de Monhoudou,48.2758993,0.3257194,,EU,FR,FR-PDL,,no,,,,,,,
43524,FR-0184,heliport,Martigues Rescue Center Heliport,43.422592,5.048081,136,EU,FR,FR-PAC,"Martigues, Bouches-du-Rhône",no,,,,,,,Centre de Secours Martigues Heliport
43525,FR-0185,heliport,Carpentras Hospital Heliport,44.046709,5.025673,285,EU,FR,FR-PAC,"Carpentras, Vaucluse",no,,,,,,,
43526,FR-0186,heliport,Avignon Hospital Heliport,43.92026,4.798974,69,EU,FR,FR-PAC,"Avignon, Vaucluse",no,,,,,,,
43527,FR-0187,heliport,Pays d'Aix Medical Center Heliport,43.534721,5.442222,728,EU,FR,FR-PAC,Aix-en-Provence,no,,,,,,,Heliport Centre Hospitalier du Pays d'Aix
43528,FR-0188,heliport,Centre Hospitalier Heliport,44.90638732910156,6.632778167724609,4372,EU,FR,FR-PAC,Briancon,no,,,,,,,
43529,FR-0189,heliport,Fréjus Saint Raphael Intercommunal Hospital Heliport,43.439746,6.751536,69,EU,FR,FR-PAC,"Fréjus, Var",no,,,,,,,Bonnet Hospital Heliport
43530,FR-0190,heliport,Grasse Hospital Heliport,43.619629,6.928874,552,EU,FR,FR-PAC,"Grasse, Alpes-Maritimes",no,,,,,,,Clavary
43531,FR-0191,heliport,Hyères Hospital Heliport,43.118728,6.111932,88,EU,FR,FR-PAC,"Hyères, Var",no,,,,,,,
43532,FR-0192,heliport,Gap Hospital Heliport,44.557004,6.073474,2490,EU,FR,FR-PAC,"Gap, Hautes-Alpes",no,,,,,,,
43533,FR-0193,heliport,Hôpital Jean Marcel Heliport,43.40305709838867,6.066389083862305,753,EU,FR,FR-PAC,Brignoles,no,,,,,,,
43534,FR-0194,heliport,L'Archet Hospital Heliport,43.697408,7.22613,608,EU,FR,FR-PAC,"Nice, Alpes-Maritimes",no,,,,,,,
43535,FR-0195,heliport,Marseille Hôpital La Timone Heliport,43.289846,5.402436,205,EU,FR,FR-PAC,Marseille,no,,,,,,,
43536,FR-0196,heliport,Hôpital Lenval Heliport,43.68944549560547,7.241666793823242,115,EU,FR,FR-PAC,Nice,no,,,,,,,
43537,FR-0197,heliport,Milhaud Heliport,43.113335,5.898056,3,EU,FR,FR-PAC,"Toulon, Var",no,,,,,,,
43538,FR-0198,heliport,Nord Heliport,43.38055419921875,5.364999771118164,613,EU,FR,FR-PAC,Marseille-Hôpital,no,,,,,,,
43539,FR-0199,heliport,Port Vauban Heliport,43.588212,7.132348,22,EU,FR,FR-PAC,"Antibes, Alpes-Maritimes",no,,,,,,,
43540,FR-0200,heliport,Cannes Quai du Large Helistation,43.545101,7.016882,10,EU,FR,FR-PAC,"Cannes, Alpes-Maritimes",no,,,LFTL,,,,
43541,FR-0201,heliport,Héli Sécurité Saint-Tropez Heliport,43.267798,6.551998,21,EU,FR,FR-PAC,"Grimaud, Var",no,,,,,,,SARL RCE
43542,FR-0202,heliport,Societe Europeenne de Propulsion Heliport,43.543888092041016,4.951943874359131,72,EU,FR,FR-PAC,Istres,no,,,,,,,
43543,FR-0203,heliport,Sophia Antépolis Heliport,43.622754,7.028391,772,EU,FR,FR-PAC,"Valbonne, Alpes-Maritimes",no,,,,,,,
43544,FR-0204,heliport,Toulon Sainte-Anne Army Teaching Hospital Heliport,43.133331,5.93,226,EU,FR,FR-PAC,"Toulon, Var",no,,,,,,,
43545,FR-0205,heliport,Zi Les Paluds Heliport,43.286667,5.603889,379,EU,FR,FR-PAC,Aubagne,no,,JAH,,,,,
43546,FR-0206,heliport,Centre de Secours de Courchevel Heliport,45.415000915527344,6.633056163787842,5799,EU,FR,FR-ARA,Courchevel,no,,,,,,,
43547,FR-0207,heliport,Centre Hospitalier Heliport,44.91444396972656,4.904167175292969,486,EU,FR,FR-ARA,Valence,no,,,,,,,
43548,FR-0208,heliport,Centre Hospitalier Heliport,45.04194259643555,5.021944046020508,526,EU,FR,FR-ARA,Romans,no,,,,,,,
43549,FR-0209,heliport,Centre Hospitalier Heliport,44.614166259765625,4.397500038146973,731,EU,FR,FR-ARA,Aubenas,no,,,,,,,
43550,FR-0210,heliport,Centre Hospitalier Heliport,46.00555419921875,4.693056106567383,765,EU,FR,FR-ARA,Villefranche,no,,,,,,,
43551,FR-0211,heliport,Centre Hospitalier Heliport,45.56416702270508,5.913332939147949,1047,EU,FR,FR-ARA,Chambery,no,,,,,,,
43552,FR-0212,heliport,Centre Hospitalier Heliport,45.6694450378418,6.368610858917236,1100,EU,FR,FR-ARA,Albertville,no,,,,,,,
43553,FR-0213,heliport,Centre Hospitalier Heliport,45.476112365722656,4.5155558586120605,1249,EU,FR,FR-ARA,Saint Chamond,no,,,,,,,
43554,FR-0214,heliport,Centre Hospitalier Heliport,45.241668701171875,4.665832996368408,1364,EU,FR,FR-ARA,Annonay,no,,,,,,,
43555,FR-0215,heliport,Centre Hospitalier Heliport,45.89555740356445,6.131667137145996,1591,EU,FR,FR-ARA,Annecy,no,,,,,,,
43556,FR-0216,heliport,Centre Hospitalier Heliport,45.483612060546875,6.535555839538574,1621,EU,FR,FR-ARA,Moutiers,no,,,,,,,
43557,FR-0217,heliport,Centre Hospitalier Heliport,45.934722900390625,6.641666889190674,1791,EU,FR,FR-ARA,Sallanches,no,,,,,,,
43558,FR-0218,heliport,Mont Blanc Regional Hospital Heliport,45.914241,6.862941,3399,EU,FR,FR-ARA,"Chamonix-Mont-Blanc, Haute-Savoie",no,,,,,,,Pays du Mont-Blanc
43559,FR-0219,heliport,Château De Pézay Heliport,46.13694381713867,4.701666831970215,764,EU,FR,FR-ARA,Saint Jean D'Ardieres,no,,,,,,,
43560,FR-0220,heliport,Clinique Pneumologique des rieux Heliport,44.358055114746094,5.149722099304199,1035,EU,FR,FR-ARA,Nyons,no,,,,,,,
43561,FR-0221,heliport,Croix de Lognan Heliport,45.96775,6.94023,6368,EU,FR,FR-ARA,"Chamonix-Mont-Blanc, Haute-Savoie",no,,,,,,,
43562,FR-0222,heliport,Crs Alpes Heliport,45.656944274902344,6.376111030578613,1084,EU,FR,FR-ARA,Albertville,no,,,,,,,
43563,FR-0223,heliport,Flaine-Ete Heliport,46.003334045410156,6.696667194366455,5299,EU,FR,FR-ARA,Flaine,no,,,,,,,
43564,FR-0224,heliport,Flaine-Hiver Heliport,46.00388717651367,6.690278053283691,5153,EU,FR,FR-ARA,Flaine,no,,,,,,,
43565,FR-0225,heliport,Grand Colombier Heliport,45.881504,5.757471,4716,EU,FR,FR-ARA,"Culoz-Béon, Ain",no,,,,,,,
43566,FR-0226,heliport,Hôpital Bellevue Heliport,45.4113883972168,4.391666889190674,1952,EU,FR,FR-ARA,Saint-Etienne,no,,,,,,,
43567,FR-0227,heliport,Lyon Edouard Herriot Hospital Heliport,45.743884,4.883003,658,EU,FR,FR-ARA,Lyon,no,,,,,,,Lyon Hôpital Edouard-Herriot Heliport
43568,FR-0228,heliport,Grenoble North University Hospital Heliport,45.200199,5.744192,716,EU,FR,FR-ARA,"Grenoble, Isère",no,,,,,,,CHU Nord de Grenoble Albert Michallon
43569,FR-0229,heliport,Hôtel Ariana Heliport,45.67388916015625,5.908888816833496,810,EU,FR,FR-ARA,Aix-Les-Bains,no,,,,,,,
43570,FR-0230,heliport,Hôtel Du Château Heliport,46.358055114746094,6.132500171661377,1678,EU,FR,FR-ARA,Divonne,no,,,,,,,
43571,FR-0231,heliport,Hôtel Georges Blanc Heliport,46.22083282470703,4.988889217376709,653,EU,FR,FR-ARA,Vonnas,no,,,,,,,
43572,FR-0232,heliport,Château de Faverges Hotel Heliport,45.589919,5.53705,1271,EU,FR,FR-ARA,"Faverges-de-la-Tour, Isère",no,,,,,,,
43573,FR-0233,heliport,Hôtel Royal Heliport,46.39666748046875,6.595555782318115,1540,EU,FR,FR-ARA,Evian-les-Bains,no,,,,,,,
43574,FR-0234,heliport,La Daille Heliport,45.45722198486328,6.967778205871582,5912,EU,FR,FR-ARA,Val D'Isere,no,,,,,,,
43575,FR-0235,heliport,Les Deux Alpes Heliport,45.024847,6.12114,5190,EU,FR,FR-ARA,"Les Deux Alpes, Isère",no,,,,,,,
43576,FR-0236,heliport,Magland Heliport,45.983333587646484,6.716667175292969,7546,EU,FR,FR-ARA,Magland,no,,,,,,,
43577,FR-0237,heliport,Malacussy Heliport,45.42416763305664,4.371388912200928,2148,EU,FR,FR-ARA,Saint-Etienne,no,,,,,,,
43578,FR-0238,heliport,Quartier-Reynies Heliport,45.099998474121094,5.683332920074463,722,EU,FR,FR-ARA,Varces,no,,,,,,,
43579,FR-0239,heliport,Refuge Du Requin Heliport,45.88472366333008,6.930555820465088,8255,EU,FR,FR-ARA,Chamonix,no,,,,,,,
43580,FR-0240,heliport,Relais Du Soleil Heliport,44.90972137451172,5.022500038146973,724,EU,FR,FR-ARA,Chabeuil,no,,,,,,,
43581,FR-0241,heliport,Remontées Mécaniques Heliport,46.14860916137695,6.581943988800049,4933,EU,FR,FR-ARA,Le Praz De Lys,no,,,,,,,
43582,FR-0242,small_airport,Saint-Rémy-de-Maurienne Airfield,45.376718,6.27692,1399,EU,FR,FR-ARA,"Saint-Rémy-de-Maurienne, Savoie",no,,,LFKR,,,https://fr.wikipedia.org/wiki/A%C3%A9rodrome_de_Saint-R%C3%A9my-de-Maurienne,Aérodrome de Saint-Rémy-de-Maurienne
43583,FR-0243,heliport,Gendarmerie and Civil Security Helicopter Base,45.93893,6.895783,3532,EU,FR,FR-ARA,"Chamonix-Mont-Blanc, Haute-Savoie",no,,,,,,,
43584,FR-0244,heliport,Societe des Eaux Minerales D'Evian Heliport,46.39083480834961,6.511943817138672,1271,EU,FR,FR-ARA,Amphion,no,,,,,,,
43585,FR-0245,heliport,Tête De Solaise Heliport,45.432777404785156,6.991666793823242,8366,EU,FR,FR-ARA,Val D'Isere,no,,,,,,,
43588,FR-0246,small_airport,Altisurface d'Aleu,42.900002,1.275,3445,EU,FR,FR-OCC,Aleu,no,,,,LF0921,,,
43589,FR-0247,small_airport,Artigues Altisurface,43.071944,-0.003333,2450,EU,FR,FR-OCC,Artigues,no,,,,LF6527,http://www.appm.fr/pages/page.html,,
43590,FR-0248,small_airport,Bacaneres Altiport,42.838229,0.658901,6532,EU,FR,FR-OCC,Gouaux-de-Luchon,no,,,,LF3138,,,
43591,FR-0249,small_airport,Altisurface de Balesta Nature,43.153646,0.995063,1394,EU,FR,FR-OCC,Roquefort-sur-Garonne,no,,,,LF3153,,,
43592,FR-0250,small_airport,Cabaliros Altiport,42.952496,-0.133166,5724,EU,FR,FR-OCC,D'Argeles Gazost,no,,,,LF6521,,,
43593,FR-0251,small_airport,Altisurface de Cap De Barres,42.864034,0.516347,5798,EU,FR,FR-OCC,Cirès,no,,,,LF3131,,,
43594,FR-0252,small_airport,Altisurface de Cap De Pouy,42.784721,0.545,5905,EU,FR,FR-OCC,Castillon-de-Larboust,no,,,,LF3132,,,
43595,FR-0253,small_airport,Altisurface de Castillon De La Laquette,42.895557,0.100556,5413,EU,FR,FR-OCC,Barèges,no,,,,LF6528,https://basulm.ffplum.fr/PDF/LF6528.pdf,,
43596,FR-0254,small_airport,Cipières Alpes d'Azur Ultralight Airfield,43.779447,6.865206,3789,EU,FR,FR-PAC,"Cipières, Alpes-Maritimes",no,,,,LF0652,,,
43597,FR-0255,small_airport,Clamensane Altisurface,44.314371,6.071514,2933,EU,FR,FR-PAC,"Clamensane, Alpes-de-Haute-Provence",no,,,,LF0421,,,Trois Fontaines
43598,FR-0256,closed,Altiport de la Croix Rosier,46.078056,4.547222,2461,EU,FR,FR-ARA,Claveisolles,no,,,,,,,"LF6921, LF6921"
43599,FR-0257,small_airport,Altisurface du Clos de Legua,42.654167,2.038889,7874,EU,FR,FR-OCC,Fontrabiouse,no,,,,LF6624,,,
43600,FR-0258,small_airport,Col de Belledonne Altiport,45.166948,5.986594,9186,EU,FR,FR-ARA,"Sainte-Agnès, Isère",no,,,,LF3821,,,Altiport du Col de Belledonne
43601,FR-0259,small_airport,Altiport du Col de Cenise,46.020832,6.45,5656,EU,FR,FR-ARA,Brison,no,,,,LF7421,,,
43602,FR-0260,closed,Col de la Fenêtre Altiport,45.35498,6.488339,7251,EU,FR,FR-ARA,"Les Belleville, Savoie",no,,,,,,,
43603,FR-0261,small_airport,Altiport du Col de la Marrano,42.662498,2.166667,6562,EU,FR,FR-OCC,Puyvalador,no,,,,LF6622,,,
43604,FR-0262,small_airport,Col de Sarenne Altiport,45.087521,6.145885,6496,EU,FR,FR-ARA,"Clavans-en-Haut-Oisans, Isère",no,,,,LF3825,,,Altiport du Col de Sarenne
43605,FR-0263,small_airport,Col du Béal Altiport,45.680777,3.789052,4823,EU,FR,FR-ARA,"Chalmazel-Jeansagnière, Loire",no,,,,LF4221,,,
43606,FR-0264,closed,Altiport de Col Saint Jean,44.413891,6.373056,6201,EU,FR,FR-PAC,Saint Jean,no,,,,,,,
43607,FR-0265,small_airport,Altisurface de Coste Del Palm,42.60833,2.011111,7710,EU,FR,FR-OCC,Formiguères,no,,,,LF6621,,,
43608,FR-0266,small_airport,Altisurface de Coumely,42.762501,0.022222,6562,EU,FR,FR-OCC,Gèdre,no,,,,LF6523,,,
43609,FR-0267,closed,Crete De Brouffiers Altiport,45.34111,5.886111,7251,EU,FR,FR-ARA,La Morte Alpe de Serre,no,,,,,,,
43610,FR-0268,small_airport,Dôme de la Lauze Altisurface,44.998611,6.245833,11647,EU,FR,FR-ARA,"La Grave, Hautes-Alpes",no,,,,LF3823,,,
43611,FR-0269,small_airport,Altisurface de Ferrère Batmale,42.888332,0.498889,5749,EU,FR,FR-OCC,Ferrère,no,,,,LF6524,,,
43612,FR-0270,small_airport,Glacier d'Argentière Altiport,45.941666,7,9350,EU,FR,FR-ARA,Chamonix,no,,,,LF7422,,,
43613,FR-0271,small_airport,Glacier de la Barbarate Altisurface,45.15927,6.141508,9869,EU,FR,FR-ARA,"Vaujany, Isère",no,,,,LF3824,,,Altisurface du Glacier de la Barbarate
43614,FR-0272,small_airport,Altisurface du Glacier de la Chiaupe,45.491669,6.775,10170,EU,FR,FR-ARA,Champagny,no,,,,,,,
43615,FR-0273,small_airport,Glacier de la Grande Motte Altiport,45.424999,6.894444,9564,EU,FR,FR-ARA,Tignes,no,,,,LF7324,,,Altiport du Glacier De La Grande Motte
43616,FR-0274,small_airport,Glacier de l'Étendard Altisurface,45.162498,6.166667,9514,EU,FR,FR-ARA,"Saint-Sorlin-d'Arves, Savoie",no,,,,LF7322,,,Altisurface du Glacier de l'Étendard
43617,FR-0275,small_airport,Glacier de Talèfre Altiport,45.908333,6.983333,9121,EU,FR,FR-ARA,Chamonix,no,,,,LF7423,,,
43618,FR-0276,small_airport,Altisurface du Glacier Du Dome Du Gouter,45.845833,6.85,13940,EU,FR,FR-ARA,Chamonix,no,,,,LF7424,,,
43619,FR-0277,small_airport,Altisurface du Glacier Du Tacul,45.891666,6.9375,7382,EU,FR,FR-ARA,Chamonix,no,,,,LF7425,,,
43620,FR-0278,small_airport,Glacier du Tour Altisurface,45.983033,6.99983,10170,EU,FR,FR-ARA,"Chamonix-Mont-Blanc, Haute-Savoie",no,,,,LF7426,,,
43621,FR-0279,small_airport,Glacier Lombard Altisurface,45.108334,6.322222,10695,EU,FR,FR-ARA,"La Grave, Hautes-Alpes",no,,,,LF0523,,,
43622,FR-0280,small_airport,Altisurface du Grand Terrus,44.422779,5.644167,2871,EU,FR,FR-PAC,Montclus,no,,,,LF0524,,,
43623,FR-0281,small_airport,Altisurface d'Hautacam,42.99387,-0.012569,5512,EU,FR,FR-OCC,Bordes,no,,,,LF6529,,,
43624,FR-0282,small_airport,Altisurface de l'Hippopotame,42.473988,2.049004,4921,EU,FR,FR-OCC,Saillagouse,no,,,,LF6625,,,
43625,FR-0283,small_airport,Altisurface de Honteyde,42.837223,0.502222,6234,EU,FR,FR-OCC,Cathervieille,no,,,,LF3133,,,
43626,FR-0284,small_airport,Isola 2000 Altisurface,44.172895,7.16296,7447,EU,FR,FR-PAC,"Saint-Sauveur-sur-Tinée, Alpes-Maritimes",no,,,,LF0621,,,
43627,FR-0285,closed,La Clusaz Altisurface,45.874129,6.42535,4954,EU,FR,FR-ARA,La Clusaz,no,,,,,,,Altisurface de La Clusaz
43628,FR-0286,small_airport,Altisurface de la Jasserie,45.389115,4.579091,4550,EU,FR,FR-ARA,La Jasserie,no,,,,LF4222,,,
43629,FR-0287,small_airport,Altisurface de la Plagne-Bouirex,42.866669,1.138333,5249,EU,FR,FR-OCC,Sentenac-d'Oust,no,,,,LF0924,,,"bouyrex, bouirex"
43630,FR-0288,small_airport,Notre-Dame-de-la-Salette Altisurface,44.841944,5.962778,5184,EU,FR,FR-ARA,"La Salette-Fallavaux, Isère",no,,,,LF3826,,,
43631,FR-0289,small_airport,La Serre d'Aulon Altiport,42.836109,0.272222,6562,EU,FR,FR-OCC,Aulon,no,,,,LF6525,,,
43632,FR-0290,small_airport,Altisurface de La Taillade,44.891666,2.956944,2913,EU,FR,FR-ARA,La Taillade,no,,,,,,,
43633,FR-0291,small_airport,La Tête Des Champs Altiport,47.916668,6.830556,3182,EU,FR,FR-GES,Le Ménil,no,,,,LF8821,,,
43634,FR-0292,closed,La Toussuire Altisurface,45.272221,6.266667,5413,EU,FR,FR-ARA,"Fontcouverte-la-Toussuire, Savoie",no,,,,,,,
43635,FR-0293,small_airport,La Tovière Altiport,45.465669,6.932395,7349,EU,FR,FR-ARA,Tignes,no,,,,LF7325,,,Altiport de la Tovière
43636,FR-0294,small_airport,Altisurface de l'Escoulin,44.816111,5.220278,2345,EU,FR,FR-ARA,L'Escoulin,no,,,,LF2624,https://www.afpm.fr/Terrains/Terrains_Montagne.php,,
43637,FR-0295,small_airport,Château de Montmeilleur Airfield,44.793799,5.764096,2789,EU,FR,FR-ARA,"Saint-Baudille-et-Pipet, Isère",no,,,LFKK,,,,Montmeilleur
43638,FR-0296,small_airport,Mont Llaret Pic d'Aude Altisurface,42.575001,2.038889,7628,EU,FR,FR-OCC,Les Angles,no,,,,LF6623,,,
43639,FR-0297,small_airport,Mont Llaret Roc d'Aude Airfield,42.580555,2.025,7710,EU,FR,FR-OCC,Les Angles,no,,,,LF6626,,,
43640,FR-0298,small_airport,Altisurface de Morzine-Avoriaz,46.196667,6.759722,5709,EU,FR,FR-ARA,Avoriaz,no,,,,LF7427,,,
43641,FR-0299,small_airport,Pene De Soulit Altisurface,42.793056,0.4625,6365,EU,FR,FR-OCC,Garin,no,,,,LF3129,,,
43642,FR-0300,small_airport,Altiport du Plateau de la Calme,42.530556,2.004167,6988,EU,FR,FR-OCC,Font Romeu-Odeillo,no,,,,LF6627,,,
43643,FR-0301,small_airport,Pointe de l'Ouillon Altisurface,45.241166,6.216524,7808,EU,FR,FR-ARA,"Saint-Sorlin-d'Arves, Savoie",no,,,,,,,Altisurface de la Pointe de l'Ouillon
43644,FR-0302,small_airport,Saint-Jean-d'Arves Altisurface,45.189711,6.252546,5958,EU,FR,FR-ARA,"Saint-Jean-d'Arves, Savoie",no,,,,LF7331,,,"LFTU, Praz Sauge et Pré Vernay"
43645,FR-0303,small_airport,Altisurface des Quatre Veziaux - La Hourquette d'Ancizan,42.898532,0.297144,5643,EU,FR,FR-OCC,Ancizan,no,,,,LF6526,,,
43646,FR-0304,small_airport,Saint-Roch Mayères Altisurface,45.94923,6.587126,5118,EU,FR,FR-ARA,Sallanches,no,,,,LF7430,,,
43647,FR-0305,small_airport,Thorame-Haute Chamatte Altisurface,44.139721,6.548333,6827,EU,FR,FR-PAC,"Thorame-Haute, Alpes-de-Haute-Provence",no,,,,LF0458,,,
43649,FR-0306,small_airport,Thorame-Haute Les Serres Altisurface,44.123055,6.56,6129,EU,FR,FR-PAC,"Thorame-Haute, Alpes-de-Haute-Provence",no,,,,LF0426,,,La Mangeoï
43650,FR-0307,small_airport,Thorame-Haute Les Serres Altisurface (2),44.115002,6.538611,6398,EU,FR,FR-PAC,"Thorame-Haute, Alpes-de-Haute-Provence",no,,,,LF0434,,,La Buissiere
43651,FR-0308,small_airport,Altisurface Uls,42.851944,0.848889,6562,EU,FR,FR-OCC,Melles,no,,,,LF3130,,,
43652,FR-0309,small_airport,Val Thorens Altiport,45.281685,6.569465,8100,EU,FR,FR-ARA,"Les Belleville, Savoie",no,,,,LF7327,,,
43653,FR-0310,small_airport,Valloire-Bonnenuit Altisurface,45.121079,6.41871,5600,EU,FR,FR-ARA,"Valloire, Savoie",no,,,,LF7332,https://www.aeroclub-de-valloire.com/,,
43654,FR-0311,small_airport,Altisurface de Valmorel,45.455,6.41306,6050,EU,FR,FR-ARA,Les Avanchers,no,,,,LF7328,,,
43655,FR-0312,small_airport,Altiport de Vaugellaz,45.607224,6.709722,6627,EU,FR,FR-ARA,Les Chapelles,no,,,,LF7329,,,
43656,FR-0313,small_airport,Col du Palet Altiport,45.450452,6.882602,8005,EU,FR,FR-ARA,Tignes,no,,,,LF7333,,,Altisurface vers le Col du Palet
308839,FR-0315,heliport,Amiens-Picardy University Hospital North Heliport,49.906744,2.295928,162,EU,FR,FR-HDF,"Amiens, Somme",no,,,,,,,Centre Hospitalier Universitaire d'Amiens-Picardie Site Nord
308840,FR-0316,heliport,Simone Veil Beauvais Hospital Heliport,49.449339,2.068497,301,EU,FR,FR-HDF,Beauvais,no,,,,,,,
308842,FR-0317,heliport,South Île-de-France Hospital Heliport,48.620279,2.457238,256,EU,FR,FR-IDF,"Corbeil-Essonnes, Essonne",no,,,,,,,Centre Hospitalier Sud Francilien
308845,FR-0318,heliport,Bicêtre Hospital Heliport,48.809506,2.35622,269,EU,FR,FR-IDF,"Le Kremlin-Bicêtre, Val-de-Marne",no,,,,,,,
308847,FR-0319,heliport,Hôtel La Coquillade Heliport,43.880125,5.319045,818,EU,FR,FR-PAC,Perrotet,no,,,,,,,
308849,FR-0320,small_airport,Luçon - Chasnais Aerodrome,46.461913,-1.241447,20,EU,FR,FR-PDL,Luçon,no,,,,LF8523,https://www.atlanticairpark.com/,,Atlantic Air Park
333576,FR-0321,small_airport,Mens Altiport,44.804998,5.754122,2800,EU,FR,FR-ARA,"Mens, Isère",no,,,,LF3828,,,
315458,FR-0322,small_airport,Col de Lèques Airfield,43.86661,6.463966,3793,EU,FR,FR-PAC,"Castellane, Alpes-de-Haute-Provence",no,,,,,,,
315461,FR-0323,small_airport,Mont sur Meurthe Airfield,48.543823,6.441912,814,EU,FR,FR-GES,,no,,,,LF5421,,,
315606,FR-0324,small_airport,Verchocq Airpark,50.541124,2.033945,574,EU,FR,FR-HDF,Verchocq,no,,,,LF6252,http://www.aero-delahaye.com,,Aero Delahaye
315629,FR-0325,closed,Aire-sur-la-Lys Airfield,50.622813,2.414846,75,EU,FR,FR-HDF,"Aire-sur-la-Lys, Pas-de-Calais",no,,,,,,,LF6222
315736,FR-0326,small_airport,Saint Maurice Ultralight Airfield,45.96559,0.739478,755,EU,FR,FR-NAQ,"Saint-Maurice-des-Lions, Charente",no,,,,LF1627,,,Base ULM de Saint Maurice
315954,FR-0327,small_airport,Crottet-Le Bief Ultralight Airfield,46.284929,4.885957,597,EU,FR,FR-ARA,"Crottet, Ain",no,,,,LF0152,http://www.clubulmcrottet.sitew.fr/,,
315955,FR-0328,small_airport,La Flamengrie ULM,50.00025,3.94482,699,EU,FR,FR-HDF,La Flamengrie,no,,,,LF0258,,,Base ULM de La Flamengrie
315956,FR-0329,small_airport,Ulmodrome de Limoux,43.05666,2.22633,660,EU,FR,FR-OCC,Limoux,no,,,,LF1153,,,
315957,FR-0330,small_airport,Kerfot Ultralight Airfield,48.723882,-3.027055,308,EU,FR,FR-BRE,"Kerfot, Côtes-d'Armor",no,,,,LF2221,https://sites.google.com/view/club-ulm-la-paimpolaise/accueil?pli=1,,
315958,FR-0331,small_airport,Javerlhac Ultralight Airfield,45.553817,0.5585,633,EU,FR,FR-NAQ,"Javerlhac-et-la-Chapelle-Saint-Robert, Dordogne",no,,,,LF2428,,,Base ULM de Javerlhac
315959,FR-0332,small_airport,Fournet ULM,47.177389,6.812911,2874,EU,FR,FR-BFC,Fournet-Blancheroche,no,,,,LF2553,https://www.ulm-fournet.com/index.php/accueil,,"Club ULM Haut Doubs, ULM Fournet"
315965,FR-0333,small_airport,Envol Ultralight Airfield Alsace,48.148452,7.536407,1890,EU,FR,FR-GES,"Marckolsheim, Bas-Rhin",no,,,,LF6754,,,Envol ULM Alsace
315968,FR-0334,small_airport,Verneuil en Bourbonnais,46.359444,3.268056,885,EU,FR,FR-ARA,,no,,,,LF0354,,,
316142,FR-0335,small_airport,Doucier Airfield,46.663693,5.761492,1735,EU,FR,FR-BFC,"Doucier, Jura",no,,,,LF3951,http://www.alize-ulm.com,,Base ULM Doucier
316145,FR-0336,closed,Plessé ULM,47.52591,-1.841293,131,EU,FR,FR-PDL,,no,,,,,,,"LF4422, LF4422"
316146,FR-0337,small_airport,Cabrerets ULM,44.51415,1.592503,1177,EU,FR,FR-OCC,,no,,,,LF4629,,,
316147,FR-0338,small_airport,Carlucet Biguès ULM,44.744167,1.618333,1045,EU,FR,FR-OCC,Carlucet,no,,,,LF4630,,,
316148,FR-0339,small_airport,Saint Sigismond ULM,47.439444,-0.935833,243,EU,FR,FR-PDL,,no,,,,LF4923,,,
316187,FR-0340,small_airport,Ramonchamp Ultralight Airfield,47.895567,6.754418,1893,EU,FR,FR-GES,Ramonchamp,no,,,,LF8851,,,Aerodrome ULM Ramonchamp
320052,FR-0341,small_airport,La Tranclière Private Airstrip,46.095759,5.28602,820,EU,FR,FR-ARA,La Tranclière,no,,,,LF0121,,,
320053,FR-0342,small_airport,Lavours Airfield,45.795718,5.773954,768,EU,FR,FR-ARA,"Lavours, Ain",no,,,,LF0125,,,
320249,FR-0343,closed,Rocroi RCAF Air Base,49.914941,4.426403,1178,EU,FR,FR-GES,Rocroi,no,,,,,,,
332510,FR-0344,small_airport,Saint Quentin Ultralight Airfield,49.852505,3.336229,,EU,FR,FR-HDF,"Rouvroy, Aisne",no,,,,,,,Base ULM de Saint Quentin
320617,FR-0345,closed,Vouziers-Séchault Air Base,49.276839,4.754076,385,EU,FR,FR-GES,"Séchault, Ardennes",no,,,,,,,
320621,FR-0346,closed,Grostenquin Air Base,49.020535,6.718655,820,EU,FR,FR-GES,Grostenquin,no,,,,,,https://en.wikipedia.org/wiki/RCAF_Station_Grostenquin,"Base aérienne Grostenquin, RCAF Station Grostenquin"
321209,FR-0347,small_airport,Mellac Ultralight Airfield,47.912079,-3.565698,,EU,FR,FR-BRE,"Mellac, Finistère",no,,,,,,,Base ULM de Mellac
321891,FR-0348,small_airport,La Motte-du-Caire Glider Field,44.32286,6.031286,2132,EU,FR,FR-PAC,"La Motte-du-Caire, Alpes-de-Haute-Provence",no,,,,LF0431,,,
322006,FR-0349,small_airport,Aérodrome de Saint-Aubin La Plaine,46.515876,-1.051669,155,EU,FR,FR-PDL,Saint-Aubin La Plaine,no,,,,LF8571,,,
322108,FR-0350,seaplane_base,Juan-les-Pins Ultralight Seaplane Base,43.565548,7.102469,,EU,FR,FR-PAC,"Antibes, Alpes-Maritimes",no,,,,LF0651,,,Base Hydro-ULM Juan Les Pins
322119,FR-0351,seaplane_base,Rhône-Lavours Ultralight Seaplane Base,45.810876,5.78132,767,EU,FR,FR-ARA,"Ceyzérieu, Ain",no,,,,LF0158,,,Base Hydro-ULM Rhône Lavours
322120,FR-0352,seaplane_base,Base Hydro-ULM de Montrevel-en-Bresse,46.34499,5.142219,620,EU,FR,FR-ARA,Montrevel-en-Bresse,no,,,,LF0159,,,
322121,FR-0353,small_airport,Val de l'Ailette Airfield,49.568056,3.225278,180,EU,FR,FR-HDF,"Pierremande, Aisne",no,,,,LF0259,,,Base ULM du Val de l'Ailette
322152,FR-0354,closed,Cérizols Balloonport,43.128889,1.069444,1312,EU,FR,FR-OCC,Cérizols,no,,,,,http://www.ballon-bleu-horizon.fr/,,LF0926
322153,FR-0355,small_airport,Troye d'Ariège ULM,43.020043,1.877509,1377,EU,FR,FR-OCC,Troye d'Ariège,no,,,,LF0927,https://partagair.jimdofree.com/situation/,,
322154,FR-0356,small_airport,Seyne les Alpes Glider Field,44.341944,6.372778,3937,EU,FR,FR-PAC,,no,,,,LF0430,,,
322162,FR-0357,seaplane_base,Base Hydro-ULM d'Amance,48.350833,4.505,430,EU,FR,FR-GES,Amance,no,,,,LF1056,,,
322200,FR-0358,seaplane_base,Henri Fabre Seaplane Base,43.422315,5.065586,1,EU,FR,FR-PAC,"Martigues, Bouches-du-Rhône",no,,,,LF1321,,,"Base Hydro-ULM ""Henri Fabre"""
322201,FR-0359,seaplane_base,Base Hydro-ULM de La Ciotat,43.173717,5.641389,1,EU,FR,FR-PAC,La Ciotat,no,,,,LF1353,,,
322202,FR-0360,seaplane_base,Base Hydro-ULM du Barrage de Pareloup,44.20667,2.74417,2635,EU,FR,FR-OCC,,no,,,,LF1255,,,
322260,FR-0361,seaplane_base,Marseille Hydro,43.29909,5.347612,1,EU,FR,FR-PAC,Marseille,no,,,,LF1355,,,
332511,FR-0362,closed,Fresnoy-le-Grand  Ultralight Airfield,49.947375,3.393068,,EU,FR,FR-HDF,"Fresnoy-le-Grand, Aisne",no,,,,,,,Base ULM de Fresnoy le Grand
326072,FR-0363,closed,Soustons,43.7132299,-1.305385,,EU,FR,FR-NAQ,Soustons,no,,,,,,,"LF4021, LF4021"
326075,FR-0364,closed,Aerodrome de Aubiet,43.6332139,0.7639122,,EU,FR,FR-OCC,Aubiet,no,,,,,,,
326130,FR-0365,heliport,Cavallo Helistrip,41.368431,9.264111,,EU,FR,FR-COR,Ile Cavallo,no,,,,,,,
326175,FR-0366,closed,Saint-Tropez Ultralight Seaplane Base,43.272776,6.608889,,EU,FR,FR-PAC,"Saint-Tropez, Var",no,,,,,,,LF8361
326250,FR-0367,closed,Ulmodrome des Landes,44.944215,1.646743,,EU,FR,FR-OCC,Saint-Denis-lès-Martel,no,,,,,,,
326251,FR-0368,closed,Buzet sur Tarn Aerodrome,43.768147,1.60426,,EU,FR,FR-OCC,Buzet sur Tarn,no,,,,,,,
326393,FR-0369,closed,Base Hydro-ULM La Salanque Latécoère,42.81667,3,,EU,FR,FR-OCC,Saint-Laurent-de-la-Salanque,no,,,,,,,LF6659
326619,FR-0370,small_airport,Gaussan ULM,43.219115,0.473498,,EU,FR,FR-OCC,Gaussan,no,,,,,,,
326702,FR-0371,small_airport,Fromissard ULM,44.003856,1.229357,,EU,FR,FR-OCC,,no,,,,LF8234,,,
328585,FR-0372,heliport,Ile du Levant Helicopter Base,43.021514,6.460228,,EU,FR,FR-PAC,,no,,,,,,,
329036,FR-0373,closed,Meyrargues Ultralight Airfield,43.652732,5.525225,643,EU,FR,FR-PAC,"Meyrargues, Bouches-du-Rhône",no,,,,,,,Base ULM de Meyrargues
329110,FR-0374,small_airport,Corbonod-Seyssel Private Airfield,45.9618,5.8178,1175,EU,FR,FR-ARA,"Corbonod, Ain",no,,,,LF0151,,,
329117,FR-0375,heliport,Mont Blanc Hélicoptères,45.57524,6.83133,,EU,FR,FR-ARA,,no,,,,,,,
329129,FR-0376,closed,Aerodrome d'Esperce,43.316192,1.404468,,EU,FR,FR-OCC,,no,,,,,,,
329135,FR-0377,closed,Laon-Couvron Air Base,49.63048,3.54344,,EU,FR,FR-HDF,"Vivaise, Aisne",no,,,,,,https://fr.wikipedia.org/wiki/Base_a%C3%A9rienne_de_Laon-Couvron,
329815,FR-0378,closed,Clipperton Island Landing Strip,10.313828,-109.230497,11,EU,FR,FR-U-A,La Passion–Clipperton,no,,,,,,https://en.wikipedia.org/wiki/Clipperton_Island,
330629,FR-0379,heliport,Vars Helistrip,44.548963,6.701518,,EU,FR,FR-PAC,,no,,,,,,,
330775,FR-0380,closed,Les Bories Ultralight Airfield,44.511353,3.270996,,EU,FR,FR-OCC,"Saint-Bonnet-de-Chirac, Lozère",no,,,,,,,"Base ULM des Bories, LF4864"
330785,FR-0381,small_airport,Fontaine-lès-Clerval Ultralight Airfield,47.420889,6.459371,,EU,FR,FR-BFC,"Fontaine-lès-Clerval, Doubs",no,,,,LF2556,,,Base ULM de Fontaine les Clerval
330786,FR-0382,closed,Petit Fay Airfield,48.247629,3.194275,607,EU,FR,FR-BFC,"Nailly, Yonne",no,,,,,,,"LF8926, Base ULM du Petit Fay"
330835,FR-0383,small_airport,Aghione Casone Ultralight Airfield,42.101866,9.415692,,EU,FR,FR-COR,"Aghione, Haute-Corse",no,,,,LF2023,,,Base ULM d'Aghione Casone
330836,FR-0384,small_airport,Forez Ultralight Airfield,45.637824,4.060888,1257,EU,FR,FR-ARA,"Champdieu, Loire",no,,,,,,,Base ULM du Forez
331099,FR-0385,closed,Aerodrome des Salles,45.741212,0.669841,,EU,FR,FR-NAQ,,no,,,,,,,"LF8723, LF8723"
331100,FR-0386,closed,Aigrefeuille d'Aunis ULM,46.12722,-0.95167,,EU,FR,FR-NAQ,,no,,,,,,,"LF1752, LF1752"
331101,FR-0387,closed,Base ULM Les Châteaux,47.335432,1.274904,,EU,FR,FR-NAQ,,no,,,,,,,"LF4152, LF4152"
331105,FR-0388,closed,ZTN Air ULM,49.0139,0.03611,,EU,FR,FR-NOR,Boissey,no,,,,,,,"LF1457, LF1457"
331137,FR-0389,closed,Polminhac ULM,44.94278,2.577,,EU,FR,FR-ARA,,no,,,,,,,"LF1525, LF1525"
332530,FR-0390,small_airport,Saint-Suffren Private Ultralight Airfield,43.644951,5.312621,837,EU,FR,FR-PAC,"Lambesc, Bouches-du-Rhône",no,,,,,,,
332571,FR-0391,closed,Aérodrome d'Aynac ULM,44.796911,1.836498,,EU,FR,FR-OCC,Aynac,no,,,,,https://www.giteduquie.fr/,,"Gite, Quié"
333578,FR-0392,small_airport,Col de Bacchus Airstrip,44.8531,5.168788,3200,EU,FR,FR-ARA,Col de Bacchus,no,,,,LF2623,,,
333580,FR-0393,small_airport,Aérodrome de Loupiac,44.831328,1.474571,895,EU,FR,FR-OCC,Loupiac,no,,,,LF4624,,,
333581,FR-0394,small_airport,Aérodrome de Lacave le Frau,44.841835,1.58879,980,EU,FR,FR-OCC,Lacave,no,,,,LF4623,,,
333583,FR-0395,small_airport,Aérodrome de Peyrillac,44.889715,1.416185,899,EU,FR,FR-NAQ,Peyrillac,no,,,,LF2443,,,
333744,FR-0396,heliport,Centre Hospitalier de Rambouillet,48.651925,1.826976,,EU,FR,FR-IDF,Rambouillet,no,,,,,,,
333778,FR-0397,closed,Boucali Airbase,43.567021,-1.494055,33,EU,FR,FR-NAQ,Boucau,no,,,,,,,
333882,FR-0398,small_airport,St Laurent de la Salanque Airbase,42.79729,3.002915,30,EU,FR,FR-OCC,Saint-Laurent-de-la-Salanque,no,,,,LF6628,,,
333883,FR-0399,small_airport,Corneilla-la-Rivière Ultralight Airfield,42.690858,2.730124,230,EU,FR,FR-OCC,"Corneilla-la-Rivière, Pyrénées-Orientales",no,,,,LF6631,,,Base ULM Corneilla de la Rivière
333884,FR-0400,small_airport,Saint Génis Ultralight Airfield,42.546575,2.908942,150,EU,FR,FR-OCC,"Saint-Génis-des-Fontaines, Pyrénées-Orientales",no,,,,LF6632,,,Base ULM Saint Génis
333886,FR-0401,small_airport,Sadournin Airfield,43.32606,0.415109,918,EU,FR,FR-OCC,Sadournin,no,,,,LF6530,,,
333888,FR-0402,small_airport,Larreule Ultralight Airfield,43.44217,0.039654,606,EU,FR,FR-OCC,"Maubourguet, Hautes-Pyrénées",no,,,,LF6540,,,Base ULM de Larreule
333890,FR-0403,small_airport,Sauveterre Airfield,43.47417,0.078181,587,EU,FR,FR-OCC,Sauveterre,no,,,,LF6532,,,
333891,FR-0404,small_airport,Sarriac Bigorre Airfield,43.382794,0.134009,718,EU,FR,FR-OCC,Sarriac-Bigorre,no,,,,LF6534,,,
333894,FR-0405,small_airport,Aérodrome de L'Isle-en-Dodon,43.380657,0.851848,918,EU,FR,FR-OCC,L'Isle en Dodon,no,,,,LF3134,https://basulm.ffplum.fr/PDF/LF3134.pdf,,
333895,FR-0406,small_airport,Vallon des Bergons,43.020745,-0.178995,3445,EU,FR,FR-OCC,,no,,,,LF6536,https://basulm.ffplum.fr/PDF/LF6536.pdf,,bergons
333900,FR-0407,closed,Fabas Bordeneuve,43.109722,1.117222,1300,EU,FR,FR-OCC,Fabas,no,,,,,http://www.aero-hesbaye.be/vac/ULM/LF0952.pdf,,"LF0952, LF0952"
333901,FR-0408,closed,Torre-Blanc Llauro,42.550278,2.731389,1411,EU,FR,FR-OCC,,no,,,,,http://www.aero-hesbaye.be/vac/ULM/LF6658.pdf,,LF6658
333902,FR-0409,small_airport,Super Bareges - Plateau de Monhaillat Altisurface,42.911111,0.125556,6312,EU,FR,FR-OCC,Bareges,no,,,,LF6555,,,
333904,FR-0410,small_airport,Villeneuve du Latou Airfield,43.20358,1.418663,1330,EU,FR,FR-OCC,Villeneuve-du-Latou,no,,,,LF0925,,,
333916,FR-0411,small_airport,Montpezat d'Agenais,44.364167,0.491389,120,EU,FR,FR-NAQ,Montpezat,no,,,,LF4724,https://ulmstex.com/,,
333918,FR-0412,small_airport,Sarrat Ultralight Airfield,43.208593,1.708594,846,EU,FR,FR-OCC,"Mazères, Ariège",no,,,,LF0951,,,Base ULM du Sarrat
333919,FR-0413,small_airport,Altiport d'Ustou,42.78137,1.22577,5896,EU,FR,FR-OCC,Pouech d'Ardio,no,,,,LF0953,,,
333923,FR-0414,small_airport,Le Fousseret Ultralight Airfield,43.268889,1.053889,820,EU,FR,FR-OCC,"Le Fousseret, Haute-Garonne",no,,,,LF3151,,,"Base ULM du Fousseret, Les Ailes Fousseretoises"
333925,FR-0415,small_airport,Aerodrome de Bois de la Pierre,43.342596,1.14202,840,EU,FR,FR-OCC,Bois-de-la-Pierre,no,,,,LF3128,,,
333966,FR-0416,small_airport,Aérodrome de Sabonnères,43.455707,1.07548,1050,EU,FR,FR-OCC,,no,,,,LF3126,,,
333969,FR-0417,small_airport,Labastide-Saint-Sernin Ultralight Airfield,43.73298,1.459293,500,EU,FR,FR-OCC,"Labastide-Saint-Sernin, Haute-Garonne",no,,,,LF3154,,,Base ULM de Labastide-Saint-Sernin
333970,FR-0418,small_airport,Marmouzet Airfield,43.245547,1.231971,1050,EU,FR,FR-OCC,Rieux-Volvestre,no,,,,LF3155,,,
333971,FR-0419,small_airport,Le Tucoulet Ultralight Airfield,43.201258,0.547353,1627,EU,FR,FR-OCC,"Balesta, Haute-Garonne",no,,,,LF3156,,,Base ULM Le Tucoulet
336353,FR-0420,small_airport,Valberg Altisurface,44.106418,6.939904,5680,EU,FR,FR-PAC,"Péone, Alpes-Maritimes",no,,,,LF0654,,,
335360,FR-0421,small_airport,Altisurface de Faucon,44.535942,5.308027,3300,EU,FR,FR-ARA,Chalancon,no,,,,LF2621,,,
335586,FR-0422,heliport,Helisudcorse,41.5799,9.27696,,EU,FR,FR-COR,Porto Vecchio,no,,,,,,,
336355,FR-0423,small_airport,Le Burgaud Ultralight Airfield,43.816327,1.13966,600,EU,FR,FR-OCC,"Le Burgaud, Haute-Garonne",no,,,,LF3157,,,Base ULM du Burgaud
337340,FR-0424,small_airport,Bazas Cazats Airfield,44.462263,-0.187844,300,EU,FR,FR-NAQ,Bazas,no,,,,LF3321,https://basulm.ffplum.fr/bases/liste-des-terrains/details/59/9187.html,,"bazas, cazats, lf3321"
337341,FR-0425,small_airport,La Tranche-sur-Mer ULM,46.363534,-1.427364,16,EU,FR,FR-PDL,La Tranche-sur-Mer,no,LFTA,,,,http://www.aclatranchesurmer.fr/,https://fr.wikipedia.org/wiki/A%C3%A9rodrome_de_La_Tranche-sur-Mer,"tranche, sur, mer, LF8522"
337372,FR-0426,small_airport,Aérodrome du Girouard,46.578838,-1.606048,150,EU,FR,FR-PDL,Le Girouard,no,,,,LF8524,,,
337374,FR-0427,small_airport,Talmont Vendée Air Park,46.493761,-1.576506,150,EU,FR,FR-PDL,Talmont-Saint-Hilaire,no,,,,LF8521,,,
337375,FR-0428,small_airport,Base ULM Thollon les Mémises,46.396667,6.716667,2996,EU,FR,FR-ARA,Thollon-les-Mémises,no,,,,LF7431,,,
337376,FR-0429,small_airport,Fontrailles Ultralight Airfield,43.345961,0.361649,900,EU,FR,FR-OCC,"Fontrailles, Hautes-Pyrénées",no,,,,LF6554,,,Base ULM de Fontrailles
337486,FR-0430,small_airport,Pressignac Vicq Rebeyrotte,44.90117,0.74781,643,EU,FR,FR-NAQ,Pressignac-Vicq,no,,,,LF2432,https://basulm.ffplum.fr/PDF/LF2432.pdf,,
337488,FR-0431,small_airport,Azur Ultralight Airfield,49.461033,3.848283,240,EU,FR,FR-HDF,"Corbeny, Aisne",no,,,,LF0221,https://www.azur-ulm.fr/,,Base ULM Azur
338099,FR-0432,small_airport,Mosloy Airfield,49.174466,3.154335,453,EU,FR,FR-HDF,"La Ferté-Milon, Aisne",no,,,,LF0223,,,Base ULM de Mosloy
338100,FR-0433,small_airport,Ployart Ultralight Airfield,49.50491,3.739729,580,EU,FR,FR-HDF,"Ployart-et-Vaurseine, Aisne",no,,,,LF0225,,,Base ULM de Ployart
338103,FR-0434,small_airport,Brochot Aerodrome,48.976587,3.373087,574,EU,FR,FR-HDF,"Chézy-sur-Marne, Aisne",no,,,,LF0226,,,Aérodrome de Brochot
339741,FR-0435,small_airport,Cesseville Ferme des Moulins Private Airfield,49.177837,0.9953,485,EU,FR,FR-NOR,"Cesseville, Eure",no,,,,LF2752,http://fermedesmoulins.pagesperso-orange.fr,,
339742,FR-0436,small_airport,Val-de-Reuil Ultralight Airfield,49.282168,1.23167,33,EU,FR,FR-NOR,"Val-de-Reuil, Eure",no,,,,LF2753,https://www.calhn.fr/,,Base ULM de Val de Reuil
339743,FR-0437,small_airport,Les Noyers Ultralight Airfield,49.25944,1.65973,328,EU,FR,FR-NOR,"Noyers, Eure",no,,,,LF2751,https://www.centreulmlesnoyers.com/,,"Base ULM Les Noyers, Centre ULM Les Noyers"
339744,FR-0438,small_airport,Champrond Le Petit Bois Landry Ultralight Airfield,48.39361,1.05753,853,EU,FR,FR-CVL,"Champrond-en-Gâtine, Eure-et-Loir",no,,,,LF2822,,,Base ULM Champrond le Petit Bois Landry
339747,FR-0439,small_airport,Base ULM de Sury en Vaux,47.38084,2.78308,1000,EU,FR,FR-CVL,Sury en Vaux,no,,,,LF1826,https://aeroplumsancerrois.wixsite.com/ulm-sancerre,,
339748,FR-0440,small_airport,Guynem'air Ultralight Airfield,46.34685,0.51751,443,EU,FR,FR-NAQ,"Saint-Secondin, Vienne",no,,,,LF8626,https://www.guynemairulm.com,,"Base ULM de Saint-Secondin, Guynem'air ULM"
339749,FR-0441,small_airport,Frossay Ultralight Airfield,47.238222,-1.878275,10,EU,FR,FR-PDL,"Frossay, Loire-Atlantique",no,,,,LF4451,http://www.randkar.fr,,"Base ULM de Frossay, Base ULM Randkar"
339750,FR-0442,small_airport,Grange Dieu Levroux Ultralight Airfield,46.95981,1.65979,540,EU,FR,FR-CVL,"Levroux, Indre",no,,,,LF3624,http://aviation.grangedieu.com,,Base ULM Grange Dieu Levroux
339751,FR-0443,small_airport,Beaulieu-sur-Loire Ultralight Airfield,47.55844,2.8242,443,EU,FR,FR-CVL,"Beaulieu-sur-Loire, Loiret",no,,,,LF4554,http://basedebeaulieu.com/index.php/fr/,,Base ULM de Beaulieu-sur-Loire
339761,FR-0444,small_airport,Courseulles-sur-Mer Ultralight Airfield,49.314065,-0.454022,150,EU,FR,FR-NOR,"Courseulles-sur-Mer, Calvados",no,,,,LF1451,,,"Base ULM de Courseulles, Base ULM Typhoon"
350576,FR-0445,small_airport,Altiport du Bez,44.63415,4.046499,4320,EU,FR,FR-ARA,Le Bez,no,,,,LF0725,,,
339763,FR-0446,small_airport,Plouarzel Ultralight Airfield,48.422604,-4.696841,400,EU,FR,FR-BRE,"Plouarzel, Finistère",no,,,,LF2921,,,Base ULM de Plouarzel
339764,FR-0447,small_airport,Ploballanec Ultralight Airfield,47.818415,-4.248724,49,EU,FR,FR-BRE,"Plobannalec-Lesconil, Finistère",no,,,,LF2923,,,Base ULM de Ploballanec
339766,FR-0448,small_airport,Le Pommier Ultralight Airfield,46.19701,1.45252,1140,EU,FR,FR-NAQ,"Saint-Maurice-la-Souterraine, Creuse",no,,,,LF2351,,,Base ULM Le Pommier
339784,FR-0449,small_airport,Saint-Benoît-sur-Loire Ultralight Airfield,47.79157,2.33751,367,EU,FR,FR-CVL,"Saint-Benoît-sur-Loire, Loiret",no,,,,LF4552,http://www.ulm-club-du-val-de-loire.fr/,,Base ULM de Saint-Benoît-sur-Loire
339785,FR-0450,small_airport,La Collancelle Ultralight Airfield,47.19121,3.644,985,EU,FR,FR-BFC,"La Collancelle, Nièvre",no,,,,LF5852,,,Base ULM La Collancelle
339786,FR-0451,small_airport,Aerodrome de Fougères-sur-Bièvre,47.45769,1.36382,335,EU,FR,FR-CVL,,no,,,,LF4128,,,
339787,FR-0452,small_airport,Aérodrome privé Le Quilloux,47.59963,-1.9143,120,EU,FR,FR-PDL,Pléssé,no,,,,LF4454,http://lequilloux.monsite-orange.fr,,
339788,FR-0453,small_airport,Flavacourt Ultralight Airfield,49.35105,1.81304,456,EU,FR,FR-HDF,"Flavacourt, Oise",no,,,,LF6026,http://www.gite-de-la-loge.com,,Base ULM de Flavacourt
340045,FR-0454,small_airport,Arbis Ultralight Airfield,44.68066,-0.25683,200,EU,FR,FR-NAQ,"Porte-de-Benauge, Gironde",no,,,,LF3352,http://www.ulm-aquitaine.com/,,Base ULM de Arbis
340046,FR-0455,small_airport,Saint-Pierre-de-Bat Ultralight Airfield,44.66716,-0.21962,158,EU,FR,FR-NAQ,"Saint-Pierre-de-Bat, Gironde",no,,,,LF3322,,,Base ULM de Saint Pierre de Bat
340067,FR-0456,small_airport,Siersthal Airstrip,49.05275,7.36527,,EU,FR,FR-GES,,no,,,,,,,
340400,FR-0457,heliport,Casa del Mare Helipad,43.760464,7.460265,,EU,FR,FR-PAC,Roquebrune-Cap-Martin,no,,,,,,,
340401,FR-0458,heliport,Avenue Impératrice Eugénie Heliport,43.755492,7.469818,,EU,FR,FR-PAC,Roquebrune-Cap-Martin,no,,,,,,,
340402,FR-0459,heliport,Avenue Douine Heliport,43.750243,7.480216,,EU,FR,FR-PAC,Roquebrune-Cap-Martin,no,,,,,,,
340427,FR-0460,heliport,Le Palais Rescue Center Heliport,47.341907,-3.173543,,EU,FR,FR-BRE,Le Palais,no,,,,,,,Héliport du Centre de Secours Le Palais
340428,FR-0461,heliport,Glénan Heliport,47.723504,-4.003029,,EU,FR,FR-BRE,Fouesnant,no,,,,,,,
340429,FR-0462,heliport,Île-de-Sein Heliport,48.035473,-4.854028,,EU,FR,FR-BRE,Île-de-Sein,no,,,,,,,
340430,FR-0463,heliport,Île-Molène Heliport,48.399964,-4.959996,,EU,FR,FR-BRE,Île-Molène,no,,,,,,,
340431,FR-0464,heliport,Chausey Heliport,48.870166,-1.822713,,EU,FR,FR-NOR,Granville,no,,,,,,,
342295,FR-0465,small_airport,Neuflieux Airfield,49.611111,3.148611,195,EU,FR,FR-HDF,"Neuflieux, Aisne",no,,,,LF0253,,,Base ULM Neuflieux
342298,FR-0466,small_airport,Corbeny Ultralight Airfield,49.457382,3.854544,230,EU,FR,FR-HDF,"Corbeny, Aisne",no,,,,LF0256,,,Base ULM de Corbeny
342300,FR-0467,small_airport,Taillefontaine Airfield,49.307868,3.06599,475,EU,FR,FR-HDF,"Taillefontaine, Aisne",no,,,,LF0257,,,Base ULM de Taillefontaine
342315,FR-0468,small_airport,"Altisurface du Glacier du Passon ""du haut""",45.98044,6.979303,9750,EU,FR,FR-ARA,,no,,,,,,,
342321,FR-0469,small_airport,Kogenheim Ultralight Airfield,48.322866,7.535108,528,EU,FR,FR-GES,"Kogenheim, Bas-Rhin",no,,,,LF6715,,,"Base ULM de Kogenheim, Club ULM de Kogenheim"
342323,FR-0470,small_airport,Albé-Val de Villé Airfield,48.349158,7.330171,1247,EU,FR,FR-GES,Albé,no,,,,LF6721,,,Aérodrome d'Albé - Val de Villé
342325,FR-0471,small_airport,Salmbach Ultralight Airfield,48.967949,8.070563,508,EU,FR,FR-GES,"Salmbach, Bas-Rhin",no,,,,LF6723,,,Base ULM de Salmbach
342326,FR-0472,small_airport,Wissembourg Ultralight Airfield,48.9925,7.975833,574,EU,FR,FR-GES,"Wissembourg, Bas-Rhin",no,,,,LF6724,,,Base ULM de Wissembourg
342327,FR-0473,small_airport,Batzendorf Ultralight Airfield,48.803016,7.726527,560,EU,FR,FR-GES,"Batzendorf, Bas-Rhin",no,,,,LF6751,,,Base ULM de Batzendorf
342519,FR-0474,small_airport,Aérodrome de l'Emonière,47.05997,-1.35325,,EU,FR,FR-PDL,,no,,,,,,,
342525,FR-0475,small_airport,Évaux Airfield,46.168657,2.432184,1512,EU,FR,FR-NAQ,"Chambon-sur-Voueize, Creuse",no,,,,LF2321,,,
342646,FR-0476,closed,Ancien Aérodrome de Soustons,43.80543,-1.25603,,EU,FR,FR-NAQ,Léon,no,,,,,,,
342658,FR-0477,small_airport,Vol d'Oiseau Ultralight Airfield,45.690886,-1.005394,,EU,FR,FR-NAQ,"Saint-Sulpice-de-Royan, Charente-Maritime",no,,,,,,,Base ULM Vol d'Oiseau
343347,FR-0478,small_airport,Aérodrome de Cossé le Vivien,47.97263,-0.91864,,EU,FR,FR-PDL,,no,,,,,,,
345349,FR-0479,small_airport,Joigny Ultralight Airfield,47.16895,2.75894,,EU,FR,FR-CVL,"Étréchy, Cher",no,,,,,,,Base ULM de Joigny
346267,FR-0480,small_airport,Cizay-la-Madeleine UL,47.17962,-0.15915,,EU,FR,FR-PDL,,no,,,,,,,
346433,FR-0481,small_airport,Piste privée de La Cornélie,46.84447,-1.77088,,EU,FR,FR-PDL,,no,,,,,,,
347477,FR-0482,heliport,Villa Salmanazar Helipad,43.20087,6.6593,331,EU,FR,FR-PAC,Ramatuelle,no,,,,,,,
347602,FR-0483,closed,Villard-Notre-Dame Airfield,45.018056,6.037778,,EU,FR,FR-ARA,"Villard-Notre-Dame, Isère",no,,,,,,,LF3829
347603,FR-0484,closed,Nossage Le Priora Airfield,44.307329,5.750168,2331,EU,FR,FR-PAC,Nossage-et-Bénévent,no,,,,,,,"LF0521, Altisurface Nossage"
347604,FR-0485,small_airport,Saint-Martin-de-Castillon Airfield,43.852917,5.550119,1082,EU,FR,FR-PAC,Saint-Martin-de-Castillon,no,,,,LF8421,http://aeroclubdupaysdapt.com,,
347605,FR-0486,closed,Lac Fourchu Airfield,45.058056,5.933056,,EU,FR,FR-ARA,Livet-et-Gavet,no,,,,,,,LF3827
348515,FR-0487,small_airport,Altisurface de Banon,44.072222,5.639166,3723,EU,FR,FR-PAC,Banon,no,,,,LF0456,http://www.cabane-haute-provence.com,,
348581,FR-0488,small_airport,Chélan,43.341597,0.530219,865,EU,FR,FR-OCC,Chélan,no,,,,LF3261,,,
349121,FR-0489,small_airport,Chaillé-les-Marais Private Airstrip,46.40527,-1.03049,,EU,FR,FR-PDL,,no,,,,,,,
350584,FR-0490,small_airport,Avaux-Les Bourdons Ultralight Airfield,49.480697,4.074769,374,EU,FR,FR-GES,"Asfeld, Ardennes",no,,,,LF0851,,,Base ULM Avaux - Les Bourdons
350586,FR-0491,small_airport,Régat Ultralight Airfield,42.98382,1.894069,1341,EU,FR,FR-OCC,"Régat, Ariège",no,,,,LF0928,,,Base ULM de Régat
354000,FR-0492,small_airport,Treigny Ultralight Airfield,47.550607,3.196549,918,EU,FR,FR-BFC,"Treigny, Yonne",no,,,,LF8929,https://www.facebook.com/ULMtreigny89/,,Base ULM de Treigny
354009,FR-0493,small_airport,Perreux Airfield,47.874976,3.135556,610,EU,FR,FR-BFC,"Charny-Orée-de-Puisaye, Yonne",no,,,,LF8928,,,Base ULM de Perreux
354018,FR-0494,small_airport,Genevrelle à Maisse Airfield,48.387512,2.349953,420,EU,FR,FR-IDF,"Maisse, Essonne",no,,,,LF9151,,,"Base ULM de Genevrelle à Maisse, Libellule 91"
354020,FR-0495,small_airport,Base Paramoteurs de Boigny-Méréville,48.329414,2.088829,436,EU,FR,FR-IDF,Méréville,no,,,,LF9152,,,
354021,FR-0496,small_airport,Avernes Paramotor Airfield,49.10568,1.87907,456,EU,FR,FR-IDF,"Avernes, Val-d'Oise",no,,,,LF9551,,,"Base Paramoteurs d'Avernes, Grand Paris Paramoteur"
354023,FR-0497,closed,La Grosse Ferme Florimont ULM,47.551216,7.057021,1279,EU,FR,FR-BFC,Florimont,no,,,,,,,"LF9021, Base ULM de La Grosse Ferme Florimont"
354052,FR-0498,heliport,La Fullie,45.63665,6.13621,4573,EU,FR,FR-ARA,ECOLE,no,,,,,,,
355191,FR-0499,small_airport,Les Ailes d'Eure et Loir Airfield,48.59244,1.53759,480,EU,FR,FR-CVL,"Pierres, Eure-et-Loir",no,,,,LF2834,,,
355195,FR-0500,small_airport,Écrosnes ULM,48.561187,1.730196,520,EU,FR,FR-CVL,Écrosnes,no,,,,LF2830,,,Base ULM d'Écrosnes
355202,FR-0501,small_airport,Base ULM du Le Gault-Saint-Denis,48.218818,1.496185,446,EU,FR,FR-CVL,Le Gault-Saint-Denis,no,,,,LF2853,,,
356274,FR-0502,small_airport,Zoufftgen Airfield,49.449166,6.125555,750,EU,FR,FR-GES,Zoufftgen,no,,,,LF5755,https://aeroplume.lu/,,
356278,FR-0503,small_airport,Mouy Airfield,49.313914,2.298397,371,EU,FR,FR-HDF,,no,,,,LF6051,,,
429762,FR-0504,small_airport,La Trétoire Ultralight Airfield,48.86822,3.24902,,EU,FR,FR-IDF,"La Trétoire, Seine-et-Marne",no,,,,,,,Base ULM de La Trétoire
429767,FR-0505,heliport,Le Plantis Heliport,48.602347,0.391484,600,EU,FR,FR-NOR,Le Plantis,no,,,,LF6154,,,
429770,FR-0506,small_airport,Chevry-Cossigny Paramotor Field,48.708408,2.645881,328,EU,FR,FR-IDF,"Chevry-Cossigny, Seine-et-Marne",no,,,,LF7758,,,Lfvz
429985,FR-0507,small_airport,Boulogne-sur-Mer - Alprech Aerodrome,50.69512,1.56871,187,EU,FR,FR-HDF,Le Portel,no,,,,LF6251,,,
430487,FR-0508,heliport,Ter Clinic Heliport,47.73604,-3.39855,,EU,FR,FR-BRE,Ploemeur,no,,,,,,,
504536,FR-0509,heliport,Verdun Saint-Nicolas Hospital Heliport,49.15363,5.38234,653,EU,FR,FR-GES,Verdun,no,,,,,,,Héliport Centre Hospitalier Site Saint-Nicolas
504565,FR-0510,closed,Vavincourt Aerodrome,48.815556,5.212222,958,EU,FR,FR-GES,"Vavincourt, Meuse",no,,,,,,https://en.wikipedia.org/wiki/Vavincourt_Aerodrome,
506713,FR-0511,small_airport,Chamonet Airfield,45.797877,5.624628,1250,EU,FR,FR-ARA,"Contrevoz, Ain",no,,,,LF0164,,,Chamonet  ULM
506715,FR-0512,small_airport,Malafretaz Ultralight Airfield,46.333642,5.140369,640,EU,FR,FR-ARA,"Malafretaz, Ain",no,,,,LF0163,,,Base ULM de Malafretaz
506717,FR-0513,small_airport,Gite de l'Aviateur Ultralight Airfield,46.40247,5.046324,673,EU,FR,FR-ARA,"Saint-Jean-sur-Reyssouze, Ain",no,,,,LF0162,,,Base ULM Gite de l'Aviateur
506719,FR-0514,small_airport,Base ULM de Chaneins,46.106504,4.851045,800,EU,FR,FR-ARA,Chaneins,no,,,,LF0161,,,
506721,FR-0515,small_airport,Talissieu Airfield,45.871584,5.726938,1433,EU,FR,FR-ARA,"Arvière-en-Valromey, Ain",no,,,,LF0160,,,Tallissieu ULM
506735,FR-0516,small_airport,Mionnay Ultralight Airfield,45.900511,4.896242,987,EU,FR,FR-ARA,"Mionnay, Ain",no,,,,LF0157,,,
506737,FR-0517,small_airport,Les Ailes de Sergy ULM,46.25967,6.023689,1509,EU,FR,FR-ARA,Sergy,no,,,,LF0155,,,Base ULM des Ailes de Sergy
506739,FR-0518,small_airport,Base ULM de Polliat,46.255832,5.149601,718,EU,FR,FR-ARA,Polliat,no,,,,LF0154,,,
506741,FR-0519,small_airport,Base ULM d'Izenave,46.027516,5.5239,2280,EU,FR,FR-ARA,Izenave,no,,,,LF0153,,,
507427,FR-0520,small_airport,Aérodrome de Coutigny-Sérigné,46.489411,-0.87101,144,EU,FR,FR-PDL,Sérigné,no,,,,LF8573,,,
509577,FR-0521,small_airport,L'Arpette Altisurface,45.412882,6.516073,6200,EU,FR,FR-ARA,"Les Belleville, Savoie",no,,,,,,,Altisurface de l'Arpette
509584,FR-0522,small_airport,Aérodrome de Liorac sur Louyre,44.918681,0.645777,518,EU,FR,FR-NAQ,Liorac-sur-Louyre,no,,,,LF2431,,,
509586,FR-0523,small_airport,Aérodrome d'Argentine,45.466925,0.386779,468,EU,FR,FR-NAQ,La Rochebeaucourt-et-Argentine,no,,,,LF2433,https://www.larochebeaucourt.fr/patrimoine-de-la-commune/aerodrome-argentine/,,
509590,FR-0524,small_airport,Aérodrome de Saint Crépin Carlucet,44.967076,1.251023,840,EU,FR,FR-NAQ,Saint-Crépin-et-Carlucet,no,,,,LF2434,,,
509739,FR-0525,small_airport,Frévent ULM,50.278098,2.302623,438,EU,FR,FR-HDF,"Frévent, Pas-de-Calais",no,,,,LF6224,,,"Base ULM de Frévent, Piste d'atterrissage ULM de Frévent"
510327,FR-0526,small_airport,Mondreville Ultralight Airfield,48.168611,2.597778,351,EU,FR,FR-IDF,"Mondreville, Seine-et-Marne",no,,,,LF7752,https://map.aerobreak.com/data/ficheffplum/LF7752.pdf,,Base ULM de Mondreville
510473,FR-0527,small_airport,Base ULM de Val-Revermont,46.30637,5.3796,,EU,FR,FR-ARA,Val-Revermont,no,,,,,,,
510555,FR-0528,small_airport,Pleucadeuc private airfield,47.78777,-2.36109,,EU,FR,FR-BRE,Pleucadeuc,no,,,,,,,
513797,FR-0529,heliport,Île Chambière Heliport,49.131518,6.186375,538,EU,FR,FR-GES,Metz,no,,,,,,,
513832,FR-0530,heliport,Sélestat Hospital Heliport,48.261787,7.432241,584,EU,FR,FR-GES,"Sélestat, Bas-Rhin",no,,,,,,,
513853,FR-0531,heliport,Fourmies Hospital Heliport,50.010003,4.060527,659,EU,FR,FR-HDF,Fourmies,no,,,,,,,
513854,FR-0532,heliport,Dunkerque Harbor Heliport,51.052503,2.3472,3,EU,FR,FR-HDF,Dunkerque,no,,,,,,,
513919,FR-0533,small_airport,Ebersheim Ultralight Airfield,48.27802,7.49125,545,EU,FR,FR-GES,"Sélestat, Bas-Rhin",no,,,,,,,Base ULM de Ebersheim
514158,FR-0534,heliport,Metz-Legouest Army Training Hospital Heliport,49.11322,6.18797,568,EU,FR,FR-GES,Metz,no,,,,,,,
514354,FR-0535,small_airport,Cann'Air ULM,49.34389,6.28805,840,EU,FR,FR-GES,Inglange,no,,,,LF5760,,,
514475,FR-0536,heliport,Saint Nicolas Sarrebourg Central Hospital Heliport,48.72885,7.05223,885,EU,FR,FR-GES,Sarrebourg,no,,,,,,,
514515,FR-0537,small_airport,Micheville-Villerupt Airfield,49.48486,5.9181,1305,EU,FR,FR-GES,"Rédange, Moselle",no,,,,LF5422,https://lf5422.wordpress.com/about/,,
514560,FR-0538,small_airport,Saulnois Ultralight Aeroclub,48.85632,6.43562,956,EU,FR,FR-GES,Fresnes-en-Saulnois,no,,,,LF5722,,,
514561,FR-0539,small_airport,Saint-Avold Airfield,49.10222,6.735,1010,EU,FR,FR-GES,Macheren,no,,,,LF5723,,,
514562,FR-0540,small_airport,Trois Forêts Ultralight Airfield,48.65195,6.93542,1050,EU,FR,FR-GES,Saint-Georges,no,,,,LF5764,https://www.ulm3f.com,,"ULM des 3 Forêts, Ecole Paramoteur Happy Fly Formation"
514609,FR-0541,small_airport,Les Chateaux Ultralight Airfield,47.31935,1.07017,,EU,FR,FR-CVL,"Francueil, Indre-et-Loire",no,,,,LF3769,,,Base ULM des Chateaux
514661,FR-0542,small_airport,Zeurange ULM,49.39264,6.54441,974,EU,FR,FR-GES,Flastroff,no,,,,LF5728,,,
514662,FR-0543,closed,Chenevières-Saint-Clément Air Base,48.5276,6.63592,919,EU,FR,FR-GES,"Chenevières, Meurthe-et-Moselle",no,,,,,,,
514808,FR-0544,small_airport,Rémeling UL,49.41169,6.47624,1017,EU,FR,FR-GES,Rémeling,no,,,,LF5753,,,
514809,FR-0545,closed,Tromborn Airport,49.25371,6.60171,1234,EU,FR,FR-GES,Tromborn,no,,,,,,,
514810,FR-0546,small_airport,Hargarten UL,49.21966,6.58702,1050,EU,FR,FR-GES,Hargarten-aux-Mines,no,,,,LF5752,,,
514811,FR-0547,small_airport,Bambi Air Club,49.1145,6.60587,1320,EU,FR,FR-GES,Bambiderstroff,no,,,,LF5710,https://bambiairclub.e-monsite.com/,,
515042,FR-0548,heliport,Douai Hospital Heliport,50.3371,3.10133,141,EU,FR,FR-HDF,"Douai, Nord",no,,,,,,,
515064,FR-0549,heliport,Hazebrouck Hospital Heliport,50.72921,2.53835,112,EU,FR,FR-HDF,"Hazebrouck, Nord",no,,,,,,,
515365,FR-0550,heliport,Calais Doctor Eric Techer Hospital Heliport,50.9413,1.8895,3,EU,FR,FR-HDF,Calais,no,,,,,,,
515455,FR-0551,heliport,Avranches Granville Hospital Heliport,48.82685,-1.5695,171,EU,FR,FR-NOR,Granville,no,,,,,,,
515750,FR-0552,heliport,Cambrai Hospital Heliport,50.16539,3.22263,184,EU,FR,FR-HDF,"Cambrai, Nord",no,,,,,,,
515751,FR-0553,heliport,Le Quesnoy Fire Station Heliport,50.25227,3.62458,384,EU,FR,FR-HDF,Le Quesnoy,no,,,,,,,
515752,FR-0554,heliport,Jean Bernard Emergency Hospital Heliport,50.36115,3.49924,,EU,FR,FR-HDF,Valenciennes,no,,,,,,,
515753,FR-0555,heliport,Brisset Hospital Heliport,49.92565,4.0722,571,EU,FR,FR-HDF,Hirson,no,,,,,,,
515767,FR-0556,heliport,Béthune Beuvry Hospital Heliport,50.51436,2.67143,82,EU,FR,FR-HDF,"Beuvry, Pas-de-Calais",no,,,,,,,
516454,FR-0557,closed,Laon-Athies Air Base,49.59637,3.70885,299,EU,FR,FR-HDF,"Athies-sous-Laon, Aisne",no,,,,,,,
516861,FR-0558,heliport,Ajaccio Hospital Helipad,41.922676,8.73451,256,EU,FR,FR-COR,Ajaccio,no,,,,,https://www.ch-ajaccio.fr/hopital/informations/histoire,,
517463,FR-0559,small_airport,Lœuilly Airfield,49.76532,2.21518,505,EU,FR,FR-HDF,"Ô-de-Selle, Somme",no,,,,LF8051,https://aclloeuilly.wixsite.com/aclloeuilly/le-club,,"Aérodrome de Lœuilly, Loeuilly"
540841,FR-0560,small_airport,Savoy Paraglider Landing Field,45.92726,6.86762,3435,EU,FR,FR-ARA,"Chamonix-Mont-Blanc, Haute-Savoie",no,,,,,,,
525006,FR-0561,closed,Beaumont de Lomagne,43.876384,0.983774,,EU,FR,FR-OCC,,no,,,,,https://basulm.ffplum.fr/bases/liste-des-terrains/details/59/11000.html,,LF8222
526467,FR-0562,small_airport,Vieux-Ferrette Airfield,47.515833,7.306944,1499,EU,FR,FR-GES,Vieux-Ferrette,no,,,,LF6822,https://site.ulm-regio.eu/fr/,,
526468,FR-0563,small_airport,Pillac Airfield,45.331667,0.184722,335,EU,FR,FR-NAQ,Pillac,no,,,,LF1625,,,
527230,FR-0564,small_airport,Veauce Airfield,46.173151,3.059489,1570,EU,FR,FR-ARA,Veauce,no,,,,LF0324,,,
527231,FR-0565,small_airport,La Tuilière Airfield,46.532778,3.118333,860,EU,FR,FR-ARA,,no,,,,LF0369,,,
527232,FR-0566,small_airport,Sainte-Croix-du-Verdon Airfield,43.778611,6.159722,2190,EU,FR,FR-PAC,"Sainte-Croix-du-Verdon, Alpes-de-Haute-Provence",no,,,,LF0429,,,
527233,FR-0567,small_airport,Omaha Beach Airfield,49.353231,-0.843067,203,EU,FR,FR-NOR,"Colleville-sur-Mer, Calvados",no,,,,LF1456,https://lf1456.com/,,
527234,FR-0568,small_airport,Rouvres Airfield,49.02,-0.198333,345,EU,FR,FR-NOR,,no,,,,LF1454,,,
527235,FR-0569,small_airport,Fontaine Simon Airfield,48.506027,0.991064,689,EU,FR,FR-CVL,Fontaine-Simon,no,,,,LF2827,,,
527244,FR-0570,small_airport,Banelle Ultralight Airfield,46.124953,3.286886,1165,EU,FR,FR-ARA,"Escurolles, Allier",no,,,,LF0355,,,Base ULM Banelle
527248,FR-0571,small_airport,Saint-Fargeol Les Fougères Airfield,46.142669,2.612133,1640,EU,FR,FR-ARA,"Saint-Fargeol, Allier",no,,,,LF0353,,,
527250,FR-0572,small_airport,Base ULM La Bouble,46.218609,2.952293,1650,EU,FR,FR-ARA,Louroux-de-Bouble,no,,,,LF0371,,,
527720,FR-0573,small_airport,Hommes Volants Ultralight Airfield,47.418534,0.323495,285,EU,FR,FR-CVL,"Hommes, Indre-et-Loire",no,,,,LF3730,http://www.hommes-volants.fr/,,"Base ULM Hommes Volants, Base ULM Jacopeau, Jacopeau Ultralight Airfield"
527721,FR-0574,small_airport,Torreilles Airfield,42.746077,3.015628,10,EU,FR,FR-OCC,"Torreilles, Pyrénées-Orientales",no,,,,LF6651,,,"Aérodrome/Base ULM de Torreilles - Ste-Marie, Torreilles Sainte-Marie Airfield"
528474,FR-0575,small_airport,Ulm Saint Couat Airfield,43.211111,2.646389,307,EU,FR,FR-OCC,,no,,,,LF1156,,,
528475,FR-0576,small_airport,Beaugaillard Airfield,43.178611,1.951667,1007,EU,FR,FR-OCC,,no,,,,LF1158,,,
528476,FR-0577,small_airport,Argeliers Airfield,43.308333,2.893333,140,EU,FR,FR-OCC,,no,,,,LF1159,,,
528477,FR-0578,small_airport,Le Reuilh Airfield,43.192778,1.978889,1000,EU,FR,FR-OCC,,no,,,,LF1160,,,
528478,FR-0579,small_airport,Puichéric Airfield,43.226389,2.588333,170,EU,FR,FR-OCC,,no,,,,LF1161,,,
528479,FR-0580,small_airport,Thérondels Douzalbats Airfield,44.893056,2.718056,3068,EU,FR,FR-OCC,,no,,,,LF1226,,,
528480,FR-0581,seaplane_base,Villefranche de Panat SPB,44.099167,2.695278,2385,EU,FR,FR-OCC,,no,,,,LF1231,http://ulm.hydro.airdeslacs.free.fr/nouveausite/index.html,,
528481,FR-0582,small_airport,La Boissière Airfield,49.124774,0.142758,540,EU,FR,FR-NOR,"La Boissière, Calvados",no,,,,LF1452,,,
528482,FR-0583,small_airport,Poullaouen Le Stancou Airfield,48.357222,-3.663333,492,EU,FR,FR-BRE,,no,,,,LF2922,,,
528483,FR-0584,small_airport,domaine Aliso Rossi Airfield,42.646944,9.288056,49,EU,FR,FR-COR,,no,,,,LF2B24,,,
528484,FR-0585,small_airport,Neuvy le Roi Airfield,47.586667,0.628611,400,EU,FR,FR-CVL,,no,,,,LF3721,http://www.ulmracan.fr,,
528485,FR-0586,small_airport,Orbigny Les Pallis Airfield,47.221389,1.285556,528,EU,FR,FR-CVL,,no,,,,LF3724,,,
528486,FR-0587,small_airport,Loches Airfield,47.153889,1.014167,390,EU,FR,FR-CVL,,no,,,,LF3752,http://www.natur-ailes.fr,,
528487,FR-0588,small_airport,Morand Airfield,47.537222,1.016944,377,EU,FR,FR-CVL,"Morand, Indre-et-Loire",no,,,,LF3759,,,
528488,FR-0589,small_airport,Roanne Mably Airfield,46.08561,4.086736,895,EU,FR,FR-ARA,"Mably, Loire",no,,,,LF4225,https://lesailesdumerlin.fr/,,Base ULM Roanne Mably
528489,FR-0590,small_airport,L'Isle sur Tarn Airfield,43.856944,1.820833,394,EU,FR,FR-OCC,,no,,,,LF8151,https://ulmsaintmartin.wordpress.com/,,
528490,FR-0591,small_airport,Albi Castelvert Airfield,43.83,2.121111,800,EU,FR,FR-OCC,,no,,,,LF8156,https://www.castelvert.com/,,
528491,FR-0592,heliport,Carcassonne Montredon Centre Hospitalier Heliport,43.219722,2.394444,352,EU,FR,FR-OCC,Carcassonne,no,,,,,,,
528492,FR-0593,heliport,La Roche Sur Yon Centre Hospitalier Heliport,46.668225,-1.413508,343,EU,FR,FR-PDL,,no,,,,,,,
528493,FR-0594,heliport,Bagnols-sur-Cèze Hospital Heliport,44.158397,4.615848,285,EU,FR,FR-OCC,"Bagnols-sur-Cèze, Gard",no,,,,,,,
528494,FR-0595,heliport,Nouvelle Clinique Tours Plus Saint-Gatien Alliance Helipad,47.433472,0.666564,371,EU,FR,FR-CVL,St-Cyr-sur-Loire,no,,,,,https://nctplus.com/,,
528589,FR-0596,small_airport,Trimbach Airfield,48.938056,8.007778,574,EU,FR,FR-GES,,no,,,,LF6752,,,
528591,FR-0597,small_airport,Schillersdorf Ultralight Airfield,48.870833,7.516944,676,EU,FR,FR-GES,"Schillersdorf, Bas-Rhin",no,,,,LF6755,http://terrainulmschillersdorf.eklablog.com/,,Base ULM de Schillersdorf
528592,FR-0598,small_airport,Les Cigognes d'Epfig Ultralight Airfield,48.338333,7.477778,552,EU,FR,FR-GES,"Epfig, Bas-Rhin",no,,,,LF6757,,,
528595,FR-0599,small_airport,Aignes et Puyperoux Airfield,45.461667,0.157778,619,EU,FR,FR-NAQ,,no,,,,LF1651,https://www.ulmclubmontmorelien.fr/,,
528596,FR-0600,small_airport,Champ rose Airfield,45.356667,0.109722,210,EU,FR,FR-NAQ,,no,,,,LF1654,https://www.domainedechamprose.fr/autres-prestations.html,,
528597,FR-0601,small_airport,Beaumont Airfield,44.766111,0.724722,508,EU,FR,FR-NAQ,,no,,,,LF2422,,,
528598,FR-0602,small_airport,Eyrignac Airfield,44.943056,1.311944,820,EU,FR,FR-NAQ,,no,,,,LF2426,,,
528599,FR-0603,small_airport,Saint Julien Airfield,44.728611,0.446111,449,EU,FR,FR-NAQ,,no,,,,LF2436,,,
528600,FR-0604,small_airport,Sanet Agonac Airfield,45.2525,0.763056,659,EU,FR,FR-NAQ,,no,,,,LF2452,,,
528601,FR-0605,small_airport,Ferme Milhac- Oie en Périgord Airfield,45.113333,0.9225,754,EU,FR,FR-NAQ,,no,,,,LF2453,http://perigord.ulm.free.fr/,,
528602,FR-0606,small_airport,Plazac Airfield,45.026667,1.014167,700,EU,FR,FR-NAQ,,no,,,,LF2462,,,
528603,FR-0607,small_airport,Thénac Airfield,44.745278,0.325556,328,EU,FR,FR-NAQ,,no,,,,LF2463,,,
528605,FR-0608,small_airport,Le Pas de l'Aze Airfield,45.22,0.478056,495,EU,FR,FR-NAQ,,no,,,,LF2465,https://www.ulmtocanesaintapre.com,,
528607,FR-0609,small_airport,Malbec Airfield,45.007778,1.016111,850,EU,FR,FR-NAQ,,no,,,,LF2467,http://malbec-ulm.x10.mx,,
528608,FR-0610,small_airport,Sainte Foy Airfield,44.629444,-0.156667,217,EU,FR,FR-NAQ,,no,,,,LF3323,,,
528609,FR-0611,small_airport,Cabanac et Villagrains Airfield,44.614167,-0.576389,192,EU,FR,FR-NAQ,,no,,,,LF3324,http://association.virages.free.fr/,,
528610,FR-0612,small_airport,Campin Airfield,44.436389,-0.021944,335,EU,FR,FR-NAQ,,no,,,,LF3351,,,
528611,FR-0613,small_airport,Cestas Airfield,44.701944,-0.785278,192,EU,FR,FR-NAQ,,no,,,,LF3354,http://www.libaileul.net/,,
528612,FR-0614,small_airport,ulm air estuaire Airfield,45.015,-0.498333,9,EU,FR,FR-NAQ,,no,,,,LF3355,,,
528613,FR-0615,small_airport,Saint Estèphe Airfield,45.236111,-0.752222,6,EU,FR,FR-NAQ,,no,,,,LF3356,,,
528614,FR-0616,small_airport,Amou Airfield,43.587222,-0.765278,250,EU,FR,FR-NAQ,,no,,,,LF4051,,,
528615,FR-0617,seaplane_base,Latécoère Seaplane base,44.353889,-1.167222,59,EU,FR,FR-NAQ,Biscarrosse,no,,,LFHB,,,,LF4052
528616,FR-0618,small_airport,Castillonnès Airfield,44.698611,0.638889,394,EU,FR,FR-NAQ,,no,,,,LF4722,https://www.aeroclubcastillonnes.fr/,,
528617,FR-0619,small_airport,Sembas Airfield,44.3375,0.649444,787,EU,FR,FR-NAQ,,no,,,,LF4725,,,
528619,FR-0620,small_airport,Tremons Airfield,44.408056,0.890833,341,EU,FR,FR-NAQ,,no,,,,LF4726,,,
528621,FR-0621,small_airport,Saumont Gentieu Airfield,44.111667,0.466111,410,EU,FR,FR-NAQ,,no,,,,LF4729,,,
528622,FR-0622,small_airport,MIROND'AILES Airfield,44.599167,0.341389,249,EU,FR,FR-NAQ,,no,,,,LF4730,,,
528623,FR-0623,closed,Clairac Airfield,44.361111,0.403889,98,EU,FR,FR-NAQ,,no,,,,,,,LF4732
528624,FR-0624,small_airport,Lamourache Nord Airfield,44.622778,0.193333,364,EU,FR,FR-NAQ,,no,,,,LF4733,,,
528625,FR-0625,small_airport,Lavardac Airfield,44.170833,0.308611,180,EU,FR,FR-NAQ,,no,,,,LF4735,https://airalbret-ulm-47.jimdosite.com/,,
528626,FR-0626,small_airport,Lévignac de Guyenne Airfield,44.619444,0.231389,213,EU,FR,FR-NAQ,,no,,,,LF4736,,,
528628,FR-0627,small_airport,Saint Jean de Duras Airfield,44.708056,0.296944,410,EU,FR,FR-NAQ,,no,,,,LF4737,,,
528629,FR-0628,small_airport,Villeton Airfield,44.356944,0.286111,85,EU,FR,FR-NAQ,,no,,,,LF4738,,,
528630,FR-0629,small_airport,Fourques Airfield,44.466667,0.161944,70,EU,FR,FR-NAQ,,no,,,,LF4751,https://www.ulmfourques.fr,,
528631,FR-0630,small_airport,Segalas Airfield,44.591389,0.556944,436,EU,FR,FR-NAQ,,no,,,,LF4752,,,
528633,FR-0631,small_airport,Caudecoste Airfield,44.105278,0.725833,380,EU,FR,FR-NAQ,,no,,,,LF4753,,,
528634,FR-0632,small_airport,Fauillet Airfield,44.419444,0.295,100,EU,FR,FR-NAQ,,no,,,,LF4754,,,
528635,FR-0633,small_airport,Mascar Airfield,44.649167,0.818889,300,EU,FR,FR-NAQ,,no,,,,LF4755,,,
528636,FR-0634,small_airport,Bouglon Airfield,44.401389,0.110833,246,EU,FR,FR-NAQ,,no,,,,LF4756,,,
528637,FR-0635,small_airport,Boeil Bezing Airfield,43.245,-0.213333,1000,EU,FR,FR-NAQ,,no,,,,LF6422,,,
528638,FR-0636,small_airport,Gurmençon Airfield,43.159722,-0.606667,860,EU,FR,FR-NAQ,,no,,,,LF6425,,,
528641,FR-0637,small_airport,Maslacq Airfield,43.446667,-0.695,256,EU,FR,FR-NAQ,,no,,,,LF6427,,,
528642,FR-0638,small_airport,Claracq Villa les Palmiers Airfield,43.494722,-0.288056,787,EU,FR,FR-NAQ,,no,,,,LF6429,,,
528643,FR-0639,small_airport,Navarrenx Airfield,43.340556,-0.710278,876,EU,FR,FR-NAQ,,no,,,,LF6431,https://www.volpy-ulm.com,,
528644,FR-0640,small_airport,Ozenx Montrestrucq Airfield,43.433074,-0.80036,295,EU,FR,FR-NAQ,,no,,,,LF6432,,,
528645,FR-0641,small_airport,Andoins Airfield,43.2975,-0.236111,919,EU,FR,FR-NAQ,,no,,,,LF6451,,,
528646,FR-0642,small_airport,Sames Airfield,43.538056,-1.182778,7,EU,FR,FR-NAQ,,no,,,,LF6452,http://www.paramoteur64.com/,,
528647,FR-0643,small_airport,Malaussanne Airfield,43.568611,-0.475556,490,EU,FR,FR-NAQ,,no,,,,LF6454,,,
528648,FR-0644,small_airport,Sévignacq Airfield,43.448056,-0.281389,650,EU,FR,FR-NAQ,,no,,,,LF6456,,,
528649,FR-0645,small_airport,Saint Pée sur Nivelle Airfield,43.338889,-1.529444,302,EU,FR,FR-NAQ,,no,,,,LF6457,http://cotebasqueparamoteur.fr/,,
528650,FR-0646,small_airport,Pommevic Airfield,44.084167,0.925833,226,EU,FR,FR-OCC,,no,,,,LF8233,http://ulm-pommevic.fr/,,
528651,FR-0647,small_airport,Dunes Airfield,44.107778,0.775,236,EU,FR,FR-OCC,,no,,,,LF8251,,,
528652,FR-0648,small_airport,Boissay Ludovic Airfield,44.108056,0.981667,312,EU,FR,FR-OCC,,no,,,,LF8262,,,
528654,FR-0649,small_airport,Mauzens et Miremont Airfield,44.999722,0.906389,800,EU,FR,FR-NAQ,,no,,,,LF2468,,,
528655,FR-0650,small_airport,Campsegret Airfield,44.961111,0.563889,567,EU,FR,FR-NAQ,,no,,,,LF2469,,,
528656,FR-0651,small_airport,Château Vénus Airfield,44.629167,-0.376944,70,EU,FR,FR-NAQ,,no,,,,LF3357,https://chateauvenus.com/bapteme-de-lair/,,
528657,FR-0652,small_airport,Moncouche Airfield,45.095,0.637778,630,EU,FR,FR-NAQ,,no,,,,LF2470,https://sites.google.com/view/lesvolsdejps/lf2470,,
528658,FR-0653,small_airport,Bouloc Airfield,44.307778,1.080556,745,EU,FR,FR-OCC,,no,,,,LF8223,https://www.bouloc-skydive.com/,,
528659,FR-0654,small_airport,Montaigu de Quercy Valprionde Airfield,44.365,1.092222,883,EU,FR,FR-OCC,,no,,,,LF4628,,,
528661,FR-0655,small_airport,Tartas Airfield,43.829722,-0.763056,173,EU,FR,FR-NAQ,,no,,,,LF4053,http://cotebasqueparamoteur.fr,,
528662,FR-0656,small_airport,Montaigu de Quercy Couloussac Airfield,44.364167,1.087222,882,EU,FR,FR-OCC,,no,,,,LF8228,,,
528663,FR-0657,small_airport,Benesse Maremne Airfield,43.641667,-1.391111,13,EU,FR,FR-NAQ,,no,,,,LF4054,https://bapteme-ulm-landes.fr/,,
528718,FR-0658,small_airport,Adventure Paramoteur Alsace Airfield,48.709167,7.737222,459,EU,FR,FR-GES,,no,,,,LF6758,,,
528719,FR-0659,closed,Le Rigola Bourdeilles Airfield,45.303889,0.596389,580,EU,FR,FR-NAQ,,no,,,,,,,LF2437
528720,FR-0660,small_airport,Tieleman Aviation Airfield,45.288333,0.514167,509,EU,FR,FR-NAQ,,no,,,,LF2471,,,
528721,FR-0661,small_airport,Graissac le Faula Airfield,44.770833,2.788611,2800,EU,FR,FR-OCC,,no,,,,LF1225,,,
528722,FR-0662,small_airport,Sarrans Cantoin Airfield,44.826111,2.843333,10302,EU,FR,FR-OCC,,no,,,,LF1233,https://www.ulm-cantoin.fr/,,
528723,FR-0663,small_airport,Le Bruel Airfield,44.743056,2.200278,1427,EU,FR,FR-ARA,,no,,,,LF1553,,,
528724,FR-0664,small_airport,Mazeyrat Airfield,45.108056,3.503611,1700,EU,FR,FR-ARA,,no,,,,LF4321,,,
528725,FR-0665,small_airport,Charbonnières les Vieilles Airfield,46.013611,3.023889,2067,EU,FR,FR-ARA,,no,,,,LF6324,,,
528726,FR-0666,small_airport,Jayet Gannat Airfield,46.07082,3.19923,1192,EU,FR,FR-ARA,"Saint-Genès-du-Retz, Puy-de-Dôme",no,,,,LF6326,,,
528727,FR-0667,small_airport,Aubiat Sardon Airfield,45.979722,3.2275,1160,EU,FR,FR-ARA,"Sardon, Puy-de-Dôme",no,,,,LF6329,,,
528728,FR-0668,small_airport,Grand Prouilhat Airfield,45.932778,3.316389,1010,EU,FR,FR-ARA,"Maringues, Puy-de-Dôme",no,,,,LF6352,https://www.maringues-ulm.fr,,Base ULM de Maringues
528729,FR-0669,small_airport,Tinhlat Airfield,45.729722,3.299444,1170,EU,FR,FR-ARA,"Billom, Puy-de-Dôme",no,,,,LF6353,,,
528730,FR-0670,small_airport,Bort-l'Étang Airfield,45.7937,3.435736,1286,EU,FR,FR-ARA,Bort-l'Étang,no,,,,LF6357,,,
528731,FR-0671,small_airport,Mounier Haut Airfield,46.027222,3.668611,2503,EU,FR,FR-ARA,,no,,,,LF0370,,,
528732,FR-0672,small_airport,Sailles Saint-Nectaire Airfield,45.596111,3.0025,3018,EU,FR,FR-ARA,"Saint-Nectaire, Puy-de-Dôme",no,,,,LF6358,,,
528733,FR-0673,small_airport,Calviac Airfield,44.927222,2.068056,2100,EU,FR,FR-OCC,,no,,,,LF4621,,,
528734,FR-0674,small_airport,La Sauvetat Aubusson-d'Auvergne Airfield,45.756156,3.583881,1399,EU,FR,FR-ARA,"Aubusson-d'Auvergne, Puy-de-Dôme",no,,,,LF6359,,,
528735,FR-0675,small_airport,Moulins le Haut Bois Airfield,48.001667,-1.352222,200,EU,FR,FR-BRE,"Moulins, Ille-et-Vilaine",no,,,,LF3531,,,Bretagne Paramoteur
528736,FR-0676,small_airport,Amanlis Janzé Airfield,47.993056,-1.491389,203,EU,FR,FR-BRE,,no,,,,LF3552,,,
528737,FR-0677,small_airport,La Baillée sous Champ Fleu Airfield,48.1875,-1.496389,171,EU,FR,FR-BRE,"Liffré, Ille-et-Vilaine",no,,,,LF3557,,,
528738,FR-0678,small_airport,Queneleuc Airfield,48.098333,-2.076389,246,EU,FR,FR-BRE,,no,,,,LF3558,,,
528739,FR-0679,small_airport,Quily Airfield,47.883333,-2.486944,436,EU,FR,FR-BRE,,no,,,,LF5654,,,
528741,FR-0680,small_airport,Auxey Duresses Airfield,46.998889,4.735,1378,EU,FR,FR-BFC,,no,,,,LF2121,,,
528742,FR-0681,small_airport,Chaume-et-Courchamp Airfield,47.575603,5.351686,930,EU,FR,FR-BFC,"Chaume-et-Courchamp, Côte-d'Or",no,,,,LF2122,,,
528744,FR-0682,small_airport,Dampierre et Flée Airfield,47.4775,5.358333,820,EU,FR,FR-BFC,,no,,,,LF2123,,,
528745,FR-0683,closed,Chazan Airfield,47.215079,4.904487,1516,EU,FR,FR-BFC,"Chambœuf, Côte-d'Or",no,,,,,,,LF2127
528746,FR-0684,small_airport,Souhil Airfield,47.9225,4.768611,792,EU,FR,FR-BFC,Courban,no,,,,LF2132,,,
528747,FR-0685,small_airport,Recey Le Mont de Lucey Airfield,47.794167,4.855,1300,EU,FR,FR-BFC,Leuglay,no,,,,LF2134,,,
528748,FR-0686,small_airport,Saint-Romain Airfield,47.016944,4.699722,1790,EU,FR,FR-BFC,,no,,,,LF2162,http://www.saintromain.free.fr/,,
528749,FR-0687,small_airport,Nantoux Airfield,47.023889,4.757222,1138,EU,FR,FR-BFC,,no,,,,LF2163,,,
528750,FR-0688,small_airport,Blanot Airfield,47.173889,4.233611,1575,EU,FR,FR-BFC,"Blanot, Côte-d'Or",no,,,,LF2164,,,
528751,FR-0689,small_airport,Ville Langy Airfield,46.9475,3.490278,902,EU,FR,FR-BFC,,no,,,,LF5825,,,
528752,FR-0690,small_airport,Champlemy Airfield,47.290833,3.363333,1020,EU,FR,FR-BFC,,no,,,,LF5826,,,
528753,FR-0691,small_airport,Luzy Airfield,46.779167,3.983333,920,EU,FR,FR-BFC,,no,,,,LF5827,http://lestroisailes.free.fr,,
528754,FR-0692,small_airport,Béard Airfield,46.864722,3.335833,770,EU,FR,FR-BFC,,no,,,,LF5854,,,
528755,FR-0693,small_airport,La Clayette Ultralight Airfield,46.302752,4.296982,1230,EU,FR,FR-BFC,"La Clayette, Saône-et-Loire",no,,,,LF7151,https://clubulmdebourgogne.fr,,"Base ULM de La Clayette, Club ULM de Bourgogne"
528756,FR-0694,small_airport,Brancion Airfield,46.54,4.792222,1310,EU,FR,FR-BFC,"Martailly-lès-Brancion, Saône-et-Loire",no,,,,LF7153,,,
528757,FR-0695,small_airport,Bray sur Seine Airfield,48.431944,3.273056,180,EU,FR,FR-IDF,,no,,,,LF7753,,,
528758,FR-0696,small_airport,Courgenay Airfield,48.315833,3.556944,581,EU,FR,FR-BFC,,no,,,,LF8922,,,
528759,FR-0697,small_airport,Cravant Vincelles Airfield,47.690556,3.663333,360,EU,FR,FR-BFC,"Vincelles, Yonne",no,,,,LF8951,,,
528760,FR-0698,small_airport,Vaufoin Airfield,48.106389,3.356667,590,EU,FR,FR-BFC,"Les Bordes, Yonne",no,,,,LF8952,,,
528761,FR-0699,small_airport,Egriselles-le-Bocage Airfield,48.116944,3.168611,643,EU,FR,FR-BFC,,no,,,,LF8953,,,
528762,FR-0700,small_airport,Saint Fargeau Airfield,47.621944,3.106389,765,EU,FR,FR-BFC,,no,,,,LF8955,,,
528763,FR-0701,small_airport,Saint Martin des Champs Airfield,47.665278,3.044167,665,EU,FR,FR-BFC,,no,,,,LF8957,,,
528764,FR-0702,small_airport,Le Charmois Airfield,47.019722,3.779444,919,EU,FR,FR-BFC,,no,,,,LF5855,,,
528765,FR-0703,small_airport,ulm St Eusebe Airfield,46.725556,4.449444,1050,EU,FR,FR-BFC,,no,,,,LF7154,,,
528766,FR-0704,small_airport,Coust Colombiers Airfield,46.679167,2.574444,720,EU,FR,FR-CVL,,no,,,,LF1821,,,
528768,FR-0705,small_airport,Guilly Airfield,47.148333,2.598889,574,EU,FR,FR-CVL,,no,,,,LF1822,,,
528769,FR-0706,small_airport,Dun sur Auron Airfield,46.876111,2.503611,515,EU,FR,FR-CVL,,no,,,,LF1852,,,
528770,FR-0707,small_airport,Sainte Thorette Airfield,47.075833,2.213889,400,EU,FR,FR-CVL,,no,,,,LF1853,https://abul.asso.fr/new/,,
528771,FR-0708,small_airport,Saint Christophe Airfield,46.580278,2.403889,880,EU,FR,FR-CVL,,no,,,,LF1854,,,
528772,FR-0709,small_airport,Jouet sur l'Aubois Airfield,47.0425,2.995556,640,EU,FR,FR-CVL,,no,,,,LF1856,,,
528773,FR-0710,small_airport,Le Pouyollet Lizières Airfield,46.2125,1.572222,1380,EU,FR,FR-NAQ,,no,,,,LF2353,,,
528774,FR-0711,small_airport,Loulappe Airfield,48.438333,1.274444,577,EU,FR,FR-CVL,"Saint-Luperce, Eure-et-Loir",no,,,,LF2823,,,
528775,FR-0712,small_airport,Santilly Airfield,48.158889,1.853333,425,EU,FR,FR-CVL,,no,,,,LF2825,,,
528776,FR-0713,small_airport,Voves Viabon Airfield,48.210459,1.673334,476,EU,FR,FR-CVL,"Éole-en-Beauce, Eure-et-Loir",no,,,,LF2829,http://www.jabiru.fr/,,
528777,FR-0714,small_airport,Houville La Branche Airfield,48.453056,1.629722,496,EU,FR,FR-CVL,,no,,,,LF2851,,,
528778,FR-0715,small_airport,La Maison des Pionniers Airfield,48.824444,1.583889,360,EU,FR,FR-CVL,"Saint-Lubin-de-la-Haye, Eure-et-Loir",no,,,,LF2855,,,
528779,FR-0716,small_airport,Brandes La Perouille Airfield,46.690833,1.530278,535,EU,FR,FR-CVL,,no,,,,LF3623,,,
528780,FR-0717,small_airport,Vicq sur Nahon Airfield,47.110833,1.563611,500,EU,FR,FR-CVL,,no,,,,LF3625,,,
528781,FR-0718,small_airport,Prissac Airfield,46.519444,1.311944,582,EU,FR,FR-CVL,,no,,,,LF3628,http://www.aerodrome-prissac-ulm.fr/,,
528782,FR-0719,closed,Le Pavillon Airfield,46.673333,1.461944,525,EU,FR,FR-CVL,,no,,,,,,,LF3630
528783,FR-0720,small_airport,Reuilly Airfield,47.075556,2.025556,495,EU,FR,FR-CVL,,no,,,,LF3651,http://www.ulmazur.fr,,
528784,FR-0721,small_airport,Villentrois Les Mardelles Airfield,47.17,1.444444,413,EU,FR,FR-CVL,,no,,,,LF3652,,,
528785,FR-0722,small_airport,Channay-Rillé Airfield,47.461034,0.236731,300,EU,FR,FR-CVL,"Rillé, Indre-et-Loire",no,,,,LF3753,https://www.ulm-channay.com,,"Base ULM Channay-Rillé, Base ULM Channay-sur-Lathan"
528786,FR-0723,small_airport,Saint Branchs Airfield,47.221111,0.737778,300,EU,FR,FR-CVL,,no,,,,LF3754,,,
528788,FR-0724,small_airport,Ferme de la Braudière Airfield,47.562222,0.307222,256,EU,FR,FR-CVL,,no,,,,LF3760,http://www.aero-hesbaye.eu/Voyages/labaudriere/labaudriere.htm,,
528789,FR-0725,small_airport,Les Bardellières Airfield,47.498056,0.437778,360,EU,FR,FR-CVL,,no,,,,LF3765,,,
528790,FR-0726,small_airport,Souesmes Airfield,47.448333,2.210833,443,EU,FR,FR-CVL,,no,,,,LF4123,,,
528791,FR-0727,small_airport,Sougé Airfield,47.7625,0.738889,203,EU,FR,FR-CVL,,no,,,,LF4124,,,
528792,FR-0728,small_airport,Montrichard Airfield,47.335278,1.203056,210,EU,FR,FR-CVL,,no,,,,LF4125,,,
528793,FR-0729,small_airport,Cosseneux Vouzon Airfield,47.6025,2.086667,394,EU,FR,FR-CVL,,no,,,,LF4129,,,
528794,FR-0730,small_airport,Pontlevoy Airfield,47.385278,1.218889,347,EU,FR,FR-CVL,,no,,,,LF4130,,,
528795,FR-0731,small_airport,Chauvigny du Perche Airfield,47.948889,1.068889,623,EU,FR,FR-CVL,,no,,,,LF4153,,,
528796,FR-0732,small_airport,Chouzy-sur-Cisse Airfield,47.506944,1.232778,210,EU,FR,FR-CVL,,no,,,,LF4155,,,
528797,FR-0733,small_airport,Frepelle Airfield,47.826605,1.319255,419,EU,FR,FR-CVL,"Oucques la Nouvelle, Loir-et-Cher",no,,,,LF4156,http://www.avoileetamoteur.fr,,
528798,FR-0734,small_airport,Selles Saint Denis Airfield,47.4,1.916944,293,EU,FR,FR-CVL,,no,,,,LF4157,,,
528799,FR-0735,closed,Ligny Airfield,47.705556,1.778333,371,EU,FR,FR-CVL,"Ligny-le-Ribault, Loiret",no,,,,,,,LF4524
528801,FR-0736,small_airport,Beaugency Airfield,47.749467,1.578984,335,EU,FR,FR-CVL,"Lestiou, Loir-et-Cher",no,,,,LF4553,,,
528802,FR-0737,small_airport,Mardié Airfield,47.903611,2.067778,365,EU,FR,FR-CVL,,no,,,,LF4555,http://ucom-paramoteur.fr,,
528803,FR-0738,small_airport,Marsainvilliers Airfield,48.221667,2.261111,416,EU,FR,FR-CVL,,no,,,,LF4556,http://www.lesdrolesdoiseaux.fr,,
528804,FR-0739,small_airport,Villemoutier Airfield,47.970278,2.573611,328,EU,FR,FR-CVL,,no,,,,LF4557,,,
528816,FR-0740,small_airport,Cravant Les Lilas Airfield,47.836706,1.617899,377,EU,FR,FR-CVL,"Cravant, Loiret",no,,,,LF4558,https://www.les-lilas.org/relais-u-l-m,,
528818,FR-0741,small_airport,Egry Airfield,48.106389,2.448056,361,EU,FR,FR-CVL,,no,,,,LF4559,,,
528819,FR-0742,small_airport,Les Avant Gardes Airfield,47.813056,2.235278,350,EU,FR,FR-CVL,,no,,,,LF4561,https://www.les-avant-gardes.com/,,
528820,FR-0743,small_airport,St Germain Airfield,47.958333,2.843333,450,EU,FR,FR-CVL,,no,,,,LF4562,,,
528821,FR-0744,small_airport,Saint-Pierre-de-Chevillé Airfield,47.633333,0.452222,347,EU,FR,FR-PDL,"Saint-Pierre-de-Chevillé, Sarthe",no,,,,LF7253,,,Base ULM de  Saint-Pierre-de-Chevillé
528822,FR-0745,small_airport,Brigueil le Chantre Airfield,46.366944,1.080833,623,EU,FR,FR-NAQ,,no,,,,LF8654,,,
528823,FR-0746,small_airport,Bellac Airfield,46.130278,1.078056,820,EU,FR,FR-NAQ,,no,,,,LF8726,https://aeroclubdebellacblanzac.blogspot.com/,,
528824,FR-0747,small_airport,Azat le Ris Airfield,46.332222,1.034167,657,EU,FR,FR-NAQ,,no,,,,LF8755,,,
528825,FR-0748,small_airport,Berneuil Airfield,46.051667,1.101667,975,EU,FR,FR-NAQ,,no,,,,LF8758,,,
528827,FR-0749,small_airport,ULM La Cave Airfield,47.872222,2.454444,410,EU,FR,FR-CVL,,no,,,,LF4565,,,
528828,FR-0750,closed,Saint Benoit du Sault Airfield,46.453611,1.404444,770,EU,FR,FR-CVL,,no,,,,,,,LF3622
528829,FR-0751,small_airport,Portalier Airfield,43.6325,1.118889,450,EU,FR,FR-OCC,,no,,,,LF3272,,,
528830,FR-0752,small_airport,Saint Hippolyte Airfield,47.061389,1.144167,423,EU,FR,FR-CVL,,no,,,,LF3755,,,
528831,FR-0753,seaplane_base,Chouzy sur Cisse Hydro base,47.498889,1.238056,197,EU,FR,FR-CVL,,no,,,,LF4158,https://www.aildor.fr/,,
528832,FR-0754,small_airport,Montardoise Airfield,48.468056,4.197778,580,EU,FR,FR-GES,"Montsuzain, Aube",no,,,,LF1021,,,
528833,FR-0755,small_airport,Viâpres-le-Petit Airfield,48.569167,4.032778,250,EU,FR,FR-GES,"Viâpres-le-Petit, Aube",no,,,,LF1054,,,
528834,FR-0756,small_airport,Servon-Melzicourt Airfield,49.205,4.830833,410,EU,FR,FR-GES,"Servon-Melzicourt, Marne",no,,,,LF5122,,,
528835,FR-0757,small_airport,Courtisols les Houches Airfield,48.995278,4.496667,492,EU,FR,FR-GES,"Courtisols, Marne",no,,,,LF5123,https://www.ulm-courtisols.com/,,
528836,FR-0758,small_airport,Reims Concept Ultralight Airfield,49.204332,3.733799,557,EU,FR,FR-GES,"Lagery, Marne",no,,,,LF5124,,,
528837,FR-0759,closed,Bouzy Airfield,49.082222,4.136667,360,EU,FR,FR-GES,"Bouzy, Marne",no,,,,,,,LF5152
528838,FR-0760,seaplane_base,Lac du Der Seaplane Base,48.566667,4.73,436,EU,FR,FR-GES,Giffaumont-Champaubert,no,,,,LF5154,,,
528839,FR-0761,closed,Champagne Vol Libre Airfield,48.936111,4.061667,335,EU,FR,FR-GES,"Villeneuve-Renneville-Chevigny, Marne",no,,,,,,,LF5155
528840,FR-0762,small_airport,Harricourt la Gonio Airfield,48.280383,4.913463,1214,EU,FR,FR-GES,Colombey-les-Deux-Églises,no,,,,LF5224,,,
528841,FR-0763,small_airport,Laville-aux-Bois Airfield,48.092778,5.201944,1227,EU,FR,FR-GES,"Laville-aux-Bois, Haute-Marne",no,,,,LF5225,https://www.ulm-passionailes52.fr/,,
528842,FR-0764,small_airport,Les Ailes du Der Airfield,48.435622,4.851837,561,EU,FR,FR-GES,Sommevoire,no,,,,LF5252,,,
528843,FR-0765,small_airport,Fontarce Airfield,48.130358,4.599342,804,EU,FR,FR-GES,"Vitry-le-Croisé, Aube",no,,,,LF1057,,,
528844,FR-0766,small_airport,Les Potes Adon'fe 08 Airfield,49.635,4.284722,335,EU,FR,FR-GES,"Chaumont-Porcien, Ardennes",no,,,,LF0852,,,Base ULM les potes adon'fe 08
528845,FR-0767,small_airport,La Croix du Garçon Airfield,49.250201,4.89151,600,EU,FR,FR-GES,"Binarville, Marne",no,,,,LF5158,,,
528846,FR-0768,small_airport,Vaitella Galeria,42.416111,8.707778,144,EU,FR,FR-COR,,no,,,,LF2B26,,,
528847,FR-0769,small_airport,Saint-Jean-de-Losne Airfield,47.073611,5.266111,600,EU,FR,FR-BFC,"Losne, Côte-d'Or",no,,,,LF2151,,,
528848,FR-0770,small_airport,Lanans Airfield,47.3025,6.453056,1640,EU,FR,FR-BFC,Lanans,no,,,,LF2521,,,
528849,FR-0771,small_airport,Bonnay Airfield,47.333611,6.035833,751,EU,FR,FR-BFC,,no,,,,LF2552,https://www.ulm25.fr/,,
528850,FR-0772,small_airport,Arc-sous-Cicon Airfield,47.045833,6.388889,2608,EU,FR,FR-BFC,"Arc-sous-Cicon, Doubs",no,,,,LF2554,,,
528851,FR-0773,small_airport,Athose Airfield,47.076667,6.289444,2360,EU,FR,FR-BFC,"Les Premiers-Sapins, Doubs",no,,,,LF2555,,,
528852,FR-0774,small_airport,Lombard Airfield,46.769444,5.498333,682,EU,FR,FR-BFC,,no,,,,LF3921,,,
528853,FR-0775,small_airport,Balaiseaux Airfield,46.968611,5.469722,699,EU,FR,FR-BFC,"Balaiseaux, Jura",no,,,,LF3922,,,
528854,FR-0776,small_airport,Boissia Airfield,46.573004,5.710366,1585,EU,FR,FR-BFC,"Boissia, Jura",no,,,,LF3953,,,
528855,FR-0777,small_airport,Vigearde Airfield,47.211667,5.710278,955,EU,FR,FR-BFC,,no,,,,LF3954,,,
528856,FR-0778,small_airport,Aéro Sermange Airfield,47.188056,5.6475,869,EU,FR,FR-BFC,"Sermange, Jura",no,,,,LF3957,,,Jacques Dejeux
528858,FR-0779,small_airport,Masevaux Airfield,47.804167,6.946389,1500,EU,FR,FR-GES,Oberbruck,no,,,,LF6821,,,
528859,FR-0780,small_airport,Soppe Airfield,47.725556,7.096944,1099,EU,FR,FR-GES,Soppe-le-Bas,no,,,,LF6852,http://www.ulm-haut-rhin.fr/,,
528860,FR-0781,small_airport,Bucey-lès-Gy Airfield,47.415,5.871389,1260,EU,FR,FR-BFC,"Bucey-lès-Gy, Haute-Saône",no,,,,LF7021,,,Ferme des Combes
528861,FR-0782,small_airport,Francourt Airfield,47.655,5.738889,869,EU,FR,FR-BFC,"Francourt, Haute-Saône",no,,,,LF7022,,,
528862,FR-0783,small_airport,Saulnot Airfield,47.567778,6.644722,1269,EU,FR,FR-BFC,Saulnot,no,,,,LF7023,,,
528863,FR-0784,small_airport,Tincey Airfield,47.606154,5.785216,764,EU,FR,FR-BFC,"Tincey-et-Pontrebeau,, Haute-Saône",no,,,,LF7025,,,Base ULM de Tincey
528864,FR-0785,small_airport,Arc-lès-Gray Airfield,47.475556,5.569167,718,EU,FR,FR-BFC,"Arc-lès-Gray, Haute-Saône",no,,,,LF7026,,,
528865,FR-0786,small_airport,Lambrey Airfield,47.767778,5.938889,820,EU,FR,FR-BFC,"Lambrey, Haute-Saône",no,,,,LF7027,,,
528866,FR-0787,small_airport,Venisey Airfield,47.835834,5.999608,804,EU,FR,FR-BFC,"Venisey, Haute-Saône",no,,,,LF7028,,,
528867,FR-0788,small_airport,Senoncourt Airfield,47.832855,6.052499,778,EU,FR,FR-BFC,"Senoncourt, Haute-Saône",no,,,,LF7029,,,
528868,FR-0789,small_airport,Bay Airfield,47.301389,5.704167,709,EU,FR,FR-BFC,,no,,,,LF7030,,,
528869,FR-0790,small_airport,Jasney Airfield,47.882644,6.169634,919,EU,FR,FR-BFC,"Jasney, Haute-Saône",no,,,,LF7031,,,Base ULM de Jasney
528870,FR-0791,small_airport,La Malachère Airfield,47.448333,6.070278,925,EU,FR,FR-BFC,"La Malachère, Haute-Saône",no,,,,LF7032,,,
528871,FR-0792,small_airport,Gevigney Airfield,47.796944,5.913056,720,EU,FR,FR-BFC,"Gevigney-et-Mercey, Haute-Saône",no,,,,LF7033,,,
528872,FR-0793,seaplane_base,Lacs de Bonnal,47.517778,6.363889,816,EU,FR,FR-BFC,"Chassey-lès-Montbozon, Haute-Saône",no,,,,LF7034,,,
528873,FR-0794,small_airport,Sagy Airfield,46.615556,5.352778,640,EU,FR,FR-BFC,,no,,,,LF7121,,,
528874,FR-0795,small_airport,Arthenas Airfield,46.574167,5.536389,1560,EU,FR,FR-BFC,,no,,,,LF3958,https://aerocopter.fr/,,
528875,FR-0796,small_airport,La Vrine Ultralight Airfield,46.976793,6.330579,2707,EU,FR,FR-BFC,"Val-d'Usiers, Doubs",no,,,,LF2557,,,Base ULM La Vrine
528876,FR-0797,small_airport,La Selle-en-Hermoy Airfield,48.016111,2.899722,440,EU,FR,FR-CVL,"La Selle-en-Hermoy, Loiret",no,,,,LF4525,,,
528877,FR-0798,small_airport,La Rosétaine Airfield,48.128333,2.937222,429,EU,FR,FR-CVL,,no,,,,LF4560,,,
528878,FR-0799,small_airport,Orgenoy Airfield,48.492806,2.573548,262,EU,FR,FR-IDF,"Boissise-le-Roi, Seine-et-Marne",no,,,,LF7754,,,
528879,FR-0800,small_airport,Thoiry Airfield,48.875357,1.79374,380,EU,FR,FR-IDF,"Thoiry, Yvelines",no,,,,LF7853,http://www.ulm-thoiry.com/,,Base ULM de Thoiry
528880,FR-0801,small_airport,La Ferme des Prés Airfield,48.827778,1.790556,296,EU,FR,FR-IDF,"Boissy-sans-Avoir, Yvelines",no,,,,LF7854,,,
528881,FR-0802,small_airport,Baraigne Airfield,43.323333,1.833611,920,EU,FR,FR-OCC,,no,,,,LF1123,,,
528882,FR-0803,small_airport,Nébias Airfield,42.891667,2.123611,1830,EU,FR,FR-OCC,,no,,,,LF1125,,,
528883,FR-0804,small_airport,Fleury d'Aude Airfield,43.213611,3.13,100,EU,FR,FR-OCC,,no,,,,LF1151,,,
528884,FR-0805,small_airport,Le Peuch Airfield,44.900278,3.106667,3000,EU,FR,FR-ARA,,no,,,,LF1552,,,
528885,FR-0806,small_airport,Saint Victor Airfield,44.0353,4.473412,430,EU,FR,FR-OCC,"Saint-Victor-des-Oules, Gard",no,,,,LF3052,,,
528886,FR-0807,small_airport,Limbardier Airfield,43.325556,3.186111,105,EU,FR,FR-OCC,,no,,,,LF3422,,,
528887,FR-0808,small_airport,Puisserguier Airfield,43.398889,3.033611,606,EU,FR,FR-OCC,,no,,,,LF3423,,,
528888,FR-0809,small_airport,Sauvian Airfield,43.272222,3.250556,91,EU,FR,FR-OCC,,no,,,,LF3424,https://www.airmidipassion.com/,,
528889,FR-0810,small_airport,Mas Nouguier Airfield,43.605833,3.285278,1214,EU,FR,FR-OCC,,no,,,,LF3425,,,
528890,FR-0811,small_airport,Pignan Airfield,43.568333,3.750556,130,EU,FR,FR-OCC,,no,,,,LF3461,,,
528891,FR-0812,small_airport,Saint Drézéry Airfield,43.736944,3.960278,321,EU,FR,FR-OCC,,no,,,,LF3462,,,
528892,FR-0813,small_airport,Les champs blancs Airfield,43.294444,3.474444,36,EU,FR,FR-OCC,,no,,,,LF3467,,,
528893,FR-0814,small_airport,Campagne Airfield,43.792778,4.036667,177,EU,FR,FR-OCC,,no,,,,LF3468,,,
528894,FR-0815,small_airport,Fenestres Airfield,44.844167,3.188056,3610,EU,FR,FR-OCC,,no,,,,LF4825,,,
528895,FR-0816,small_airport,Ribennes La Cheminade Airfield,44.658611,3.341667,3550,EU,FR,FR-OCC,,no,,,,LF4862,,,
528896,FR-0817,small_airport,Air Galamus Airfield,42.820556,2.496389,900,EU,FR,FR-OCC,,no,,,,LF6652,https://www.celuiquivole.com/,,
528897,FR-0818,small_airport,Llupia Airfield,42.623889,2.780556,292,EU,FR,FR-OCC,,no,,,,LF6654,,,
528898,FR-0819,small_airport,Saint Jean Pla de Corts Airfield,42.519722,2.810556,270,EU,FR,FR-OCC,,no,,,,LF6655,,,
528899,FR-0820,small_airport,Montescot Airfield,42.611667,2.938889,55,EU,FR,FR-OCC,,no,,,,LF6656,,,
528900,FR-0821,small_airport,Sète ULM Airfield,43.4,3.654722,3,EU,FR,FR-OCC,,no,,,,LF3469,,,
528902,FR-0822,small_airport,Plaine de Lacan Airfield,43.848889,3.915,466,EU,FR,FR-OCC,,no,,,,LF3470,,,
528910,FR-0823,closed,Canterrane Airfield,42.596944,2.735278,600,EU,FR,FR-OCC,,no,,,,,https://www.canigouairlines.com/,,LF6660
528911,FR-0824,small_airport,Rouveirolle Airfield,43.939444,4.238056,250,EU,FR,FR-OCC,,no,,,,LF3054,,,
528912,FR-0825,small_airport,ST LUC Passa Airfield,42.576111,2.816944,262,EU,FR,FR-OCC,,no,,,,LF6661,,,
528913,FR-0826,closed,Mas Sarda Airfield,42.681111,2.652222,410,EU,FR,FR-OCC,,no,,,,,,,LF6633
528914,FR-0827,small_airport,Lagarde Enval Airfield,45.177222,1.802778,1600,EU,FR,FR-NAQ,,no,,,,LF1926,,,
528915,FR-0828,small_airport,Troches-Pompadour Airfield,45.408056,1.420278,1368,EU,FR,FR-NAQ,,no,,,,LF1927,,,
528916,FR-0829,small_airport,Les Chansèves Airfield,45.09,1.855278,1550,EU,FR,FR-NAQ,,no,,,,LF1951,,,
528917,FR-0830,small_airport,Lagleygeolle Airfield,45.080278,1.673333,1380,EU,FR,FR-NAQ,,no,,,,LF1952,,,
528918,FR-0831,small_airport,Pérols sur Vézère Airfield,45.587222,2.013333,2800,EU,FR,FR-NAQ,,no,,,,LF1953,https://lfde.blog4ever.com/articles/l-altisurface-de-l-aaroclub,,
528919,FR-0832,small_airport,Savignoux Airfield,45.0125,1.781944,886,EU,FR,FR-NAQ,,no,,,,LF1954,http://www.domaine-de-savignoux.fr/EN/microlight,,
528920,FR-0833,small_airport,Sud-Ouest  Aéro-Loisirs Airfield,45.440556,1.226944,1148,EU,FR,FR-NAQ,,no,,,,LF2446,,,
528921,FR-0834,small_airport,Terrasson le Bos Airfield,45.134444,1.336667,292,EU,FR,FR-NAQ,,no,,,,LF2454,,,
528922,FR-0835,small_airport,Saint Priest des Champs Airfield,45.958889,2.748889,2250,EU,FR,FR-ARA,,no,,,,LF6321,,,
528923,FR-0836,small_airport,Saint-Gal-sur-Sioule Les Tabarias Airfield,46.111066,2.991069,1640,EU,FR,FR-ARA,"Saint-Gal-sur-Sioule, Puy-de-Dôme",no,,,,LF6330,,,
528924,FR-0837,small_airport,Verneugheol Airfield,45.768056,2.503889,2395,EU,FR,FR-ARA,,no,,,,LF6354,,,
528925,FR-0838,small_airport,Le Vernet-Sainte-Marguerite Airfield,45.611643,2.946224,3428,EU,FR,FR-ARA,"Le Vernet-Sainte-Marguerite, Puy-de-Dôme",no,,,,LF6355,https://volcenvol-paramoteur.fr/,,
528926,FR-0839,small_airport,Saint-Julien Sancy Airfield,45.660833,2.674444,3140,EU,FR,FR-ARA,,no,,,,LF6356,http://ailesdespuys.fr/,,
528927,FR-0840,small_airport,Peyrelevade Airfield,45.707778,2.0325,2493,EU,FR,FR-NAQ,,no,,,,LF1923,http://www.lesailesdepeyrelevade.fr/,,
528928,FR-0841,small_airport,Herbéviller Airfield,48.556111,6.768889,860,EU,FR,FR-GES,,no,,,,LF5423,,,
528929,FR-0842,small_airport,Hoeville Airfield,48.715,6.438611,1004,EU,FR,FR-GES,,no,,,,LF5451,,,
528930,FR-0843,small_airport,Lalœuf Airfield,48.463333,6.024167,1000,EU,FR,FR-GES,"Lalœuf, Meurthe-et-Moselle",no,,,,LF5454,https://www.libertyfly.fr/,,Laloeuf
528931,FR-0844,small_airport,Chassey-Beaupré Airfield,48.45469,5.446813,1143,EU,FR,FR-GES,"Chassey-Beaupré, Meuse",no,,,,LF5523,,,Base ULM Chassey-Beaupré
528932,FR-0845,small_airport,Beauclair Airfield,49.461745,5.10957,600,EU,FR,FR-GES,"Beauclair, Meuse",no,,,,LF5524,,,
528933,FR-0846,small_airport,Fains-Véel Airfield,48.78,5.110556,827,EU,FR,FR-GES,"Fains-Véel, Meuse",no,,,,LF5525,,,Club ULM Fains-Véel
528934,FR-0847,small_airport,Billy-sous-Mangiennes Airfield,49.325278,5.609722,785,EU,FR,FR-GES,,no,,,,LF5552,,,
528935,FR-0848,small_airport,L'oiseau Blanc Achen Airfield,49.0475,7.161667,980,EU,FR,FR-GES,,no,,,,LF5751,,,
528936,FR-0849,small_airport,Folschviller Airfield,49.074444,6.666389,1160,EU,FR,FR-GES,,no,,,,LF5754,,,
528937,FR-0850,small_airport,Cappel Airfield,49.073611,6.841111,945,EU,FR,FR-GES,,no,,,,LF5757,,,
528938,FR-0851,small_airport,Dropt AltiSurface,47.959167,6.542222,2040,EU,FR,FR-GES,Girmont-Val-d'Ajol,no,,,,LF8852,,,
528939,FR-0852,small_airport,La Bertaucourt Airfield,49.073333,5.751667,669,EU,FR,FR-GES,"Labeuville, Meuse",no,,,,LF5554,,,
528940,FR-0853,small_airport,Ville sur Illon Airfield,48.181111,6.215833,1165,EU,FR,FR-GES,,no,,,,LF8855,,,
528941,FR-0854,small_airport,Langatte Aéro Passion Airfield,48.753333,6.965,836,EU,FR,FR-GES,,no,,,,LF5766,,,
528942,FR-0855,small_airport,Bining Airfield,49.041667,7.242222,1200,EU,FR,FR-GES,,no,,,,LF5726,,,
528943,FR-0856,small_airport,Corniéville Geville Airfield,48.763889,5.695556,904,EU,FR,FR-GES,"Geville, Meuse",no,,,,LF5521,,,
528944,FR-0857,small_airport,Les ailes de Rohrbach Airfield,49.045278,7.254444,1223,EU,FR,FR-GES,,no,,,,LF5759,,,
528945,FR-0858,small_airport,Geville Airfield,48.769928,5.684357,1200,EU,FR,FR-GES,"Geville, Meuse",no,,,,LF5551,https://cirrusairevasion.fr/,,"Au Roppe, Jouy sous les Côtes"
528946,FR-0859,small_airport,Landéan (Fougères) Airfield,48.428333,-1.16,541,EU,FR,FR-BRE,,no,,,,LF3551,,,
528947,FR-0860,small_airport,Mont Saint Michel Airfield,48.604444,-1.551667,16,EU,FR,FR-BRE,,no,,,,LF3553,,,
528948,FR-0861,small_airport,Dragey Airfield,48.705278,-1.493889,147,EU,FR,FR-NOR,,no,,,,LF5021,http://www.ulm-mont-saint-michel.com/Site_de_Dragey.html,,
528949,FR-0862,small_airport,Portbail Airfield,49.335278,-1.713889,49,EU,FR,FR-NOR,,no,,,,LF5022,,,
528950,FR-0863,small_airport,BELLEME St Germain de la Coudr Airfield,48.300556,0.581111,520,EU,FR,FR-NOR,,no,,,,LF6152,https://www.rubyair.fr/medias/files/vac-lf6152-3.pdf,,
528951,FR-0864,small_airport,Piacé Airfield,48.271111,0.103889,305,EU,FR,FR-PDL,,no,,,,LF7228,,,
528952,FR-0865,small_airport,Assé le Riboul Airfield,48.195278,0.099444,300,EU,FR,FR-PDL,,no,,,,LF7258,,,
528953,FR-0866,small_airport,La Cudelais Airfield,48.415,-1.522222,141,EU,FR,FR-BRE,"Bazouges-la-Pérouse, Ille-et-Vilaine",no,,,,LF3559,,,ULM de la Baie
528954,FR-0867,small_airport,Neuville Airfield,48.310153,-1.580569,298,EU,FR,FR-BRE,"Andouillé-Neuville, Ille-et-Vilaine",no,,,,LF3560,,,
528955,FR-0868,small_airport,Le Haut des Places Airfield,48.474167,-1.591111,354,EU,FR,FR-BRE,"Trans-la-Forêt, Ille-et-Vilaine",no,,,,LF3561,,,Helico ULM Aire de la Forêt
528956,FR-0869,small_airport,Lassay les Châteaux Le Rudson Airfield,48.457778,-0.425833,571,EU,FR,FR-PDL,,no,,,,LF5354,,,
528957,FR-0870,small_airport,Champ-Romet Airfield,48.298611,0.453056,250,EU,FR,FR-PDL,,no,,,,LF7263,,,
528958,FR-0871,small_airport,Artigat Airfield,43.146667,1.44,730,EU,FR,FR-OCC,,no,,,,LF0922,,,
528959,FR-0872,small_airport,Ercé Airfield,42.851111,1.297222,2730,EU,FR,FR-OCC,,no,,,,LF0954,,,
528960,FR-0873,small_airport,Ste Croix Airfield,44.413889,1.943333,1128,EU,FR,FR-OCC,,no,,,,LF1232,,,
528961,FR-0874,small_airport,Bozouls Airfield,44.478056,2.747222,1991,EU,FR,FR-OCC,,no,,,,LF1251,http://www.gapulm.fr/,,
528962,FR-0875,small_airport,Saint Félix de Lunel Airfield,44.5625,2.541944,1900,EU,FR,FR-OCC,,no,,,,LF1254,,,
528963,FR-0876,small_airport,Saint Félix Lauragais Airfield,43.438611,1.908889,712,EU,FR,FR-OCC,,no,,,,LF3135,,,
528964,FR-0877,small_airport,Villematier Airfield,43.827222,1.489722,354,EU,FR,FR-OCC,,no,,,,LF3140,,,
528965,FR-0878,small_airport,Gibel Airfield,43.301389,1.7025,980,EU,FR,FR-OCC,,no,,,,LF3158,,,
528966,FR-0879,small_airport,Molas Airfield,43.416667,0.753611,862,EU,FR,FR-OCC,,no,,,,LF3159,,,
528967,FR-0880,small_airport,Cox Airfield,43.7625,1.0525,940,EU,FR,FR-OCC,,no,,,,LF3162,,,
528968,FR-0881,small_airport,Girosp Airfield,43.021667,0.779167,1870,EU,FR,FR-OCC,,no,,,,LF3163,,,
528969,FR-0882,small_airport,Bretagne d'Armagnac Airfield,43.892222,0.145556,419,EU,FR,FR-OCC,,no,,,,LF3221,,,
528970,FR-0883,small_airport,Biran Airfield,43.6775,0.408611,669,EU,FR,FR-OCC,,no,,,,LF3225,,,
528971,FR-0884,small_airport,Manent Montane Airfield,43.346944,0.610833,1001,EU,FR,FR-OCC,,no,,,,LF3227,,,
528972,FR-0885,small_airport,Saint Elix Theux Airfield,43.437222,0.454167,760,EU,FR,FR-OCC,,no,,,,LF3230,,,
528973,FR-0886,small_airport,Idrac Respaillès Airfield,43.511944,0.435278,775,EU,FR,FR-OCC,,no,,,,LF3232,,,
528974,FR-0887,small_airport,Lectoure Marsolan Airfield,43.955278,0.521389,590,EU,FR,FR-OCC,,no,,,,LF3233,,,
528975,FR-0888,small_airport,Simorre le Puntous Airfield,43.439444,0.746944,900,EU,FR,FR-OCC,,no,,,,LF3238,,,
528976,FR-0889,small_airport,Maupas Airfield,43.830556,-0.123611,250,EU,FR,FR-OCC,,no,,,,LF3251,http://ulm.armagnac.free.fr/,,
528977,FR-0890,small_airport,Saint Clar Airfield,43.912222,0.747222,574,EU,FR,FR-OCC,,no,,,,LF3254,http://www.altima-ulm.fr/index.php?option=com_content&view=section&layout=blog&id=6&Itemid=5,,
528978,FR-0891,small_airport,Brugnens Airfield,43.833611,0.731111,597,EU,FR,FR-OCC,,no,,,,LF3255,,,
528979,FR-0892,small_airport,Goux Airfield,43.605833,-0.018056,426,EU,FR,FR-OCC,,no,,,,LF3256,,,
528980,FR-0893,small_airport,Montréal du Gers Airfield,43.943611,0.191944,301,EU,FR,FR-OCC,,no,,,,LF3257,,,
528981,FR-0894,small_airport,Gelard Airfield,43.502778,0.195278,591,EU,FR,FR-OCC,,no,,,,LF3259,,,
528982,FR-0895,small_airport,En Lébé Airfield,43.668333,0.916389,590,EU,FR,FR-OCC,,no,,,,LF3260,https://www.gitedenlebe.fr/,,
528983,FR-0896,small_airport,Bassoues Airfield,43.578333,0.269444,600,EU,FR,FR-OCC,,no,,,,LF3264,,,
528984,FR-0897,small_airport,Mauvezin Airfield,43.736944,0.864444,510,EU,FR,FR-OCC,,no,,,,LF3265,,,
528985,FR-0898,small_airport,Nauxion Airfield,43.737222,0.473611,745,EU,FR,FR-OCC,,no,,,,LF3266,,,
528986,FR-0899,small_airport,Gondrin Airfield,43.906944,0.248889,540,EU,FR,FR-OCC,,no,,,,LF3268,,,
528987,FR-0900,small_airport,ULM LECROS Airfield,43.879722,3.346389,2395,EU,FR,FR-OCC,,no,,,,LF3466,,,
528988,FR-0901,small_airport,Saint Médard de Presque Airfield,44.843056,1.831111,1246,EU,FR,FR-OCC,,no,,,,LF4627,,,
528989,FR-0902,small_airport,Vers Airfield,44.486389,1.533056,981,EU,FR,FR-OCC,,no,,,,LF4631,,,
528990,FR-0903,small_airport,Montfaucon Airfield,44.691111,1.619167,1148,EU,FR,FR-OCC,,no,,,,LF4632,https://ulmclublotois.wixsite.com/ulmclub,,
528991,FR-0904,small_airport,Cézac Airfield,44.3475,1.347778,902,EU,FR,FR-OCC,,no,,,,LF4651,,,
528992,FR-0905,small_airport,Ponson Dessus Airfield,43.295278,-0.064444,1280,EU,FR,FR-NAQ,,no,,,,LF6455,,,
528993,FR-0906,small_airport,Anères Airfield,43.080833,0.466389,1600,EU,FR,FR-OCC,,no,,,,LF6538,,,
528994,FR-0907,small_airport,Luquet Airfield,43.241944,-0.1175,1345,EU,FR,FR-OCC,,no,,,,LF6551,https://www.ulm-luquet.fr/,,
528995,FR-0908,small_airport,Saint Affrique les Montagnes Airfield,43.544722,2.211389,590,EU,FR,FR-OCC,,no,,,,LF8123,http://www.ulm-castres.com/,,
528996,FR-0909,small_airport,La Ramière Airfield,43.7475,1.815556,420,EU,FR,FR-OCC,,no,,,,LF8153,https://www.ulm31.fr/ulm-toulouse/venir-au-club/venir-par-les-airs.html,,
528997,FR-0910,small_airport,Saint Lieux les Lavaur Airfield,43.761389,1.741111,400,EU,FR,FR-OCC,,no,,,,LF8154,https://www.ulm-st-lieux.fr/,,
528998,FR-0911,small_airport,Coufouleux Airfield,43.801667,1.718611,406,EU,FR,FR-OCC,,no,,,,LF8155,,,
528999,FR-0912,small_airport,Roquemaure Airfield,43.821667,1.605278,630,EU,FR,FR-OCC,,no,,,,LF8159,,,
529000,FR-0913,seaplane_base,Rivières Hydrosurface,43.901667,1.971944,489,EU,FR,FR-OCC,,no,,,,LF8160,,,
529001,FR-0914,small_airport,Maubec Solomiac Airfield,43.788333,0.911389,575,EU,FR,FR-OCC,,no,,,,LF8252,,,
529002,FR-0915,small_airport,Léguille Monclar de Quercy Airfield,43.964722,1.556111,432,EU,FR,FR-OCC,,no,,,,LF8253,,,
529003,FR-0916,small_airport,Les Gardios Négrepelisse Airfield,44.080833,1.500833,328,EU,FR,FR-OCC,,no,,,,LF8254,https://ulmbrunet.wordpress.com/,,
529004,FR-0917,small_airport,Banadets Airfield,44.048333,1.283333,280,EU,FR,FR-OCC,,no,,,,LF8255,https://ulmmpy.wixsite.com/ulmmidipyrenee,,
529005,FR-0918,small_airport,Montbartier Airfield,43.899722,1.275833,420,EU,FR,FR-OCC,,no,,,,LF8256,,,
529006,FR-0919,small_airport,Labastide Saint Pierre Airfield,43.898333,1.364444,330,EU,FR,FR-OCC,,no,,,,LF8257,,,
529007,FR-0920,small_airport,Fabas Airfield,43.853889,1.358889,486,EU,FR,FR-OCC,,no,,,,LF8259,,,
529008,FR-0921,small_airport,Nadesse Airfield,43.854167,1.186944,390,EU,FR,FR-OCC,,no,,,,LF8261,,,
529009,FR-0922,small_airport,La Boulouze Airfield,43.499167,1.018889,656,EU,FR,FR-OCC,,no,,,,LF3229,,,
529010,FR-0923,small_airport,Viella Ultralight Airfield,43.611111,-0.12,500,EU,FR,FR-OCC,"Viella, Hautes-Pyrenees",no,,,,LF3269,https://ulmavva.fr/where/,,"Aéro-Club ULM de Viella Val Adour, Base ULM de Viella"
529011,FR-0924,small_airport,Monferran Saves Airfield,43.601944,0.967778,984,EU,FR,FR-OCC,,no,,,,LF3270,,,
529012,FR-0925,small_airport,le tustet Airfield,43.806667,0.6075,420,EU,FR,FR-OCC,,no,,,,LF3271,,,
529013,FR-0926,small_airport,Jourdan Airfield,43.435556,1.152222,770,EU,FR,FR-OCC,,no,,,,LF3164,,,
529014,FR-0927,small_airport,Conques Airfield,44.608889,2.428056,1900,EU,FR,FR-OCC,,no,,,,LF1256,,,
529015,FR-0928,small_airport,Berdoues Airfield,43.470556,0.389167,665,EU,FR,FR-OCC,,no,,,,LF3226,,,
529016,FR-0929,small_airport,Caylus Airfield,44.2225,1.7325,1035,EU,FR,FR-OCC,,no,,,,LF8226,,,
529017,FR-0930,small_airport,Caussade Septfonds Airfield,44.18,1.597222,644,EU,FR,FR-OCC,,no,,,,LF8225,,,
529018,FR-0931,small_airport,La Grand Borde Airfield,43.444167,1.569722,750,EU,FR,FR-OCC,,no,,,,LF3165,,,
529019,FR-0932,seaplane_base,Lac de Maury SPB,44.660278,2.684167,1935,EU,FR,FR-OCC,,no,,,,LF1257,,,
529020,FR-0933,small_airport,Herlies ULM,50.585278,2.838889,102,EU,FR,FR-HDF,Herlies,no,,,,LF5930,https://www.aliz-air.fr/,,"Aliz Air, Base ULM Herlies"
529021,FR-0934,small_airport,Bonavis Airfield,50.083243,3.195148,403,EU,FR,FR-HDF,"Banteux, Nord",no,,,,LF5953,,,
529022,FR-0935,small_airport,Pont toussaint Airfield,50.350833,3.774722,397,EU,FR,FR-HDF,,no,,,,LF5954,,,
529023,FR-0936,small_airport,Courçon Eol'Aunis Airfield,46.248333,-0.830833,39,EU,FR,FR-NAQ,,no,,,,LF1755,,,
529024,FR-0937,small_airport,La Planche Airfield,47.027778,-1.434444,105,EU,FR,FR-PDL,,no,,,,LF4452,,,
529025,FR-0938,small_airport,Nantes Héric Airfield,47.385833,-1.635556,110,EU,FR,FR-PDL,,no,,,,LF4453,https://lesnezauvent.fr/,,
529026,FR-0939,small_airport,La Possardière Airfield,46.964444,-1.703333,65,EU,FR,FR-PDL,,no,,,,LF4455,,,
529027,FR-0940,small_airport,Campbon La Berthelière Airfield,47.420833,-2.011944,146,EU,FR,FR-PDL,,no,,,,LF4457,,,
529028,FR-0941,small_airport,Soulaire Airfield,47.565556,-0.549722,148,EU,FR,FR-PDL,,no,,,,LF4946,,,
529029,FR-0942,small_airport,St Macaire du bois Airfield,47.126389,-0.281389,170,EU,FR,FR-PDL,,no,,,,LF4954,,,
529030,FR-0943,small_airport,Valanjou Airfield,47.224444,-0.568333,262,EU,FR,FR-PDL,,no,,,,LF4955,,,
529031,FR-0944,small_airport,Coutures Airfield,47.366111,-0.330556,100,EU,FR,FR-PDL,,no,,,,LF4956,,,
529032,FR-0945,small_airport,Jumelles Airfield,47.435556,-0.096667,130,EU,FR,FR-PDL,,no,,,,LF4957,,,
529033,FR-0946,small_airport,Andouillé le Tertre picard Airfield,48.177222,-0.850278,410,EU,FR,FR-PDL,,no,,,,LF5321,,,
529034,FR-0947,small_airport,La Bazouge de Chemeré Airfield,48.013056,-0.494167,308,EU,FR,FR-PDL,,no,,,,LF5323,https://sites.google.com/view/pegase-ulm,,
529035,FR-0948,small_airport,Beausoleil Airfield,47.7775,-0.551111,236,EU,FR,FR-PDL,,no,,,,LF5324,,,
529036,FR-0949,small_airport,La Bochet Airfield,47.531667,-2.114444,144,EU,FR,FR-BRE,,no,,,,LF5653,,,
529037,FR-0950,small_airport,Le Cerisier Airfield,48.486667,-0.771944,630,EU,FR,FR-NOR,,no,,,,LF6153,,,
529038,FR-0951,small_airport,Usseau Airfield,46.175,-0.609722,115,EU,FR,FR-NAQ,,no,,,,LF7951,http://www.apilul.fr/,,
529039,FR-0952,small_airport,Saint Philbert de Bouaine Airfield,47.021111,-1.492222,82,EU,FR,FR-PDL,,no,,,,LF8562,,,
529040,FR-0953,small_airport,Coëx La Boissière Airfield,46.723611,-1.757778,115,EU,FR,FR-PDL,,no,,,,LF8563,,,
529041,FR-0954,small_airport,Mouchamps Airfield,46.808611,-1.030556,330,EU,FR,FR-PDL,,no,,,,LF8566,,,
529042,FR-0955,small_airport,la brossette Airfield,46.828333,-1.305556,250,EU,FR,FR-PDL,,no,,,,LF8567,,,
529043,FR-0956,small_airport,La Rogerie Airfield,48.311667,-0.535278,420,EU,FR,FR-PDL,,no,,,,LF5322,,,
529044,FR-0957,small_airport,Les Ailes de la Morière Airfield,46.626667,-1.743889,164,EU,FR,FR-PDL,,no,,,,LF8570,,,
529045,FR-0958,small_airport,Chesnaie ULM Airfield,47.339444,-0.925,320,EU,FR,FR-PDL,,no,,,,LF4958,,,
529046,FR-0959,small_airport,Saint Martin des Fontaines Airfield,46.553611,-0.900556,200,EU,FR,FR-PDL,,no,,,,LF8572,,,
529047,FR-0960,small_airport,Pléchatel Faroulais Airfield,47.873333,-1.740556,361,EU,FR,FR-BRE,,no,,,,LF3563,,,
529048,FR-0961,small_airport,Solib'Ailes Airfield,47.7775,-0.514167,230,EU,FR,FR-PDL,,no,,,,LF4959,https://solib-ailes.com/,,
529049,FR-0962,small_airport,St Brévin les Pins Airfield,47.236389,-2.141667,62,EU,FR,FR-PDL,,no,,,,LF4458,,,
529050,FR-0963,small_airport,Ambrières-les-Vallées Airfield,48.440556,-0.638889,453,EU,FR,FR-PDL,,no,,,,LF5353,https://mayenne-ulm.sportsregions.fr/,,
529051,FR-0964,small_airport,Oisseau Neuville Airfield,48.351111,-0.708889,550,EU,FR,FR-PDL,,no,,,,LF5355,,,
529052,FR-0965,heliport,Gonesse Hospital Heliport,48.99208,2.45152,230,EU,FR,FR-IDF,"Gonesse, Val-d'Oise",no,,,,,,,Centre Hospitalier de Gonesse
529053,FR-0966,small_airport,Frétoy-le-Château Airfield,49.6675,2.968056,270,EU,FR,FR-HDF,"Frétoy-le-Château, Oise",no,,,,LF6023,https://www.skydivefretoy.com/,,
529054,FR-0967,small_airport,La Boisselle Airfield,50.015803,2.688594,279,EU,FR,FR-HDF,"Ovillers-la-Boisselle, Somme",no,,,,LF8021,,,
529055,FR-0968,small_airport,Poix de Picardie Airfield,49.780278,2.001944,604,EU,FR,FR-HDF,"Croixrault, Somme",no,,,,LF8052,,,
529056,FR-0969,small_airport,Saint Même Les Carrières Airfield,45.632778,-0.159722,82,EU,FR,FR-NAQ,,no,,,,LF1628,http://www.charente-ulm.fr/,,
529057,FR-0970,small_airport,Saint Coutant Airfield,46.018889,0.433056,600,EU,FR,FR-NAQ,,no,,,,LF1629,,,
529058,FR-0971,small_airport,Le Luquet Airfield,45.643333,0.331111,400,EU,FR,FR-NAQ,,no,,,,LF1631,,,
529059,FR-0972,small_airport,Brettes Airfield,46.011111,0.0525,400,EU,FR,FR-NAQ,,no,,,,LF1652,,,
529060,FR-0973,small_airport,Saint Ciers Airfield,45.850556,0.265278,314,EU,FR,FR-NAQ,,no,,,,LF1653,,,
529061,FR-0974,small_airport,Chenommet Airfield,45.926111,0.261389,330,EU,FR,FR-NAQ,Aunac-sur-Charente,no,,,,LF1655,https://www.autogire16.com/,,
529062,FR-0975,small_airport,Jarnac Champagne Airfield,45.559722,-0.417778,200,EU,FR,FR-NAQ,,no,,,,LF1726,,,
529063,FR-0976,small_airport,Nantillé Airfield,45.845556,-0.478333,134,EU,FR,FR-NAQ,,no,,,,LF1727,,,
529064,FR-0977,small_airport,Corme Ecluse Airfield,45.620833,-0.851389,98,EU,FR,FR-NAQ,,no,,,,LF1751,https://www.royan-ulm.fr/,,
529065,FR-0978,small_airport,Augignac Airfield,45.563056,0.704444,865,EU,FR,FR-NAQ,,no,,,,LF2421,,,
529066,FR-0979,small_airport,Hautefaye Airfield,45.545278,0.493333,450,EU,FR,FR-NAQ,,no,,,,LF2449,https://campingalaferme.wixsite.com/lesjaubertins/ulm,,
529067,FR-0980,small_airport,Piste du Tartou,45.650278,0.575,756,EU,FR,FR-NAQ,Tartou,no,,,,LF2458,https://www.ulm-piste-dordogne-perigord.com/,,
529068,FR-0981,small_airport,Lémeré Airfield,47.086667,0.343056,300,EU,FR,FR-CVL,,no,,,,LF3761,,,
529069,FR-0982,small_airport,Brizay Airfield,47.101667,0.383056,262,EU,FR,FR-CVL,,no,,,,LF3763,,,
529070,FR-0983,small_airport,Saint Amand sur Sèvre Airfield,46.901389,-0.802778,607,EU,FR,FR-NAQ,,no,,,,LF7925,,,
529071,FR-0984,small_airport,Verrines sous Celles La Jonchè Airfield,46.226389,-0.203611,360,EU,FR,FR-NAQ,Melle,no,,,,LF7926,,,
529072,FR-0985,small_airport,Secondigny Airfield,46.636944,-0.463611,710,EU,FR,FR-NAQ,,no,,,,LF7952,,,
529073,FR-0986,small_airport,Le Grand Moiré Airfield,46.86,-0.185,336,EU,FR,FR-NAQ,,no,,,,LF7953,,,
529074,FR-0987,small_airport,Saint Laurent sur Sèvre Airfield,46.938056,-0.915556,643,EU,FR,FR-PDL,,no,,,,LF8529,,,
529075,FR-0988,small_airport,Breuil Barret Airfield,46.660556,-0.663611,680,EU,FR,FR-PDL,,no,,,,LF8551,,,
529076,FR-0989,small_airport,Archigny Chenevelles Airfield,46.696667,0.656111,446,EU,FR,FR-NAQ,,no,,,,LF8627,https://chenevailesulm.wixsite.com/chenevailesulm,,
529077,FR-0990,small_airport,Montmorillon Airfield,46.390833,0.948333,540,EU,FR,FR-NAQ,,no,,,,LF8651,https://www.horn-ulm.com/,,
529078,FR-0991,small_airport,Pouançay Airfield,47.096111,-0.0725,133,EU,FR,FR-NAQ,,no,,,,LF8652,,,
529079,FR-0992,small_airport,Availles Limouzine Airfield,46.128611,0.695278,712,EU,FR,FR-NAQ,,no,,,,LF8653,,,
529080,FR-0993,small_airport,Libarderie Blond Airfield,46.059722,0.985833,918,EU,FR,FR-NAQ,,no,,,,LF8752,,,
529081,FR-0994,small_airport,Gajoubert Airfield,46.122222,0.858056,777,EU,FR,FR-NAQ,,no,,,,,,,LF8753
529082,FR-0995,small_airport,Bataillou Airfield,45.768889,0.781111,961,EU,FR,FR-NAQ,,no,,,,LF8757,,,
529083,FR-0996,small_airport,La Broue Airfield,45.77,0.018611,400,EU,FR,FR-NAQ,,no,,,,LF1656,,,
529084,FR-0997,small_airport,Buxeuil Saint Rémy sur Creuse Airfield,46.949444,0.669444,370,EU,FR,FR-NAQ,,no,,,,LF8622,,,
529085,FR-0998,small_airport,Condac Airfield,46.020278,0.2425,500,EU,FR,FR-NAQ,,no,,,,LF1657,,,
529086,FR-0999,seaplane_base,La Madoire SPB,46.840556,-0.429444,558,EU,FR,FR-NAQ,,no,,,,LF7954,https://www.aildor.fr/,,
529087,FR-1000,small_airport,Oraison Airfield,43.921888,5.904283,1150,EU,FR,FR-PAC,"Oraison, Alpes-de-Haute-Provence",no,,,,LF0451,,,
529088,FR-1001,small_airport,Cruis Mas des Grailles Airfield,44.060278,5.853056,2270,EU,FR,FR-PAC,"Cruis, Alpes-de-Haute-Provence",no,,,,LF0453,http://www.mas-des-grailles.com/le-ciel.html,,
529089,FR-1002,small_airport,Thorame-Basse Airfield,44.076793,6.47395,3609,EU,FR,FR-PAC,"Thorame-Basse, Alpes-de-Haute-Provence",no,,,,LF0459,,,
529090,FR-1003,small_airport,Crots Ultralight Airfield,44.536743,6.435379,2631,EU,FR,FR-PAC,"Crots, Hautes-Alpes",no,,,,LF0551,,,Base ULM de Crots
529091,FR-1004,small_airport,Colombe d'Eyguians Airfield,44.365196,5.786734,2410,EU,FR,FR-PAC,"Garde-Colombe, Haute-Alpes",no,,,,LF0553,,,Altisurface Colombe d’Eyguians
529092,FR-1005,small_airport,Jouques Bèdes Airfield,43.661389,5.686944,1378,EU,FR,FR-PAC,"Jouques, Bouches-du-Rhône",no,,,,LF1352,,,
529093,FR-1006,small_airport,La Roquebrussanne Airfield,43.329167,5.996944,1115,EU,FR,FR-PAC,"La Roquebrussanne, Var",no,,,,LF8324,,,"Base ULM Fly Azur, Fly Azur"
529094,FR-1007,small_airport,Thèmes Ultralight Club Airfield,43.311479,6.127081,1489,EU,FR,FR-PAC,"Sainte-Anastasie-sur-Issole, Var",no,,,,LF8325,,,Club ULM de Thèmes
529095,FR-1008,small_airport,Brue Auriac St Estève Airfield,43.505556,5.918611,900,EU,FR,FR-PAC,,no,,,,LF8329,,,
529096,FR-1009,small_airport,Pourrières Airfield,43.48,5.710278,787,EU,FR,FR-PAC,,no,,,,LF8355,https://www.vsv-ulm.com/,,
529097,FR-1010,small_airport,Pampelonne Altisurface,43.684512,6.136022,1900,EU,FR,FR-PAC,"Artignosc-sur-Verdon, Var",no,,,,LF8357,,,
529098,FR-1011,small_airport,Les Queyrons Airfield,43.345494,6.310568,430,EU,FR,FR-PAC,"Gonfaron, Var",no,,,,LF8360,,,Base ULM des Queyrons
529099,FR-1012,small_airport,La Limate Airfield,43.25892,5.882615,2250,EU,FR,FR-PAC,"Signes, Var",no,,,,LF8363,,,
529100,FR-1013,small_airport,Coustellet Airfield,43.8692,5.158269,361,EU,FR,FR-PAC,"Cabrières-d'Avignon, Vaucluse",no,,,,LF8424,,,
529101,FR-1014,small_airport,Les Eyssagnes Ultralight Airfield,44.660886,6.212319,3642,EU,FR,FR-PAC,"Saint-Jean-Saint-Nicolas, Hautes-Alpes",no,,,,LF0554,,,Base ULM des Eyssagnes
529102,FR-1015,small_airport,La Mure-Argens Airfield,43.983458,6.531863,3018,EU,FR,FR-PAC,"La Mure-Argens, Alpes-de-Haute-Provence",no,,,,LF0460,https://lesailesduverdon.wixsite.com/monsite,,
529103,FR-1016,small_airport,Aix-en-Provence Paramotor Field,43.682523,5.412207,558,EU,FR,FR-PAC,"Le Puy-Sainte-Réparade, Bouches-du-Rhône",no,,,,LF1356,https://aixparamoteur.com/,,
529104,FR-1017,small_airport,Flayosc Ultralight Airfield,43.538487,6.319804,1200,EU,FR,FR-PAC,"Flayosc, Var",no,,,,LF8364,,,Base ULM de Flayosc
529105,FR-1018,small_airport,Basse Maure Airfield,43.530025,6.314627,1100,EU,FR,FR-PAC,"Flayosc, Var",no,,,,LF8356,,,
529106,FR-1019,small_airport,Deyras Saint Victor Airfield,45.093333,4.706944,1570,EU,FR,FR-ARA,,no,,,,LF0753,https://airdeschoix.fr/,,
529107,FR-1020,small_airport,Étoile-sur-Rhône Airfield,44.831587,4.866416,345,EU,FR,FR-ARA,"Étoile-sur-Rhône, Drôme",no,,,,LF2628,http://club-ulm-folairvanne.fr/,,
529108,FR-1021,small_airport,Ratières Les Allandaines Airfield,45.166111,4.979167,886,EU,FR,FR-ARA,,no,,,,LF2629,http://tourair.free.fr/,,
529109,FR-1022,small_airport,Anthony Delluc Ultralight Airfield,45.011944,5.083889,656,EU,FR,FR-ARA,"Chatuzange-le-Goubet, Drôme",no,,,,LF2651,,,Base ULM Anthony Delluc
529110,FR-1023,small_airport,Saint-Martin Airfield,44.588056,5.541389,3205,EU,FR,FR-ARA,,no,,,,LF2655,,,
529111,FR-1024,small_airport,Monestier de Clermont Les Verd Airfield,44.924167,5.612222,3250,EU,FR,FR-ARA,,no,,,,LF3851,,,
529112,FR-1025,small_airport,Frontonas Airfield,45.643443,5.182726,680,EU,FR,FR-ARA,"Frontonas, Isère",no,,,,LF3852,,,Base ULM de Frontonas
529113,FR-1026,small_airport,Saint Vincent de Mercuze Airfield,45.368333,5.968889,846,EU,FR,FR-ARA,,no,,,,LF3853,,,
529114,FR-1027,small_airport,Montaud Airfield,45.258333,5.554167,2650,EU,FR,FR-ARA,"Montaud, Isère",no,,,,LF3871,,,
529115,FR-1028,small_airport,Montverdun Airfield,45.704444,4.074722,1296,EU,FR,FR-ARA,,no,,,,LF4223,,,
529116,FR-1029,small_airport,Précieux Airfield,45.588056,4.175556,1200,EU,FR,FR-ARA,,no,,,,LF4224,,,
529117,FR-1030,small_airport,Cret de Montieux Airfield,45.463889,4.607778,2384,EU,FR,FR-ARA,,no,,,,LF4226,,,
529118,FR-1031,small_airport,Les Vastres Airfield,44.985278,4.2675,3706,EU,FR,FR-ARA,,no,,,,LF4323,,,
529119,FR-1032,small_airport,Yenne Airfield,45.713333,5.776944,750,EU,FR,FR-ARA,"Yenne, Savoie",no,,,,LF7351,,,Zen Philippe
529120,FR-1033,small_airport,Habère Poche Airfield,46.271944,6.463889,3652,EU,FR,FR-ARA,,no,,,,LF7469,,,
529121,FR-1034,small_airport,Cervens Airfield,46.292778,6.445,2034,EU,FR,FR-ARA,,no,,,,LF7470,https://www.alpulm.fr/,,
529122,FR-1035,small_airport,Assieu Paramotor Airfield,45.402182,4.840763,797,EU,FR,FR-ARA,"Assieu, Isère",no,,,,LF3873,,,
529123,FR-1036,small_airport,Bibost Airfield,45.798327,4.560871,1313,EU,FR,FR-ARA,"Bibost, Rhône",no,,,,LF6954,,,"Adventure Lyon Ouest, Lyon Paramoteur"
529124,FR-1037,small_airport,Saint Hilaire du Rosier Airfield,45.090833,5.231111,722,EU,FR,FR-ARA,,no,,,,LF3874,,,
529125,FR-1038,small_airport,L'Alpe du Grand Serre Altisurface,45.00113,5.83537,6700,EU,FR,FR-ARA,"Villard-Saint-Christophe, Isère",no,,,,LF3832,,,
529126,FR-1039,small_airport,Le Parasoir Airfield,46.031944,4.555833,2110,EU,FR,FR-ARA,,no,,,,LF6953,https://www.leparasoir.com/et-m%C3%AAme-en-avion/,,
529127,FR-1040,small_airport,Creysseilles les croix Airfield,44.765,4.536111,2500,EU,FR,FR-ARA,,no,,,,LF0754,,,
529128,FR-1041,small_airport,Berville sur Mer Airfield,49.435833,0.363611,16,EU,FR,FR-NOR,,no,,,,LF2722,,,
529129,FR-1042,small_airport,Le Buternay Airfield,48.611944,0.841944,817,EU,FR,FR-CVL,,no,,,,LF2856,,,
529130,FR-1043,small_airport,Saint-Thibault Airfield,49.693374,1.81118,660,EU,FR,FR-HDF,"Saint-Thibault, Oise",no,,,,LF6025,,,
529131,FR-1044,small_airport,Pavilly Airfield,49.601111,0.9875,499,EU,FR,FR-NOR,,no,,,,LF7653,,,
529132,FR-1045,small_airport,Bolleville Airfield,49.600556,0.5525,443,EU,FR,FR-NOR,,no,,,,LF7654,,,
529133,FR-1046,small_airport,Le Mont Dolé Airfield,49.893611,1.579167,450,EU,FR,FR-NOR,,no,,,,LF7655,,,
529134,FR-1047,small_airport,Luçon Airfield,46.424722,-1.193333,11,EU,FR,FR-PDL,,no,,,,LF8528,http://club.ulm.luconnais.free.fr/,,
529208,FR-1048,heliport,Château-Thierry Jeanne de Navarre Hospital Heliport,49.05238,3.41221,387,EU,FR,FR-HDF,"Château-Thierry, Aisne",no,,,,,,,
529211,FR-1049,seaplane_base,Théoule-sur-Mer Seaplane Base,43.478333,6.940556,,EU,FR,FR-PAC,"Théoule-sur-Mer, Alpes-Maritimes",no,,,,LF0655,http://www.association-francaise-hydraviation.fr/plans,,
529212,FR-1050,small_airport,Champis 07 Airfield,44.941111,4.761944,1968,EU,FR,FR-ARA,,no,,,,LF0755,,,
529214,FR-1051,seaplane_base,Bourcefranc,45.871944,-1.131111,,EU,FR,FR-NAQ,,no,,,,LF1756,https://www.airfly17.fr/,,
529215,FR-1052,small_airport,Arvert Airfield,45.746667,-1.097222,13,EU,FR,FR-NAQ,,no,,,,LF1757,https://www.paramote.com/index.php,,
529216,FR-1053,small_airport,Chassancet Airfield,45.1575,1.726944,1096,EU,FR,FR-NAQ,,no,,,,LF1955,,,
529217,FR-1054,small_airport,Saint-Cyr-la-Campagne Airfield,49.253056,1.028611,370,EU,FR,FR-NOR,"Saint-Cyr-la-Campagne, Eure",no,,,,LF2721,,,
529218,FR-1055,small_airport,Paramoteur Paris Ouest Airfield,48.7675,1.540556,433,EU,FR,FR-CVL,,no,,,,LF2857,,,
529219,FR-1056,closed,club du Houssay Airfield,48.226944,1.385278,429,EU,FR,FR-CVL,,no,,,,,,,LF2858
529220,FR-1057,small_airport,Aléria Padulone Airfield,42.108056,9.5425,5,EU,FR,FR-COR,,no,,,,LF2B25,,,
529221,FR-1058,small_airport,Tornac Airfield,44.012222,3.963333,690,EU,FR,FR-OCC,,no,,,,LF3023,,,
529222,FR-1059,small_airport,Remoulins Private Airfield,43.947364,4.583427,105,EU,FR,FR-OCC,"Remoulins, Gard",no,,,,LF3025,https://www.vol-a-vue.com/,,
529223,FR-1060,small_airport,Le Grand Plantier Airfield,43.822778,4.126111,210,EU,FR,FR-OCC,,no,,,,LF3053,,,
529224,FR-1061,small_airport,Sainte Hélène Airfield,44.983889,-0.907778,121,EU,FR,FR-NAQ,,no,,,,LF3327,,,
529225,FR-1062,small_airport,Leyrieu Airfield,45.768056,5.243889,663,EU,FR,FR-ARA,"Saint-Romain-de-Jalionas, Isère",no,,,,LF3833,,,
529226,FR-1063,closed,Mézières-lez-Cléry Airfield,47.810833,1.840833,344,EU,FR,FR-CVL,"Mézières-lez-Cléry, Loiret",no,,,,,,,LF4563
529228,FR-1064,small_airport,Courcité Airfield,48.29,-0.259167,787,EU,FR,FR-PDL,,no,,,,LF5325,http://mayenneparamoteur.com/,,
529229,FR-1065,small_airport,ULM HIGHLANDER Airfield,49.121667,6.991667,1033,EU,FR,FR-GES,,no,,,,LF5765,,,
529230,FR-1066,small_airport,Labatut Rivière Airfield,43.521111,0.034722,534,EU,FR,FR-OCC,,no,,,,LF6539,,,
529232,FR-1067,small_airport,Lammerville Airfield,49.805556,0.973333,328,EU,FR,FR-NOR,,no,,,,LF7621,,,
529233,FR-1068,small_airport,Gourgé Les Grippeaux Airfield,46.695556,-0.161111,456,EU,FR,FR-NAQ,,no,,,,LF7921,,,
529234,FR-1069,small_airport,Chenay Airfield,46.346667,-0.015556,435,EU,FR,FR-NAQ,,no,,,,LF7922,,,
529235,FR-1070,small_airport,Le Fort d'Aslonnes Airfield,46.438056,0.341667,430,EU,FR,FR-NAQ,,no,,,,LF8621,,,
529244,FR-1071,heliport,Oréliance Healh Center Heliport,47.93827,1.878656,394,EU,FR,FR-CVL,"Saran, Loiret",no,,,,,,,
529245,FR-1072,heliport,Lyon La Sauvegarde Hospital Heliport,45.788931,4.786801,906,EU,FR,FR-ARA,Lyon,no,,,,,,,
529246,FR-1073,heliport,Apt Centre Hospitalier Heliport,43.875833,5.381944,869,EU,FR,FR-PAC,,no,,,,,,,
529247,FR-1074,heliport,Vallée de la Maurienne Hospital Heliport,45.277715,6.34182,1983,EU,FR,FR-ARA,"Saint-Jean-de-Maurienne, Savoie",no,,,,,,,
529248,FR-1075,heliport,Le Puy En Velay Centre Hospitalier Heliport,45.050475,3.879118,2108,EU,FR,FR-ARA,,no,,,,,,,
529249,FR-1076,heliport,Franche-Comté North Hospital Heliport,47.575996,6.87308,1263,EU,FR,FR-BFC,Trévenans,no,,,,,,,Hôpital Nord Franche-Comté
529250,FR-1077,heliport,Vendome Centre Hospitalier Heliport,47.79404,1.061903,304,EU,FR,FR-CVL,,no,,,,,,,
529251,FR-1078,heliport,Nimes Caremeau Centre Hospitalier Heliport,43.823889,4.323056,310,EU,FR,FR-OCC,,no,,,,,,,
529252,FR-1079,heliport,Bordeaux Haut Leveque Centre Hospitalier Heliport,44.785278,-0.660833,275,EU,FR,FR-NAQ,,no,,,,,,,
529253,FR-1080,heliport,Issoudun Centre Hospitalier Heliport,46.958332,1.996304,465,EU,FR,FR-CVL,,no,,,,,,,
529254,FR-1081,heliport,Vesoul Hospital Heliport,47.637265,6.137456,741,EU,FR,FR-BFC,"Vesoul, Haute-Saône",no,,,,,,,
529255,FR-1082,heliport,Amboise Centre Hospitalier Heliport,47.408056,0.981111,308,EU,FR,FR-CVL,,no,,,,,,,
529256,FR-1083,heliport,Eure-Seine Hospital Heliport,49.031086,1.114179,390,EU,FR,FR-NOR,Évreux,no,,,,,,,
529257,FR-1084,heliport,Langon Centre Hospitalier Heliport,44.544722,-0.243611,121,EU,FR,FR-NAQ,,no,,,,,,,
529258,FR-1085,heliport,Gien Centre Hospitalier Heliport,47.690278,2.634722,556,EU,FR,FR-CVL,,no,,,,,,,
529259,FR-1086,heliport,Digne Les Bains H1 Centre Hospitalier Heliport,44.070556,6.168333,1975,EU,FR,FR-PAC,,no,,,,,,,
529260,FR-1087,heliport,Lyon South Hospital Heliport,45.702617,4.807411,753,EU,FR,FR-ARA,"Oullins-Pierre-Bénite, Lyon",no,,,,,,,Lyon Centre Hospitalier Sud Heliport
529261,FR-1088,heliport,Pierre Oudot Hospital Heliport,45.596009,5.244911,822,EU,FR,FR-ARA,"Bourgoin-Jallieu, Isère",no,,,,,,,
529262,FR-1089,heliport,Saint Etienne Hopital Nord Heliport,45.482363,4.363444,1507,EU,FR,FR-ARA,,no,,,,,,,
529263,FR-1090,heliport,Louis Raffalli Manosque Hospital Heliport,43.828121,5.806012,1081,EU,FR,FR-PAC,"Manosque, Alpes-de-Haute-Provence",no,,,,,,,
529264,FR-1091,heliport,Alpes Leman Centre Hospitalier Heliport,46.141017,6.320266,1532,EU,FR,FR-ARA,,no,,,,,,,
529265,FR-1092,heliport,Ales Centre Hospitalier Heliport,44.147675,4.095508,552,EU,FR,FR-OCC,,no,,,,,,,
529266,FR-1093,heliport,Tonnerre Hospital Heliport,47.85565,3.979356,456,EU,FR,FR-BFC,"Tonnerre, Yonne",no,,,,,,,Tonnerre Centre Hospitalier Heliport
529268,FR-1094,heliport,Melun Hospital Heliport,48.557644,2.641718,338,EU,FR,FR-IDF,"Melun, Seine-et-Marne",no,,,,,,,Melun Centre Hospitalier Heliport
529269,FR-1095,heliport,Grand Hôpital de l'Est Francilien - Marne-la-Vallée Central Hospital Heliport,48.848641,2.769879,412,EU,FR,FR-IDF,"Jossigny, Seine-et-Marne",no,,,,,,,Grand Hôpital de l'Est Francilien - Site de Marne-la-Vallée Heliport
529270,FR-1096,heliport,Nice Hopital Pasteur 2 Heliport,43.724479,7.282289,258,EU,FR,FR-PAC,,no,,,,,,,
529271,FR-1097,heliport,Bourg En Bresse Centre Hospitalier Heliport,46.224722,5.209722,814,EU,FR,FR-ARA,,no,,,,,,,
529272,FR-1098,heliport,Le Mans Centre Hospitalier Heliport,48.016667,0.173333,225,EU,FR,FR-NOR,,no,,,,,,,
529273,FR-1099,heliport,Savoie Helicopteres Heliport,46.071111,6.517778,1535,EU,FR,FR-ARA,,no,,,,,,,
529274,FR-1100,heliport,Laon Hospital SAMU 15 Heliport,49.550248,3.596891,233,EU,FR,FR-HDF,"Laon, Aisne",no,,,,,,,
529275,FR-1101,heliport,Saint Flour Centre Hospitalier Heliport,45.034226,3.087094,2963,EU,FR,FR-ARA,,no,,,,,,,
529278,FR-1102,small_airport,Ville-sur-Arce Airfield,48.088333,4.435833,910,EU,FR,FR-GES,"Ville-sur-Arce, Aube",no,,,,LF1022,,,
529279,FR-1103,small_airport,Le Thou Airfield,46.086111,-0.943611,89,EU,FR,FR-NAQ,,no,,,,LF1753,https://aero-focus.e-monsite.com/,,
529280,FR-1104,small_airport,La Saussaye Airfield,48.4125,1.553889,495,EU,FR,FR-CVL,,no,,,,LF2854,https://www.ulm-la-saussaye.fr/,,
529281,FR-1105,small_airport,Gardouch Airfield,43.401667,1.686389,564,EU,FR,FR-OCC,,no,,,,LF3136,,,
529282,FR-1106,small_airport,Cier de Riviere Airfield,43.067778,0.628611,1312,EU,FR,FR-OCC,,no,,,,LF3137,,,
529283,FR-1107,small_airport,Arrouède Airfield,43.354722,0.580278,1050,EU,FR,FR-OCC,,no,,,,LF3267,,,
529284,FR-1108,small_airport,Saint Aignan Airfield,44.596944,-0.045278,282,EU,FR,FR-NAQ,,no,,,,LF3358,,,
529285,FR-1109,small_airport,La Dominelais Airfield,47.75,-1.649444,138,EU,FR,FR-BRE,,no,,,,LF3555,,,
529287,FR-1110,small_airport,Château de l'Estang Airfield,47.207222,1.264444,466,EU,FR,FR-CVL,"Orbigny, Indre-et-Loire",no,,,,LF3768,,,
529288,FR-1111,small_airport,Crête de Brouffiers Altisurface,45.03779,5.87979,7251,EU,FR,FR-ARA,"La Morte, Isère",no,,,,LF3822,,,
529289,FR-1112,small_airport,Oulles-La Bergerie Altisurface,45.066667,5.965833,6500,EU,FR,FR-ARA,"Oulles, Isère",no,,,,LF3856,,,
529290,FR-1113,small_airport,Lumbin Airfield,45.301944,5.915556,720,EU,FR,FR-ARA,,no,,,,LF3857,https://www.coupe-icare.org/st-hilaire-lumbin.html,,
529292,FR-1114,small_airport,Grand Champ Airfield,45.440556,4.851667,720,EU,FR,FR-ARA,Les Côtes-d'Arey. Isère,no,,,,LF3870,,,
529293,FR-1115,small_airport,Arbois Ultralight Airfield,46.897222,5.717778,930,EU,FR,FR-BFC,"Arbois, Jura",no,,,,LF3956,https://arboisulm.fr/,,Arbois-ULM
529294,FR-1116,small_airport,La jalabertière Airfield,45.483889,4.467778,1755,EU,FR,FR-ARA,,no,,,,LF4230,,,
529295,FR-1117,small_airport,Saint Brévin les Pins Airfield,47.271389,-2.130278,10,EU,FR,FR-PDL,,no,,,,LF4423,,,
529296,FR-1118,small_airport,Grand Couronné Airfield,48.766111,6.221111,1250,EU,FR,FR-GES,"Eulmont, Meurthe-et-Moselle",no,,,,LF5453,https://ulmclubeulmont.fr/,,
529297,FR-1119,small_airport,Gros Rederching Airfield,49.0625,7.239722,1132,EU,FR,FR-GES,,no,,,,LF5730,,,
529298,FR-1120,small_airport,Mosailes en Moselle Airfield,49.035833,6.864167,836,EU,FR,FR-GES,,no,,,,LF5758,,,
529299,FR-1121,small_airport,Alzing Airfield,49.270556,6.55,787,EU,FR,FR-GES,,no,,,,LF5767,,,
529302,FR-1122,small_airport,Rabastens de Bigorre Airfield,43.377778,0.161944,650,EU,FR,FR-OCC,,no,,,,LF6552,,,
529303,FR-1123,small_airport,Vic en Bigorre Airfield,43.393333,0.101667,705,EU,FR,FR-OCC,,no,,,,LF6553,,,
529304,FR-1124,small_airport,Saint Jean d'Ardières Airfield,46.131344,4.742934,610,EU,FR,FR-ARA,"Belleville-en-Beaujolais, Rhône",no,,,,LF6951,,,
529305,FR-1125,small_airport,Le Creusot Le Gros Chaillot Airfield,46.816362,4.401677,1530,EU,FR,FR-BFC,"Le Creusot, Saône-et-Loire",no,,,,LF7124,https://lecreusot-vollibre.fr/plateforme/,,
529306,FR-1126,small_airport,Commerveil Airfield,48.315556,0.355,361,EU,FR,FR-PDL,,no,,,,LF7252,https://ulmclubdusaonnois.jimdofree.com/bienvenue/lnfo-terrain/,,
557515,FR-1127,heliport,Eperlecques DZ,50.807229,2.157151,,EU,FR,FR-HDF,Eperlecques,no,,,,,,,
529308,FR-1128,small_airport,La Fontaine au Berger Airfield,48.582222,1.728889,476,EU,FR,FR-IDF,,no,,,,LF7852,,,
529309,FR-1129,small_airport,La Ville Dieu Airfield,44.025278,1.217778,305,EU,FR,FR-OCC,,no,,,,LF8264,,,
529310,FR-1130,small_airport,Fréjus Ultralight Airfield,43.423708,6.69805,15,EU,FR,FR-PAC,"Fréjus, Var",no,,,,LF8352,https://www.ulmflyingsafari.com/le-cadre/,,Base ULM de Fréjus
529311,FR-1131,heliport,Bourg Saint-Maurice Centre Hospitalier Heliport,45.616111,6.764167,2838,EU,FR,FR-ARA,Bourg Saint-Maurice,no,,,,,,,
529314,FR-1132,heliport,Epinal Emile Durkheim Centre Hospitalier Heliport,48.181111,6.454444,1295,EU,FR,FR-GES,,no,,,,,,,
529315,FR-1133,heliport,Montluçon Hospital Heliport,46.341521,2.60927,802,EU,FR,FR-ARA,"Montluçon, Allier",no,,,,,,,
529316,FR-1134,heliport,Roanne Centre Hospitalier Heliport,46.042594,4.079833,963,EU,FR,FR-ARA,,no,,,,,,,
529318,FR-1135,heliport,Marseille Laveran Hopital Militaire Heliport,43.327778,5.415556,353,EU,FR,FR-PAC,,no,,,,,,,
529319,FR-1136,heliport,Arras Hospital Heliport,50.296951,2.760074,254,EU,FR,FR-HDF,Arras,no,,,,,,,Arras Centre Hospitalier Heliport
529321,FR-1137,heliport,Gueret Centre Hospitalier Heliport,46.161203,1.86877,1752,EU,FR,FR-NAQ,,no,,,,,,,
529322,FR-1138,heliport,Le Plessis-Robinson Marie Lannelongue Hospital Heliport,48.784722,2.274167,382,EU,FR,FR-IDF,"Le Plessis-Robinson, Hauts-de-Seine",no,,,,,,,
529323,FR-1139,heliport,Loches Centre Hospitalier Heliport,47.131203,1.003801,231,EU,FR,FR-CVL,,no,,,,,,,
529324,FR-1140,heliport,Castres Hauterive Centre Hospitalier Heliport,43.565,2.26,610,EU,FR,FR-OCC,,no,,,,,,,
529325,FR-1141,heliport,Clermont-Ferrand University Estaing Hospital Heliport,45.785605,3.10993,1203,EU,FR,FR-ARA,"Clermont-Ferrand, Puy-de-Dôme",no,,,,,,,
529326,FR-1142,heliport,Cannes Simone Veil Hospital Heliport,43.564232,7.005279,375,EU,FR,FR-PAC,"Cannes, Alpes-Maritimes",no,,,,,,,Cannes Broussailles Hospital Heliport
529327,FR-1143,heliport,Saint-Quentin Hospital Heliport,49.860451,3.270984,380,EU,FR,FR-HDF,"Saint-Quentin, Aisne",no,,,,,,,Saint Quentin Centre Hospitalier Heliport
529328,FR-1144,heliport,Dijon Burgundy Hospital Heliport,47.321272,5.069048,975,EU,FR,FR-BFC,"Dijon, Côte-d'Or",no,,,,,,,Dijon Bourgogne Centre Hospitalier Heliport
529329,FR-1145,heliport,Orange Louis Giorgi Hospital Heliport,44.147983,4.821855,155,EU,FR,FR-PAC,"Orange, Vaucluse",no,,,,,,,
529330,FR-1146,heliport,Mende Centre Hospitalier Heliport,44.522401,3.489039,2540,EU,FR,FR-OCC,,no,,,,,,,
529331,FR-1147,heliport,Perpignan Centre Hospitalier Heliport,42.726111,2.888611,190,EU,FR,FR-OCC,,no,,,,,,,
529332,FR-1148,heliport,Toulon Sainte Musse Hospital Heliport,43.124372,5.974844,165,EU,FR,FR-PAC,"Toulon, Var",no,,,,,,,
529333,FR-1149,heliport,Versailles Central André Mignot Hospital Heliport,48.830872,2.127759,492,EU,FR,FR-IDF,"Versailles, Yvelines",no,,,,,,,Versailles Centre Hospitalier Heliport
529334,FR-1150,heliport,Dieppe Centre Hospitalier Heliport,49.918332,1.080367,69,EU,FR,FR-NOR,,no,,,,,,,
529336,FR-1151,heliport,Le Blanc Centre Hospitalier Heliport,46.633931,1.058829,302,EU,FR,FR-CVL,,no,,,,,,,
529337,FR-1152,heliport,Nord Deux-Sevres Centre Hospitalier Heliport,46.831723,-0.385841,567,EU,FR,FR-NAQ,,no,,,,,,,
529338,FR-1153,heliport,Thionville Bel-Air Centre Hospitalier Heliport,49.372897,6.149307,672,EU,FR,FR-GES,,no,,,,,,,
529339,FR-1154,heliport,Ajaccio Centre Hospitalier Heliport,41.945096,8.771372,356,EU,FR,FR-COR,"Ajaccio, Corse-du-Sud",no,,,,,,,
529341,FR-1155,small_airport,Ségriès Airfield,43.867778,6.178333,2657,EU,FR,FR-PAC,"Moustiers-Sainte-Marie, Alpes-de-Haute Provence",no,,,,LF0452,,,
529342,FR-1156,small_airport,Chanaz Airfield,45.818889,5.79,764,EU,FR,FR-ARA,"Chanaz, Savoie",no,,,,LF7340,,,
529343,FR-1157,small_airport,Cogolin Grimaud Airfield,43.257778,6.543611,20,EU,FR,FR-PAC,"Grimaud, Var",no,,,,LF8353,,,
529344,FR-1158,heliport,Annecy Centre Hospitalier Heliport,45.932778,6.118611,1552,EU,FR,FR-ARA,,no,,,,,,,
529346,FR-1159,heliport,Val Thorens Heliport,45.296292,6.565578,6907,EU,FR,FR-ARA,"Les Belleville, Savoie",no,,,,,,,
529347,FR-1160,heliport,Lyon Louis Pradel Hospital Heliport,45.74786,4.902534,818,EU,FR,FR-ARA,"Bron, Lyon",no,,,,,,,Lyon Groupement Hospitalier Est Heliport
529348,FR-1161,heliport,Martigues Hospital Heliport,43.413047,5.038967,178,EU,FR,FR-PAC,"Martigues, Bouches-du-Rhône",no,,,,,,,
529350,FR-1162,heliport,Sete Centre Hospitalier Heliport,43.407778,3.669722,132,EU,FR,FR-OCC,,no,,,,,,,
529351,FR-1163,heliport,Villeneuve Sur Lot Centre Hospitalier Heliport,44.406944,0.747778,238,EU,FR,FR-NAQ,,no,,,,,,,
529356,FR-1164,heliport,Belle-Ile-En-Mer Centre Hospitalier Heliport,47.345002,-3.162168,102,EU,FR,FR-BRE,,no,,,,,,,
530504,FR-1165,small_airport,Ancien aérodrome du  gîte de la Ganotte,45.33226,1.91757,,EU,FR,FR-NAQ,,no,,,,,http://www.laganotte.com/,,
530672,FR-1166,small_airport,Tallone Airfield,42.165556,9.522778,90,EU,FR,FR-COR,,no,,,,LF2B27,,,
533510,FR-1167,closed,Audembert Airfield,50.86198,1.66989,109,EU,FR,FR-HDF,Wissant,no,,,,,,,
533638,FR-1168,heliport,Anne d'Artois Clinic Heliport,50.54057,2.63071,79,EU,FR,FR-HDF,"Béthune, Pas-de-Calais",no,,,,,,,
557516,FR-1169,heliport,Beuvry,50.463781,3.26678,,EU,FR,FR-HDF,Beuvry-la-forêt,no,,,,,,,
534496,FR-1170,closed,Authie Airfield,50.1315,2.49267,,EU,FR,FR-HDF,"Authie, Somme",no,,,,,,,
534796,FR-1171,small_airport,Esperce field,43.3178,1.4083,,EU,FR,FR-OCC,Esperces,no,,,,LF3122,,,
534878,FR-1172,closed,Mérantais Airfield,48.7541,2.06785,,EU,FR,FR-IDF,"Magny-les-Hameaux, Yvelines",no,,,,,,,
534879,FR-1173,closed,Buc Airfield,48.76694,2.1235,,EU,FR,FR-IDF,Buc,no,,,,,,,
534882,FR-1174,small_airport,Bonneville-la-Louvet Airfield,49.263476,0.371935,361,EU,FR,FR-NOR,"Bonneville-la-Louvet, Calvados",no,,,,LF1422,,,
534887,FR-1175,closed,Trizac Airfield,45.268026,2.548348,3300,EU,FR,FR-ARA,Trizac - Cantal,no,,,,,,,LF1522
535300,FR-1176,heliport,Maubeuge Hospital Helipad,50.28033,3.98849,610,EU,FR,FR-HDF,"Maubeuge, Nord",no,,,,,https://www.ch-maubeuge.fr/,,"Centre Hospitalier de Maubeuge, CH Maubeuge"
535664,FR-1177,heliport,Laon Hospital Heliport,49.563347,3.611825,610,EU,FR,FR-HDF,"Laon, Aisne",no,,,,,,,
541545,FR-1178,closed,Aérodrome de Baugé,47.567241,-0.070216,,EU,FR,FR-PDL,Baugé,no,,,,,https://www.forgottenairfields.com/airfield-bauge-1178.html,,LF4926
542771,FR-1179,heliport,Peuplingues DZ,50.911039,1.789623,,EU,FR,FR-HDF,Peuplingues,no,,,,,,,
542776,FR-1180,heliport,Enevelin DZ,50.540093,3.126588,,EU,FR,FR-HDF,Enevelin,no,,,,,,,
542778,FR-1181,heliport,Givry DZ,48.944791,4.888917,,EU,FR,FR-HDF,Givry-en-Argonne,no,,,,,,,
542782,FR-1182,heliport,Langres DZ,47.855322,5.34615,,EU,FR,FR-GES,Langres,no,,,,,,,
557517,FR-1183,heliport,Rumegies,50.499384,3.358437,,EU,FR,FR-HDF,Rumegies,no,,,,,,,
552334,FR-1184,closed,Moulins Avermes Airfield,46.592637,3.318354,728,EU,FR,FR-ARA,Avermes,no,,,,,,,LFHB
552414,FR-1185,heliport,UL Helipad Clissac,44.91028,1.29139,,EU,FR,FR-NAQ,Sainte-Nathalène,no,,,,LF2466,,,
553347,FR-1186,heliport,Rubrouck DZ,50.834314,2.354089,,EU,FR,FR-HDF,Rubrouck,no,,,,,,,
553348,FR-1187,heliport,Peuplingues DZ,50.912558,1.764625,,EU,FR,FR-HDF,Peuplingues,no,,,,,,,
553349,FR-1188,heliport,Merckeghem DZ,50.864112,2.29919,,EU,FR,FR-HDF,Merckeghem,no,,,,,,,
553353,FR-1191,heliport,Wattignies DZ,50.198261,4.006813,,EU,FR,FR-HDF,Wattignies-la-Victoire,no,,,,,,,
553354,FR-1192,heliport,Landas DZ,50.472208,3.299696,,EU,FR,FR-HDF,Landas,no,,,,,,,
553355,FR-1193,heliport,Genech DZ,50.540579,3.201115,,EU,FR,FR-HDF,Genech,no,,,,,,,
553356,FR-1194,heliport,Orry DZ,49.129267,2.522103,,EU,FR,FR-HDF,Orry-la-Ville,no,,,,,,,
553357,FR-1195,heliport,Vimy DZ,50.378032,2.803767,,EU,FR,FR-HDF,Vimy,no,,,,,,,
553358,FR-1196,heliport,Limont DZ,50.208198,3.930348,,EU,FR,FR-HDF,Limont,no,,,,,,,
553361,FR-1197,heliport,La motte au bois DZ,50.680401,2.5699,,EU,FR,FR-HDF,Morbecque,no,,,,,,,
553362,FR-1198,heliport,Pitgam DZ,50.925917,2.329702,,EU,FR,FR-HDF,Pitgam,no,,,,,,,
553363,FR-1199,heliport,Bray-Dunes DZ,51.088402,2.543957,,EU,FR,FR-HDF,Bray Dunes,no,,,,,,,
553397,FR-1200,heliport,Maroilles DZ,50.130483,3.759277,,EU,FR,FR-HDF,Maroilles,no,,,,,,,
557518,FR-1201,heliport,Carnières,50.172315,3.350004,,EU,FR,FR-HDF,Carnières,no,,,,,,,
553400,FR-1202,heliport,Capelle DZ,50.994061,2.367929,,EU,FR,FR-HDF,Capelle-la-Grande,no,,,,,,,
553401,FR-1203,heliport,Carrière de Houlle DZ,50.781927,2.135983,,EU,FR,FR-HDF,Houlle,no,,,,,,,
553402,FR-1204,heliport,Bourbourg DZ,50.942759,2.188768,,EU,FR,FR-HDF,Bourbourg,no,,,,,,,
553403,FR-1205,heliport,Heli-Technique DZ,48.921491,3.043503,,EU,FR,FR-HDF,Signy-Signets,no,,,,,,,
553405,FR-1206,heliport,Calonne DZ,50.491788,2.496461,,EU,FR,FR-HDF,Calonne-Ricouart,no,,,,,,,
553406,FR-1207,heliport,Winnezeele DZ,50.841137,2.553978,,EU,FR,FR-HDF,Winnezeele,no,,,,,,,
553407,FR-1208,heliport,Carré du Helin,50.542945,3.15357,,EU,FR,FR-HDF,Ennevelin,no,,,,,,,
553410,FR-1209,heliport,Mesnil DZ,49.777841,2.918844,,EU,FR,FR-HDF,Mesnil-saint-nicaise,no,,,,,,,
553411,FR-1210,heliport,Équipée DZ,49.819566,3.061618,,EU,FR,FR-HDF,Ugny-l’Equipée,no,,,,,,,
553412,FR-1211,heliport,Fublaines DZ,48.930133,2.945409,,EU,FR,FR-HDF,Fublaines DZ,no,,,,,,,
553413,FR-1212,heliport,Ghyvelde DZ,51.032097,2.49615,,EU,FR,FR-HDF,Ghyvelde,no,,,,,,,
553414,FR-1213,heliport,Rollancourt DZ,50.403752,2.120029,,EU,FR,FR-HDF,Rollancourt,no,,,,,,,
553619,FR-1214,closed,Aron-les-Ecottays Ultralight Airfield,48.28317,-0.5163,433,EU,FR,FR-PDL,"Aron, Mayenne",no,,,,,,,Base ULM Aron les Ecottays
555218,FR-1215,small_airport,Les Valettes Glider Landing Field,43.70051,7.00483,456,EU,FR,FR-PAC,"Tourrettes-sur-Loup, Alpes-Maritimes",no,,,,,,,
555219,FR-1216,small_airport,Saint-André-les-Alpes Glider Landing Field,43.95936,6.50887,2897,EU,FR,FR-PAC,"Saint-André-les-Alpes, Alpes-de-Haute-Provence",no,,,,,,,Les Iscles
557519,FR-1217,heliport,Le Pommereuil,50.116302,3.599584,,EU,FR,FR-HDF,Le Pommereuil,no,,,,,,,
557521,FR-1218,heliport,Beauvois-en-Cis,50.143102,3.377545,,EU,FR,FR-HDF,Beauvois-en-Cis,no,,,,,,,
557522,FR-1219,heliport,Preures,50.562195,1.879692,,EU,FR,FR-HDF,Preures,no,,,,,,,
557523,FR-1220,heliport,Xertigny,48.077366,6.309033,,EU,FR,FR-HDF,Xertigny,no,,,,,,,
557524,FR-1221,heliport,Clairmarais,50.768684,2.308395,,EU,FR,FR-HDF,Clairmarais,no,,,,,,,
557525,FR-1222,heliport,Cerfontaine,50.258388,4.027283,,EU,FR,FR-HDF,Cerfontaine,no,,,,,,,
557526,FR-1223,heliport,Bergues,50.957906,2.438713,,EU,FR,FR-HDF,Bergues,no,,,,,,,
557527,FR-1224,heliport,Péronne,49.924545,2.937523,,EU,FR,FR-HDF,Péronne,no,,,,,,,
557528,FR-1225,heliport,Arques,50.734363,2.3329,,EU,FR,FR-HDF,Arques,no,,,,,,,
557529,FR-1226,heliport,Hazebrouck,50.72021,2.550491,,EU,FR,FR-HDF,Hazebrouck,no,,,,,,,
557530,FR-1227,heliport,Cuincy,50.370551,3.047124,,EU,FR,FR-HDF,Cuincy,no,,,,,,,
561348,FR-1228,heliport,Clamecy Hospital Heliport,47.45426,3.51032,502,EU,FR,FR-BFC,"Clamecy, Nièvre",no,,,,,,,
562074,FR-1229,closed,Bazenville Air Base,49.30362,-0.5657,200,EU,FR,FR-NOR,"Crépon, Calvados",no,,,,,,,
569970,FR-1230,closed,Saint-Lambert Airfield,49.28359,-1.09836,,EU,FR,FR-NOR,"Saint-Fromond, Manche",no,,,,,,,
572094,FR-1231,closed,Lantheuil Airfield,49.27103,-0.53224,161,EU,FR,FR-NOR,"Creully-sur-Seulles, Calvados",no,,,,,,,
572095,FR-1232,small_airport,Mosles Airfield,49.30083,-0.81183,144,EU,FR,FR-NOR,"Mosles, Calvados",no,,,,,,,
572127,FR-1233,small_airport,Pierre Wadier Airfield,48.84114,-0.11261,581,EU,FR,FR-NOR,"Vignat, Orne",no,,,,,,,Nécy
575550,FR-1234,heliport,Tourcoing Guy Chatillez Hospital Heliport,50.74507,3.18269,131,EU,FR,FR-HDF,"Tourcoing, Nord",no,,,,,,,Pasing
575675,FR-1235,heliport,Lesquin SNCF DZ,50.567295,3.140152,,EU,FR,FR-HDF,Lesquin,no,,,,,,,
575725,FR-1236,closed,Roubaix Hospital Heliport,50.6785,3.17441,167,EU,FR,FR-HDF,"Roubaix, Nord",no,,,,,,,
4075,FR-1237,closed,Ancien Aérodrome de Brive-La Roche,45.150799,1.469202,379,EU,FR,FR-NAQ,Brive-la-Gaillarde,no,,,,,,https://en.wikipedia.org/wiki/Brive_-_La_Roche_Airport,"BVE, LFBV"
4198,FR-1238,closed,Cambrai-Épinoy (BA 103) Air Base,50.221802,3.15424,257,EU,FR,FR-HDF,"Épinoy, Pas-de-Calais",no,,,,,,,LFQI
4227,FR-1239,closed,Colmar-Meyenheim Air Base,47.922001,7.39967,693,EU,FR,FR-GES,Meyenheim,no,,,,,,https://en.wikipedia.org/wiki/Quartier_Colonel_Dio,"BA 132, LFSC, Base aérienne d'opérations 132 Colmar-Meyenheim, Quartier Colonel Dio"
4229,FR-1240,closed,Metz-Frescaty (BA 128) Air Base,49.073415,6.132946,629,EU,FR,FR-GES,Augny,no,,,,,,,"LFSF, MZM"
4237,FR-1241,closed,Reims-Champagne (BA 112) Air Base,49.310001,4.05,312,EU,FR,FR-GES,"Bétheny, Marne",no,,,,,,,"LFSR, RHE"
4247,FR-1242,closed,Damblain Air Base,48.0863,5.66406,1280,EU,FR,FR-GES,"Damblain, Vosges",no,,,,,,,LFYD
28778,FR-1243,closed,Condé-sur-Noireau Airfield,48.890681,-0.503569,833,EU,FR,FR-NOR,Clécy,no,,,,,,,LFAN
28807,FR-1244,closed,Bordeaux Souge Air Base,44.851093,-0.805493,135,EU,FR,FR-NAQ,Bordeaux,no,,,,,,,"LFDO, LFDO"
28858,FR-1245,closed,Arbois Airfield,46.919998,5.76,876,EU,FR,FR-BFC,"Arbois, Jura",no,,,,,,,LFGD
28873,FR-1246,closed,Thionville Yutz Airport,49.354698,6.20139,518,EU,FR,FR-GES,Yutz,no,,,,,,,LFGV
28894,FR-1247,closed,Sallanches Mont-Blanc Aerodrome,45.953899,6.63917,1755,EU,FR,FR-ARA,"Sallanches, Haute-Savoie",no,,,,,,https://en.wikipedia.org/wiki/Sallanches_Aerodrome,"XSN, LFHZ"
28913,FR-1248,closed,Chailley Airfield,48.07915,3.712921,,EU,FR,FR-BFC,"Chailley, Yonne",no,,,,,,,LFJM
28928,FR-1249,closed,Oyonnax-Arbent Airfield,46.278424,5.666342,1755,EU,FR,FR-ARA,"Arbent, Ain",no,,,,,,https://fr.wikipedia.org/wiki/A%C3%A9rodrome_d%27Oyonnax_-_Arbent,"Jean Coutty, Aérodrome d'Oyonnax-Arbent, Centre de Vol à Voile du Haut-Bugey, LFLK"
28940,FR-1250,closed,Pont-Saint-Esprit Airfield,44.269402,4.65333,144,EU,FR,FR-OCC,"Lamotte-du-Rhône, Vaucluse",no,,,,,,,LFND
28948,FR-1251,closed,Pézenas Nizas Airfield,43.505798,3.41361,322,EU,FR,FR-OCC,,no,,,,,,https://fr.wikipedia.org/wiki/A%C3%A9rodrome_de_P%C3%A9zenas_-_Nizas,"LFNP, LFNP"
28980,FR-1252,closed,Brétigny-sur-Orge Air Base,48.5961,2.33222,270,EU,FR,FR-IDF,"Le Plessis-Pâté, Essonne",no,,,,,,,LFPY
28988,FR-1253,closed,Romilly Sur Seine Airfield,48.500599,3.76333,267,EU,FR,FR-GES,,no,,,,,,,"LFQR, LFQR"
28994,FR-1254,closed,Aérodrome d'Angers Avrillé,47.499199,-0.572778,187,EU,FR,FR-PDL,Angers,no,,,,,,,"LFRA, LFRA"
29005,FR-1255,closed,Champ de Courses Airfield,48.2239,5.93528,1076,EU,FR,FR-GES,"Vittel, Vosges",no,,,,,,,"LFSZ, VTL"
29011,FR-1256,closed,Fréjus Airport,43.417524,6.735697,33,EU,FR,FR-PAC,"Fréjus, Var",no,,,,,,https://en.wikipedia.org/wiki/Frejus_Airport,"FRJ, LFTU"
29013,FR-1257,closed,Vittel-Auzainvilliers Airfield,48.2286,5.84302,,EU,FR,FR-GES,"Auzainvilliers, Vosges",no,,,,,,,LFXC
29014,FR-1258,closed,Bitche Army Air Base,49.06007,7.45009,984,EU,FR,FR-GES,,no,,,,,,,"LFXG, LFXG"
29015,FR-1259,closed,Le Valdahon Air Base,47.166698,6.35,2067,EU,FR,FR-BFC,,no,,,,,,,LFXH
29016,FR-1260,closed,Apt St Christol Air Base,44.058234,5.494654,2736,EU,FR,FR-PAC,Saint-Christol,no,,,,,,https://fr.wikipedia.org/wiki/Base_a%C3%A9rienne_200_Apt-Saint-Christol,"Base_aérienne_200, LFXI"
29017,FR-1261,closed,Mourmelon Air Base,49.111401,4.36694,387,EU,FR,FR-GES,Mourmelon-le-Grand,no,,,,,,,LFXM
29019,FR-1262,closed,Rochefort Soubise Airfield,45.930801,-0.995278,13,EU,FR,FR-NAQ,,no,,,,,,,"LFXR, LFXR"
29022,FR-1263,closed,Broyes-lès-Pesmes Air Base,47.332932,5.513494,682,EU,FR,FR-BFC,"Broye-Aubigney-Montseugny, Haute-Saône",no,,,,,,,LFYH
29024,FR-1264,closed,Lure Malbouhans Air Base,47.7047,6.54583,1040,EU,FR,FR-BFC,La Neuvelle-lès-Lure,no,,,,,,https://fr.wikipedia.org/wiki/A%C3%A9rodrome_de_Lure_-_Malbouhans,LFYL
29025,FR-1265,closed,Marigny Le Grand Air Base,48.661215,3.83563,329,EU,FR,FR-GES,"Marigny, Marne",no,,,,,,,LFYM
29028,FR-1266,closed,Saint-Simon - Clastres Air Base,49.757542,3.21598,295,EU,FR,FR-HDF,"Clastres, Aisne",no,,,,,,https://en.wikipedia.org/wiki/Saint-Simon_%E2%80%93_Clastres_Air_Base,LFYT
29929,FR-1267,closed,Guyancourt Airport,48.7603,2.0625,541,EU,FR,FR-IDF,"Guyancourt, Yvelines",no,,,,,,http://fr.wikipedia.org/wiki/A%C3%A9rodrome_de_Guyancourt,LFPR
30438,FR-1268,closed,St Malo St Serva Airfield,48.613602,-1.97361,151,EU,FR,FR-BRE,"Saint-Malo, Ille-et-Vilaine",no,,,,,,,LFEO
30786,FR-1269,closed,Belfort-Fontaine Airfield,47.655602,7.01083,1208,EU,FR,FR-BFC,Fontaine,no,,,,,,,"BOR, LFSQ, Aéroparc de Belfort-Fontaine"
31812,FR-1270,closed,Aérodrome de Soissons-Cuffies,49.400002,3.317,138,EU,FR,FR-HDF,"Cuffies, Aisne",no,,,,,,,LFAH
31814,FR-1271,closed,Montaudran Airfield,43.568901,1.48083,482,EU,FR,FR-OCC,"Toulouse, Haute-Garonne",no,,,,,,,"LFIO, Aérodrome de Montaudran"
32756,FR-1272,closed,Moussoulens Air Base,43.279701,2.20885,,EU,FR,FR-OCC,Moussoulens,no,,,,,,,"LF34, LF34"
28846,FR-1273,small_airport,Vouzon le Rabot Airfield,47.655587,1.988071,413,EU,FR,FR-CVL,"Vouzon, Loir-et-Cher",no,,,,LF4131,,,"LFFM, Lamotte Beuvron Airfield, Bruyères de Vouzon Airfield"
28926,FR-1274,small_airport,Saint-Claude Pratz Airfield,46.384722,5.770278,2051,EU,FR,FR-BFC,"Lavans-lès-Saint-Claude, Jura",no,,,,LF3923,,,"Aérodrome de Saint-Claude-Pratz, LFKZ"
28957,FR-1275,small_airport,Saint-Étienne-en-Dévoluy AltiSurface,44.667877,5.904735,6201,EU,FR,FR-PAC,Dévoluy,no,,,,LF0538,,,
29023,FR-1276,small_airport,Marville Montmédy Airfield,49.45646,5.413835,909,EU,FR,FR-GES,"Marville, Meuse",no,,,,LF5526,https://lespilotesdemarville.fr/,,
31813,FR-1277,small_airport,Condat sur Vézère,45.103885,1.215121,499,EU,FR,FR-NAQ,Condat sur Vézère,no,,,,LF2423,,,LFDZ
595807,FR-1278,closed,Jumel Ultralight Airfield,49.757233,2.302594,413,EU,FR,FR-HDF,Jumel,no,,,,,,,LF8022
595924,FR-1279,heliport,Base ULM Île de Ré,46.229429,-1.419833,20,EU,FR,FR-NAQ,Île de Ré,no,,,,DZIDR,,,
596695,FR-1280,heliport,Domaine de Senercy Heliport,49.766838,3.393981,,EU,FR,FR-HDF,Senercy,no,,,,,,,
597830,FR-1282,heliport,Sissonne DZ,49.540844,3.970774,,EU,FR,FR-HDF,Sissonne,no,,,,,,,
598002,FR-1283,heliport,Béthune DZ,50.552843,2.633543,,EU,FR,FR-HDF,Béthune,no,,,,,,,
598057,FR-1284,heliport,Brissay-Choigny,49.721622,3.380656,,EU,FR,FR-HDF,Brissay-Choigny,no,,,,,,,
598588,FR-1285,heliport,Le canotier,50.25081,3.285288,,EU,FR,FR-HDF,Estrun,no,,,,,,,
598589,FR-1286,heliport,Domaine de Vadancourt,49.900343,3.183224,,EU,FR,FR-HDF,Vadancourt,no,,,,,,,
598730,FR-1287,heliport,ARTRES DZ,50.294767,3.542619,,EU,FR,FR-HDF,Artres,no,,,,,,,
598783,FR-1288,heliport,Wavrans-sur-ternoise DZ,50.422601,2.289426,,EU,FR,FR-HDF,Wavrans-sur-ternoise,no,,,,,,,
598784,FR-1289,heliport,Embry DZ,50.497677,1.968613,,EU,FR,FR-GES,Embry,no,,,,,,,
598884,FR-1290,heliport,[Duplicate] HMP DZ,50.912623,1.764706,,EU,FR,FR-HDF,Peuplingues,no,,,,,,,
599006,FR-1291,heliport,St FOLQUIN DZ,50.946302,2.126691,,EU,FR,FR-HDF,Saint-Folquin,no,,,,,,,
599007,FR-1292,heliport,St Vaast DZ,50.19355,3.429451,,EU,FR,FR-HDF,St Vaast-en-cis,no,,,,,,,
599028,FR-1293,heliport,LONGUEUIL SAINTE MARIE DZ,49.34388,2.716616,,EU,FR,FR-HDF,Longueuil-sainte-marie,no,,,,,,,
599118,FR-1294,heliport,Frevillers DZ,50.397624,2.523787,,EU,FR,FR-HDF,Frevillers,no,,,,,,,
599126,FR-1295,heliport,golf wimereux DZ,50.788503,1.61168,,EU,FR,FR-HDF,,no,,,,,,,
599129,FR-1296,heliport,chateau de busnes DZ,50.583032,2.507195,,EU,FR,FR-HDF,,no,,,,,,,
599136,FR-1297,heliport,chateau de cocove DZ,50.834754,2.064282,,EU,FR,FR-HDF,,no,,,,,,,
599137,FR-1298,heliport,le polbert DZ,50.592558,3.152341,,EU,FR,FR-HDF,,no,,,,,,,
599138,FR-1299,heliport,Devarem DZ,50.581248,2.982498,,EU,FR,FR-HDF,,no,,,,,,,
599139,FR-1300,small_airport,Bouttemy DZ,50.305887,2.699794,,EU,FR,FR-HDF,,no,,,,,,,
599140,FR-1301,heliport,domaine de la marliere DZ,50.153407,3.190193,,EU,FR,FR-HDF,,no,,,,,,,
599247,FR-1302,heliport,Raismes DZ,50.410159,3.458333,,EU,FR,FR-HDF,Raismes,no,,,,,,,
599319,FR-1303,heliport,GUEUTTEVILLE DZ,49.843715,0.752564,,EU,FR,FR-HDF,Gueutteville les grès,no,,,,,,,
599320,FR-1304,heliport,GUEUTTEVILLE DZ 2,49.844387,0.758754,,EU,FR,FR-HDF,Gueutteville les grès,no,,,,,,,
599704,FR-1305,heliport,RENTY DZ,50.593726,2.080611,,EU,FR,FR-HDF,Renty,no,,,,,,,
599905,FR-1306,heliport,GUEMPS DZ,50.913235,2.002634,,EU,FR,FR-HDF,Guemps,no,,,,,,,
599906,FR-1307,heliport,DIVION DZ,50.469726,2.517596,,EU,FR,FR-HDF,Divion,no,,,,,,,
599907,FR-1308,heliport,LES ATTAQUES DZ,50.901368,1.961381,,EU,FR,FR-HDF,Les attaques,no,,,,,,,
600178,FR-1309,heliport,MONDICOURT DZ,50.175507,2.455605,,EU,FR,FR-HDF,MONDICOURT,no,,,,,,,
600391,FR-1310,heliport,MD Rally DZ,48.838467,-1.245875,,EU,FR,FR-NOR,,no,,,,,,,
600456,FR-1311,heliport,BUSSU DZ,49.945669,2.967854,,EU,FR,FR-HDF,Bussu,no,,,,,,,
600457,FR-1312,heliport,EPEHY DZ,50.006774,3.133206,,EU,FR,FR-HDF,Epehy,no,,,,,,,
600458,FR-1313,heliport,HERMIES DZ,50.111881,3.047333,,EU,FR,FR-HDF,Hermies,no,,,,,,,
600459,FR-1314,heliport,DURY DZ,50.245284,3.011777,,EU,FR,FR-HDF,Dury,no,,,,,,,
600460,FR-1315,heliport,ARLEUX EN GOHELLE DZ,50.363586,2.873869,,EU,FR,FR-HDF,Arleux en Gohelle,no,,,,,,,
600461,FR-1316,heliport,ROYE DZ,49.698006,2.801428,,EU,FR,FR-HDF,Roye,no,,,,,,,
600462,FR-1317,heliport,HOMBLEUX DZ,49.73864,2.971909,,EU,FR,FR-HDF,Hombleux,no,,,,,,,
600605,FR-1318,heliport,AUCHEL DZ,50.502373,2.468448,,EU,FR,FR-HDF,Auchel,no,,,,,,,
600606,FR-1319,heliport,ESQUERCHIN DZ,50.373581,3.013494,,EU,FR,FR-HDF,Esquerchin,no,,,,,,,
600610,FR-1320,heliport,HASNON DZ,50.425498,3.382201,,EU,FR,FR-HDF,Hasnon,no,,,,,,,
600734,FR-1321,heliport,Château de Champlâtreux,49.08615,2.408645,,EU,FR,FR-IDF,Épinay-Champlâtreux,no,,,,,,,
601207,FR-1322,small_airport,Sèvremoine Ultralight strip,47.01879,-1.03036,,EU,FR,FR-PDL,,no,,,,,,,
604032,FR-1323,closed,Peronne - Moulin Chevraut Airfield,46.433079,4.801533,755,EU,FR,FR-BFC,Peronne,no,,,,,,,LF7152
604771,FR-1324,heliport,Lys tout terrain DZ,50.640195,2.260179,,EU,FR,FR-HDF,Thérouanne,no,,,,,,,
605857,FR-1325,small_airport,Sepmes Airfield,47.06087,0.68297,341,EU,FR,FR-CVL,Sepmes,no,,,,,,,
605977,FR-1326,small_airport,Champseru Airfield,48.50128,1.67677,472,EU,FR,FR-CVL,Champseru,no,,,,,,,
606630,FR-1327,heliport,DZ Machézal,45.922722,4.305139,,EU,FR,FR-ARA,Machézal,no,,,,,,,
608076,FR-1329,heliport,La Herliere DZ,50.205785,2.561609,,EU,FR,FR-HDF,La Herliere,no,,,,,,,
608823,FR-1330,heliport,vaux andigny DZ,50.001374,3.540859,,EU,FR,FR-HDF,,no,,,,,,,
608835,FR-1331,heliport,fontjoncouse circuit DZ,43.031137,2.795044,,EU,FR,FR-OCC,,no,,,,,,,
608836,FR-1332,heliport,Chateau de Lastours Test Track HLS,43.044304,2.89964,220,EU,FR,FR-OCC,"Portel-des-Corbières, Aude",no,,,,,https://lastoursexperience.com/en/,,
608902,FR-1333,heliport,Noirmoutier HLS,46.9788,-2.242477,10,EU,FR,FR-PDL,Noirmoutier-en-l'Île,no,,,,,,,
608903,FR-1334,heliport,Seraussaix Farm HLS,46.197537,6.74633,5483,EU,FR,FR-ARA,"Avoriaz, Haute-Savoie",no,,,,,https://www.lafermedeseraussaix.com/,,
608904,FR-1335,heliport,Blugeon Helipad,46.166558,6.709353,3724,EU,FR,FR-ARA,"Morzine, Haute-Savoie",no,,,,,https://www.blugeon-helicopteres.com/en/our-bases/,,
608905,FR-1336,heliport,Saint Raphael HLS,43.462338,6.818621,406,EU,FR,FR-PAC,"Saint-Raphaël, Var",no,,,,,,,
608933,FR-1337,heliport,Le Ravin Off-road Circuit HLS,50.339414,2.083551,381,EU,FR,FR-HDF,"Saint-Georges, Pas-de-Calais",no,,,,,https://ravin.info/,,
608934,FR-1338,heliport,KHUB Karting Helipad,50.316189,2.762209,311,EU,FR,FR-HDF,"Arras, Pas-de-Calais",no,,,,,https://khub-arras.com/,,
608935,FR-1339,heliport,Croix en Ternois Racetrack HLS,50.378191,2.296572,401,EU,FR,FR-HDF,"Croix-en-Ternois, Pas-de-Calais",no,,,,,https://www.circuitdecroix.com/,,
609057,FR-1340,heliport,Ajaccio Port Heliport,41.923245,8.764268,6,EU,FR,FR-COR,"Ajaccio, Corse-du-Sud",no,,,,,,,
609136,FR-1341,heliport,Château de Rebreuve-Ranchicourt,50.441452,2.551656,,EU,FR,FR-HDF,"Rebreuve-Ranchicourt, Pas-de-Calais",no,,,,,,,
609258,FR-1342,heliport,Château des Forges,47.500556,-0.56192,,EU,FR,FR-PDL,Angers,no,,,,,,,
609259,FR-1343,heliport,La Couetterie Castle HLS,47.765796,0.387203,465,EU,FR,FR-PDL,"La Couetterie, Sarthe",no,,,,,,,
609443,FR-1344,heliport,Zuytpeene HLS,50.794192,2.424912,90,EU,FR,FR-HDF,"Zuytpeene, Nord",no,,,,,,,
609544,FR-1345,heliport,Armbouts-Cappen,50.974347,2.350437,,EU,FR,FR-HDF,Armbouts-Cappel,no,,,,,,,
609573,FR-1346,heliport,HéliSMUR 03 Heliport,46.31801,3.31765,,EU,FR,FR-ARA,Saint-Pourçain-sur-Sioule,no,,,,,,,
609665,FR-1347,heliport,Château Hendecourt-les-cagnicourt,50.211846,2.953074,,EU,FR,FR-HDF,Hendecourt les Cagnicourt,no,,,,,,,
609792,FR-1348,heliport,LINZEUX DZ,50.342835,2.197005,,EU,FR,FR-HDF,Linzeux,no,,,,,,,
609811,FR-1349,heliport,Peronne Philippe DZ,49.934592,2.923713,,EU,FR,FR-HDF,Peronne,no,,,,,,,
610351,FR-1350,heliport,Audruicq HLS,50.897579,2.074722,7,EU,FR,FR-HDF,"Audruicq, Pas-de-Calais",no,,,,,,,
610556,FR-1351,heliport,DROUVILLE DZ,48.661969,6.410988,,EU,FR,FR-GES,Drouville,no,,,,,,,
610741,FR-1352,heliport,RIEUX EN CIS DZ,50.198388,3.346515,,EU,FR,FR-HDF,RIEUX EN CIS,no,,,,,,,
610743,FR-1353,heliport,Hélicentre,47.896004,2.519852,,EU,FR,FR-CVL,,no,,,,,https://helicentre.net/,,
610793,FR-1354,heliport,Quéant DZ,50.182217,2.987265,,EU,FR,FR-HDF,Quéant,no,,,,,,,
610794,FR-1355,heliport,Metz en couture DZ,50.063442,3.056556,,EU,FR,FR-HDF,Metz en couture DZ,no,,,,,,,
610795,FR-1356,heliport,Villers-Plouich Heliport,50.081707,3.134132,355,EU,FR,FR-HDF,"Villers-Plouich, Nord",no,,,,,,,
610796,FR-1357,heliport,Bourlon HLS,50.17815,3.127184,302,EU,FR,FR-HDF,"Bourlon, Pas-de-Calais",no,,,,,,,
610797,FR-1358,heliport,Ecourt-St-Quentin HLS,50.254787,3.081254,133,EU,FR,FR-HDF,"Ecourt-Saint-Quentin, Pas-de-Calais",no,,,,,,,
35155,FR-JCA,heliport,Cannes Croisette Heliport,43.535287,7.038296,,EU,FR,FR-PAC,"Cannes, Alpes-Maritimes",yes,,,,,,,Palm Beach
319812,HSJ,small_airport,Zhengzhou Shangjie Airport,34.842153,113.273983,450,AS,CN,CN-41,Zhengzhou,no,,HSJ,,,,https://zh.wikipedia.org/wiki/%E9%83%91%E5%B7%9E%E4%B8%8A%E8%A1%97%E6%9C%BA%E5%9C%BA,
351149,HZU,medium_airport,Chengdu Huaizhou Airport,30.677339,104.529397,1453,AS,CN,CN-51,Chengdu (Jintang),no,,HZU,,,,https://zh.wikipedia.org/wiki/%E6%88%90%E9%83%BD%E6%B7%AE%E5%B7%9E%E6%9C%BA%E5%9C%BA,
308641,JUH,small_airport,Chizhou Jiuhuashan Airport,30.7403,117.6856,60,AS,CN,CN-34,Chizhou,yes,ZSJH,JUH,ZSJH,,,https://en.wikipedia.org/wiki/Chizhou_Jiuhuashan_Airport,
2987,LF50,small_airport,Aérodrome privé de Soucelles,47.580399,-0.412269,255,EU,FR,FR-PDL,Soucelles,no,,,,LF4925,,,Angers
2988,LF51,small_airport,Plan-de-Dieu-Orange Airfield,44.18,4.91889,312,EU,FR,FR-PAC,"Travaillan, Vaucluse",no,,,LFPR,LF8451,http://www.aeroclubduplandedieu.fr,https://fr.wikipedia.org/wiki/A%C3%A9rodrome_d%27Orange_Plan_de_Dieu,
28770,LFAB,small_airport,Dieppe-Saint-Aubin Airport,49.884662,1.08101,344,EU,FR,FR-NOR,Saint-Aubin-sur-Scie,no,LFAB,DPE,LFAB,,,https://fr.wikipedia.org/wiki/A%C3%A9rodrome_de_Dieppe_-_Saint-Aubin,
4050,LFAC,medium_airport,Calais Marck Airport,50.962101,1.95476,12,EU,FR,FR-HDF,Calais,no,LFAC,CQF,LFAC,,https://calais.aeroport.fr/en/homepage/,https://fr.wikipedia.org/wiki/A%C3%A9roport_de_Calais_-_Dunkerque,"Dunkirk, Grand Calais"
28771,LFAD,small_airport,Compiègne Margny Airfield,49.431242,2.801514,315,EU,FR,FR-HDF,Margny-lès-Compiègne,no,LFAD,,LFAD,,,https://fr.wikipedia.org/wiki/A%C3%A9rodrome_de_Compi%C3%A8gne_-_Margny,XCP
28772,LFAE,small_airport,Eu Mers-Le Tréport Airfield,50.068168,1.424748,328,EU,FR,FR-NOR,Eu,no,LFAE,,LFAE,,,https://fr.wikipedia.org/wiki/A%C3%A9rodrome_d%27Eu_-_Mers_-_Le_Tr%C3%A9port,
28773,LFAF,small_airport,Laon-Chambry Airfield,49.595798,3.63167,256,EU,FR,FR-HDF,"Laon, Aisne",no,LFAF,,LFAF,,,https://fr.wikipedia.org/wiki/A%C3%A9rodrome_de_Laon_-_Chambry,XLN
4051,LFAG,medium_airport,Péronne Saint-Quentin Airfield,49.868871,3.029566,295,EU,FR,FR-HDF,"Monchy-Lagache, Somme",no,LFAG,,LFAG,,,https://en.wikipedia.org/wiki/Peronne-St_Quentin_Airfield,Aérodrome de Péronne Saint-Quentin
4052,LFAI,small_airport,Nangis-Les Loges Aerodrome,48.596199,3.00679,428,EU,FR,FR-IDF,Clos-Fontaine,no,LFAI,,LFAI,,,https://en.wikipedia.org/wiki/Nangis_-_Les_Loges_aerodrome,Aérodrome de Nangis Les Loges
28774,LFAJ,small_airport,Argentan Airfield,48.709456,0.002856,581,EU,FR,FR-NOR,"Argentan, Orne",no,LFAJ,,LFAJ,,,https://fr.wikipedia.org/wiki/A%C3%A9rodrome_d%27Argentan,
28775,LFAK,small_airport,Dunkerque-Les Moëres Airfield,51.039559,2.549129,-3,EU,FR,FR-HDF,Ghyvelde,no,LFAK,,LFAK,,http://www.aeroclub-dunkerque.com/,https://en.wikipedia.org/wiki/Dunkerque_%E2%80%93_Les_Mo%C3%ABres_Airfield,"Dunkirk, Dunkerque Aeroclub"
28776,LFAL,small_airport,La Flèche-Thorée-les-Pins Airfield,47.69261,-0.002198,120,EU,FR,FR-PDL,"La Flèche, Sarthe",no,LFAL,,LFAL,,http://www.aeroclublafleche.fr/,https://fr.wikipedia.org/wiki/Aérodrome_de_La_Flèche_-_Thorée-les-Pins,
28777,LFAM,small_airport,Berck-sur-Mer Airfield,50.4231,1.59194,30,EU,FR,FR-HDF,Berck-sur-Mer,no,LFAM,,LFAM,,http://www.aeroberck.com/,https://fr.wikipedia.org/wiki/A%C3%A9rodrome_de_Berck-sur-Mer,
4053,LFAO,small_airport,Bagnoles-Couterne Airfield,48.545799,-0.387444,718,EU,FR,FR-NOR,"Rives-d'Andaine, Orne",no,LFAO,,LFAO,,,https://fr.wikipedia.org/wiki/A%C3%A9rodrome_de_Bagnoles-de-l%27Orne_-_Couterne,Aérodrome de Bagnoles - Couterne
28779,LFAP,small_airport,Rethel-Perthes Airfield,49.48097,4.363304,410,EU,FR,FR-GES,"Sault-lès-Rethel, Ardennes",no,LFAP,,LFAP,,,https://fr.wikipedia.org/wiki/A%C3%A9rodrome_de_Rethel_-_Perthes,
4054,LFAQ,small_airport,Albert Bray airport,49.970049,2.693939,364,EU,FR,FR-HDF,Albert,no,LFAQ,BYF,LFAQ,,https://www.aeroportalbertpicardie.com/en/home/,https://en.wikipedia.org/wiki/Albert_%E2%80%93_Picardie_Airport,"Albert-Bray, Amiens-Henry Potez"
28780,LFAR,small_airport,Montdidier Airfield,49.672118,2.567811,358,EU,FR,FR-HDF,Montdidier,no,LFAR,,LFAR,,http://www.lfar.fr/,https://de.wikipedia.org/wiki/Flugplatz_Montdidier-Figni%C3%A8res,
28781,LFAS,small_airport,Falaise-Mont d'Eraines Airfield,48.9272,-0.144722,512,EU,FR,FR-NOR,"Damblainville, Calvados",no,LFAS,,LFAS,,,https://fr.wikipedia.org/wiki/A%C3%A9rodrome_de_Falaise-Mont_d%27Eraines,
4055,LFAT,medium_airport,Le Touquet-Côte d'Opale Airport,50.518284,1.621656,36,EU,FR,FR-HDF,Le Touquet-Paris-Plage,no,LFAT,LTQ,LFAT,,https://www.aeroport-letouquet.com/,https://en.wikipedia.org/wiki/Le_Touquet_%E2%80%93_C%C3%B4te_d%27Opale_Airport,Paris-Plage
28782,LFAU,small_airport,Aérodrome de Vauville,49.622775,-1.830688,456,EU,FR,FR-NOR,La Hague,no,LFAU,,LFAU,,http://vvvauville.free.fr/,,
4056,LFAV,medium_airport,Valenciennes-Denain Airfield,50.327823,3.461061,165,EU,FR,FR-HDF,Prouvy,no,LFAV,,LFAV,,,https://en.wikipedia.org/wiki/Valenciennes-Denain_Airport,
28783,LFAW,small_airport,Villerupt Aerodrome,49.410424,5.889301,1299,EU,FR,FR-GES,"Errouville, Meurthe-et-Moselle",no,LFAW,,LFAW,,,https://fr.wikipedia.org/wiki/A%C3%A9rodrome_de_Villerupt,Aérodrome de Villerupt
28784,LFAX,small_airport,Mortagne-au-Perche Airfield,48.539157,0.532043,886,EU,FR,FR-NOR,"Saint-Hilaire-le-Châtel, Orne",no,LFAX,,LFAX,,,https://fr.wikipedia.org/wiki/A%C3%A9rodrome_de_Mortagne-au-Perche,
4057,LFAY,medium_airport,Amiens Glisy Airfield,49.873004,2.387074,208,EU,FR,FR-HDF,Amiens,no,LFAY,,LFAY,,,https://en.wikipedia.org/wiki/Amiens_%E2%80%93_Glisy_Aerodrome,"QAM, Aérodrome d'Amiens-Glisy"
4058,LFBA,medium_airport,Agen La Garenne airport,44.174171,0.59309,204,EU,FR,FR-NAQ,Agen,no,LFBA,AGF,LFBA,,http://www.aeroport-agen.com/,https://en.wikipedia.org/wiki/Agen_-_La_Garenne_Aerodrome,
4059,LFBC,medium_airport,Cazaux (BA 120) Air Base,44.533298,-1.125,84,EU,FR,FR-NAQ,Cazaux (La Teste-de-Buch),no,,,LFBC,,,https://en.wikipedia.org/wiki/Cazaux_Air_Base,
4060,LFBD,large_airport,Bordeaux–Mérignac Airport,44.82865,-0.715356,162,EU,FR,FR-NAQ,Bordeaux,yes,LFBD,BOD,LFBD,,https://www.bordeaux.aeroport.fr/,https://en.wikipedia.org/wiki/Bordeaux%E2%80%93M%C3%A9rignac_Airport,
4061,LFBE,medium_airport,Bergerac Dordogne-Périgord airport,44.825298,0.518611,171,EU,FR,FR-NAQ,Bergerac,yes,LFBE,EGC,LFBE,,https://www.bergerac.aeroport.fr/,https://en.wikipedia.org/wiki/Bergerac_Dordogne_P%C3%A9rigord_Airport,
4062,LFBF,medium_airport,Toulouse-Francazal (BA 101) Air Base,43.545601,1.3675,535,EU,FR,FR-OCC,"Toulouse/Francazal, Haute-Garonne",no,LFBF,,LFBF,,https://www.toulouse-francazal.aeroport.fr/,https://fr.wikipedia.org/wiki/A%C3%A9roport_de_Toulouse_Francazal,
4063,LFBG,medium_airport,Cognac-Châteaubernard (BA 709) Air Base,45.658298,-0.3175,102,EU,FR,FR-NAQ,Cognac/Châteaubernard,no,LFBG,CNG,LFBG,,,https://en.wikipedia.org/wiki/Cognac_%E2%80%93_Ch%C3%A2teaubernard_Air_Base,
4064,LFBH,medium_airport,La Rochelle Île de Ré Airport,46.179199,-1.19528,74,EU,FR,FR-NAQ,La Rochelle,yes,LFBH,LRH,LFBH,,https://www.larochelle.aeroport.fr/en/,https://en.wikipedia.org/wiki/La_Rochelle_-_%C3%8Ele_de_R%C3%A9_Airport,Laleu Airport
4065,LFBI,medium_airport,Poitiers-Biard Airport,46.5877,0.306666,423,EU,FR,FR-NAQ,Poitiers/Biard,yes,LFBI,PIS,LFBI,,https://www.poitiers.aeroport.fr/,https://en.wikipedia.org/wiki/Poitiers_-_Biard_Airport,
28785,LFBJ,small_airport,Aérodrome de Saint-Junien,45.902234,0.918225,902,EU,FR,FR-NAQ,"Poitiers, Vienne",no,LFBJ,,LFBJ,,,https://fr.wikipedia.org/wiki/A%C3%A9rodrome_de_Saint-Junien,
4066,LFBK,medium_airport,Montluçon-Guéret Airport,46.222599,2.36396,1497,EU,FR,FR-NAQ,"Lépaud, Creuse",no,LFBK,MCU,LFBK,,https://aerodrome-montlucon-gueret.fr/,https://en.wikipedia.org/wiki/Montlu%C3%A7on_%E2%80%93_Gu%C3%A9ret_Airport,
4067,LFBL,medium_airport,Limoges Airport,45.862801,1.17944,1300,EU,FR,FR-NAQ,Limoges/Bellegarde,yes,LFBL,LIG,LFBL,,https://www.aeroportlimoges.com/en/,https://en.wikipedia.org/wiki/Limoges_-_Bellegarde_Airport,
4068,LFBM,medium_airport,Mont-de-Marsan (BA 118) Air Base,43.911701,-0.5075,203,EU,FR,FR-NAQ,Mont-de-Marsan,no,LFBM,,LFBM,,,https://en.wikipedia.org/wiki/Mont-de-Marsan_Air_Base,XMJ
4069,LFBN,medium_airport,Niort - Marais Poitevin Airport,46.313477,-0.394529,203,EU,FR,FR-NAQ,Niort/Souché,no,LFBN,NIT,LFBN,,,https://fr.wikipedia.org/wiki/A%C3%A9rodrome_de_Niort_-_Marais_Poitevin,
4070,LFBO,large_airport,Toulouse-Blagnac Airport,43.629101,1.36382,499,EU,FR,FR-OCC,Toulouse/Blagnac,yes,LFBO,TLS,LFBO,,http://www.toulouse.aeroport.fr/,https://en.wikipedia.org/wiki/Toulouse_Blagnac_International_Airport,Airbus
4071,LFBP,medium_airport,Pau Pyrénées Airport,43.380001,-0.418611,616,EU,FR,FR-NAQ,Pau/Pyrénées (Uzein),yes,LFBP,PUF,LFBP,,https://www.pau.aeroport.fr/passenger/,https://en.wikipedia.org/wiki/Pau_Pyr%C3%A9n%C3%A9es_Airport,
4072,LFBR,small_airport,Aérodrome de Muret - Lherm,43.448898,1.26333,622,EU,FR,FR-OCC,"Muret/Lherm, Haute-Garonne",no,LFBR,,LFBR,,https://www.muret-lherm.aero,https://fr.wikipedia.org/wiki/A%C3%A9rodrome_de_Muret_-_Lherm,
28786,LFBS,small_airport,Biscarrosse Parentis Airfield,44.36756,-1.133903,98,EU,FR,FR-NAQ,"Biscarrosse, Landes",no,LFBS,,LFBS,,,https://en.wikipedia.org/wiki/Biscarrosse_%E2%80%93_Parentis_Airport,
4073,LFBT,medium_airport,Tarbes-Lourdes-Pyrénées Airport,43.178699,-0.006439,1260,EU,FR,FR-OCC,Tarbes/Lourdes/Pyrénées,yes,LFBT,LDE,LFBT,,https://www.tlp.aeroport.fr/,https://en.wikipedia.org/wiki/Tarbes-Lourdes-Pyr%C3%A9n%C3%A9es_Airport,
4074,LFBU,medium_airport,Angoulême Brie-Champniers airport,45.729198,0.221456,436,EU,FR,FR-NAQ,Angoulême,no,LFBU,ANG,LFBU,,https://angouleme-airport.com/,https://en.wikipedia.org/wiki/Angoul%C3%AAme_-_Brie_-_Champniers_Airport,
4076,LFBX,medium_airport,Périgueux-Bassillac Airport,45.198101,0.815556,328,EU,FR,FR-NAQ,Périgueux/Bassillac,no,LFBX,PGX,LFBX,,,https://en.wikipedia.org/wiki/P%C3%A9rigueux_Bassillac_Airport,
28787,LFBY,small_airport,Dax Seyresse Airfield,43.689201,-1.06889,106,EU,FR,FR-NAQ,"Perigueux, Dordogne",no,LFBY,,LFBY,,,https://fr.wikipedia.org/wiki/A%C3%A9rodrome_de_Dax_-_Seyresse,XDA
4077,LFBZ,medium_airport,Biarritz Pays Basque airport,43.468372,-1.523223,245,EU,FR,FR-NAQ,Biarritz,yes,LFBZ,BIQ,LFBZ,,https://biarritz.aeroport.fr/en/,https://en.wikipedia.org/wiki/Biarritz_-_Anglet_-_Bayonne_Airport,
28788,LFCA,small_airport,Aérodrome de Châtellerault-Targé,46.782644,0.550485,207,EU,FR,FR-NAQ,"Châtellerault, Vienne",no,LFCA,,LFCA,,,https://fr.wikipedia.org/wiki/A%C3%A9rodrome_de_Ch%C3%A2tellerault_-_Targ%C3%A9,XCX 
28789,LFCB,small_airport,Aérodrome de Bagnères de Luchon,42.799999,0.6,2028,EU,FR,FR-OCC,,no,,,LFCB,,,https://fr.wikipedia.org/wiki/A%C3%A9rodrome_de_Bagn%C3%A8res-de-Luchon,
4078,LFCC,medium_airport,Cahors Lalbenque airport,44.351398,1.47528,912,EU,FR,FR-OCC,Cahors,no,LFCC,ZAO,LFCC,,,https://fr.wikipedia.org/wiki/A%C3%A9rodrome_de_Cahors_-_Lalbenque,
28790,LFCD,small_airport,Aérodrome d'Andernos,44.755,-1.065,66,EU,FR,FR-NAQ,Andernos-les-Bains,no,,,LFCD,,,https://fr.wikipedia.org/wiki/A%C3%A9rodrome_d%27Andernos-les-Bains,
28791,LFCE,small_airport,Guéret Saint-Laurent Airfield,46.176071,1.953831,1207,EU,FR,FR-NAQ,"Saint-Laurent, Creuse",no,,,LFCE,,http://aeroclub-gueret-saint-laurent.fr/,https://fr.wikipedia.org/wiki/A%C3%A9rodrome_de_Gu%C3%A9ret_-_Saint-Laurent,Aérodrome de Guéret Saint-Laurent
28792,LFCF,small_airport,Aérodrome de Figeac - Livernon,44.673302,1.78917,1086,EU,FR,FR-OCC,,no,,,LFCF,,,https://fr.wikipedia.org/wiki/A%C3%A9rodrome_de_Figeac-Livernon,
4079,LFCG,medium_airport,Aérodrome de Saint-Girons - Antichan,43.007801,1.10315,1368,EU,FR,FR-OCC,Saint-Girons/Antichan,no,,,LFCG,,,https://fr.wikipedia.org/wiki/A%C3%A9rodrome_de_Saint-Girons_-_Antichan,
4080,LFCH,medium_airport,Aérodrome d'Arcachon-La Teste-de-Buch,44.596401,-1.11083,52,EU,FR,FR-NAQ,Arcachon/La Teste-de-Buch,no,,,LFCH,,https://www.agglo-cobas.fr/mobilites/aerodrome/,https://en.wikipedia.org/wiki/Arcachon_-_La_Teste-de-Buch_Airport,XAC
4081,LFCI,medium_airport,Albi Le Sequestre airport,43.913898,2.11306,564,EU,FR,FR-OCC,Albi,no,LFCI,LBI,LFCI,,,https://fr.wikipedia.org/wiki/A%C3%A9rodrome_d%27Albi_-_Le_Sequestre,
28793,LFCJ,small_airport,Aérodrome de Jonzac Neulles,45.4842,-0.421389,128,EU,FR,FR-NAQ,Albi,no,,,LFCJ,,,https://fr.wikipedia.org/wiki/A%C3%A9rodrome_de_Jonzac_-_Neulles,
4082,LFCK,medium_airport,Castres Mazamet Airport,43.556301,2.28918,788,EU,FR,FR-OCC,Castres,yes,LFCK,DCM,LFCK,,http://aeroport81.fr/,https://en.wikipedia.org/wiki/Castres-Mazamet_Airport,
4083,LFCL,small_airport,Toulouse-Lasbordes Airfield,43.58677,1.49924,460,EU,FR,FR-OCC,"Balma, Haute-Garonne",no,,,LFCL,,https://www.toulouse-metropole.fr/missions/deplacements/aerodrome-toulouse-lasbordes,https://en.wikipedia.org/wiki/Toulouse_-_Lasbordes_Airport,
4084,LFCM,small_airport,Millau-Larzac Airfield,43.9893,3.183,2606,EU,FR,FR-OCC,Millau/Larzac,no,,,LFCM,,https://www.larzac-airport.com/fr-fr/,https://fr.wikipedia.org/wiki/A%C3%A9rodrome_de_Millau-Larzac,
28794,LFCN,small_airport,Nogaro Airfield,43.769699,-0.032778,304,EU,FR,FR-OCC,,no,,,LFCN,,https://www.aeronogaro.com/,https://en.wikipedia.org/wiki/Nogaro_Aerodrome,
28795,LFCO,small_airport,Oloron Herrere Airfield,43.163503,-0.561494,984,EU,FR,FR-NAQ,,no,,,LFCO,,,https://fr.wikipedia.org/wiki/A%C3%A9rodrome_d%27Oloron_-_Herr%C3%A8re,
28796,LFCP,small_airport,Pons Avy Airfield,45.57,-0.515,117,EU,FR,FR-NAQ,,no,,,LFCP,,,https://fr.wikipedia.org/wiki/A%C3%A9rodrome_de_Pons_-_Avy,
4085,LFCQ,small_airport,Aérodrome de Graulhet-Montdragon,43.771099,2.01083,581,EU,FR,FR-OCC,Graulhet/Montdragon,no,LFCQ,,LFCQ,,,https://fr.wikipedia.org/wiki/A%C3%A9rodrome_de_Graulhet_-_Montdragon,
4086,LFCR,medium_airport,Rodez–Aveyron Airport,44.407902,2.48267,1910,EU,FR,FR-OCC,Rodez/Marcillac,yes,LFCR,RDZ,LFCR,,https://www.aeroport-rodez.fr/en/,https://en.wikipedia.org/wiki/Rodez%E2%80%93Aveyron_Airport,
28797,LFCS,small_airport,Aérodrome de Bordeaux-Léognan-Saucats,44.700298,-0.595556,190,EU,FR,FR-NAQ,Bordeaux-Saucats,no,,,LFCS,,,https://fr.wikipedia.org/wiki/A%C3%A9rodrome_de_Bordeaux_-_L%C3%A9ognan_-_Saucats,
28798,LFCT,small_airport,Aérodrome de Thouars,46.961899,-0.152778,341,EU,FR,FR-NAQ,Thouars,no,,,LFCT,,,https://fr.wikipedia.org/wiki/A%C3%A9rodrome_de_Thouars,
4087,LFCU,small_airport,Ussel-Thalamy Airfield,45.535738,2.424474,2428,EU,FR,FR-NAQ,"Ussel, Corrèze",no,,,LFCU,,,https://fr.wikipedia.org/wiki/A%C3%A9rodrome_d%27Ussel_-_Thalamy,
28799,LFCV,small_airport,Aérodrome de Villefranche de Rouergue,44.369491,2.025722,1096,EU,FR,FR-OCC,Rodez,no,,,LFCV,,,https://fr.wikipedia.org/wiki/A%C3%A9rodrome_de_Villefranche-de-Rouergue,
4088,LFCW,small_airport,Villeneuve-sur-Lot Airfield,44.3969,0.758889,190,EU,FR,FR-NAQ,Villeneuve-sur-Lot,no,,,LFCW,,,https://fr.wikipedia.org/wiki/A%C3%A9rodrome_de_Villeneuve-sur-Lot,
28800,LFCX,small_airport,Aérodrome de Castelsarrasin Moissac,44.086423,1.127191,243,EU,FR,FR-OCC,Moissac,no,LFCX,,LFCX,,,https://fr.wikipedia.org/wiki/A%C3%A9rodrome_de_Castelsarrasin_-_Moissac,
4089,LFCY,medium_airport,Royan-Médis Airport,45.628101,-0.9725,72,EU,FR,FR-NAQ,Royan/Médis,no,LFCY,RYN,LFCY,,,https://en.wikipedia.org/wiki/Royan_%E2%80%93_M%C3%A9dis_Aerodrome,
4090,LFCZ,small_airport,Aérodrome de Mimizan,44.145928,-1.16432,164,EU,FR,FR-NAQ,Mimizan,no,LFCZ,,LFCZ,,,https://fr.wikipedia.org/wiki/A%C3%A9rodrome_de_Mimizan,
4091,LFDA,small_airport,Aire-sur-l'Adour Airfield,43.7094,-0.245278,259,EU,FR,FR-NAQ,Aire-sur-Adour,no,,,LFDA,,,https://fr.wikipedia.org/wiki/A%C3%A9rodrome_d%27Aire-sur-l%27Adour,
4092,LFDB,small_airport,Aérodrome Morin - Védrines,44.0257,1.37804,351,EU,FR,FR-OCC,Montauban,no,LFDB,,LFDB,,,https://fr.wikipedia.org/wiki/A%C3%A9rodrome_de_Montauban,
28801,LFDC,small_airport,Aérodrome de Montendre-Marcillac,45.274399,-0.452222,148,EU,FR,FR-NAQ,,no,,,LFDC,,,https://fr.wikipedia.org/wiki/A%C3%A9rodrome_de_Montendre_-_Marcillac,
28802,LFDE,small_airport,Aérodrome d'Égletons,45.421398,2.06889,1857,EU,FR,FR-NAQ,,no,,,LFDE,,,http://wikipedia.fr/Aérodrome d'Égletons,
28803,LFDF,small_airport,Aérodrome de Sainte-Foy-la-Grande,44.8536,0.176667,282,EU,FR,FR-NAQ,,no,,,LFDF,,,https://fr.wikipedia.org/wiki/A%C3%A9rodrome_de_Sainte-Foy-la-Grande,
28804,LFDG,small_airport,Aérodrome de Gaillac - Lisle-sur-Tarn,43.8839,1.87556,446,EU,FR,FR-OCC,Gaillac,no,LFDG,,LFDG,,,https://fr.wikipedia.org/wiki/A%C3%A9rodrome_de_Gaillac_-_Lisle-sur-Tarn,
4093,LFDH,medium_airport,Auch Gers Airfield,43.683606,0.599747,411,EU,FR,FR-OCC,Auch,no,LFDH,,LFDH,,http://www.auchaeroport.fr/ (dead link as of 17-sep-2017),https://fr.wikipedia.org/wiki/Aéroport_Auch_-_Gers,Lamothe
4094,LFDI,small_airport,Libourne-Artigues-de-Lussac Airfield,44.98347,-0.138359,157,EU,FR,FR-NAQ,Libourne/Artigues-de-Lussac,no,,,LFDI,,,https://fr.wikipedia.org/wiki/A%C3%A9rodrome_de_Libourne_-_Artigues-de-Lussac,
4095,LFDJ,small_airport,Aérodrome de Pamiers - Les Pujols,43.090599,1.69583,1115,EU,FR,FR-OCC,Pamiers/Les Pujols,no,,,LFDJ,,,https://fr.wikipedia.org/wiki/A%C3%A9rodrome_de_Pamiers_-_Les_Pujols,
28805,LFDK,small_airport,Soulac Sur Mer Airfield,45.494999,-1.08222,7,EU,FR,FR-NAQ,Pamiers,no,,,LFDK,,,https://fr.wikipedia.org/wiki/A%C3%A9rodrome_de_Soulac-sur-Mer,
28806,LFDL,small_airport,Loudun Airfield,47.035941,0.100619,315,EU,FR,FR-NAQ,Pamiers,no,,,LFDL,,http://www.aeroclubloudun.fr/,https://fr.wikipedia.org/wiki/A%C3%A9rodrome_de_Loudun,Aeroclub Loudunais
4096,LFDM,small_airport,Marmande – Virazeil Airfield,44.499049,0.200511,110,EU,FR,FR-NAQ,Marmande,no,,,LFDM,,,https://en.wikipedia.org/wiki/Marmande_%E2%80%93_Virazeil_Airport,
4097,LFDN,medium_airport,Rochefort-Saint-Agnant (BA 721) Airport,45.887798,-0.983056,60,EU,FR,FR-NAQ,Rochefort/Saint-Agnant,no,LFDN,RCO,LFDN,,,https://fr.wikipedia.org/wiki/A%C3%A9roport_de_Rochefort_-_Charente-Maritime,
28808,LFDP,small_airport,St Pierre d'Oléron Airfield,45.959202,-1.31611,20,EU,FR,FR-NAQ,,no,,,LFDP,,http://ac.oleron.free.fr,https://fr.wikipedia.org/wiki/A%C3%A9rodrome_de_Saint-Pierre-d%27Ol%C3%A9ron,
28809,LFDQ,small_airport,Castelnau Magnoac Airfield,43.2794,0.521667,992,EU,FR,FR-OCC,,no,,,LFDQ,,,,
28810,LFDR,small_airport,La Réole Floudes Airfield,44.5681,-0.056111,43,EU,FR,FR-NAQ,,no,,,LFDR,,,https://fr.wikipedia.org/wiki/A%C3%A9rodrome_de_La_R%C3%A9ole_-_Floud%C3%A8s,
28811,LFDS,small_airport,Sarlat Domme Airfield,44.791707,1.247068,978,EU,FR,FR-NAQ,,no,,,LFDS,,,https://fr.wikipedia.org/wiki/A%C3%A9rodrome_de_Sarlat_-_Domme,XSL
28812,LFDT,small_airport,Aérodrome de Tarbes Laloubère,43.215269,0.077304,1076,EU,FR,FR-OCC,Tarbes,no,,,LFDT,,https://www.aerobigorre.org/,https://fr.wikipedia.org/wiki/A%C3%A9rodrome_de_Tarbes_-_Laloub%C3%A8re,XTB
28813,LFDU,small_airport,Lesparre St Laurent Medoc Airfield,45.1978,-0.882222,105,EU,FR,FR-NAQ,,no,,,LFDU,,,https://fr.wikipedia.org/wiki/A%C3%A9rodrome_de_Lesparre_-_Saint-Laurent-M%C3%A9doc,
28814,LFDV,small_airport,Couhé Vérac Airfield,46.2728,0.190556,499,EU,FR,FR-NAQ,,no,,,LFDV,,,https://fr.wikipedia.org/wiki/A%C3%A9rodrome_de_Couh%C3%A9_-_V%C3%A9rac,
28815,LFDW,small_airport,Chauvigny Airfield,46.583599,0.6425,440,EU,FR,FR-NAQ,,no,,,LFDW,,,https://fr.wikipedia.org/wiki/A%C3%A9rodrome_de_Chauvigny,
28816,LFDX,small_airport,Fumel Montayral Airfield,44.460921,1.006708,692,EU,FR,FR-NAQ,Rochefort,no,,,LFDX,,,https://fr.wikipedia.org/wiki/A%C3%A9rodrome_de_Fumel_-_Montayral,
28817,LFDY,small_airport,Bordeaux Yvrac Airfield,44.876049,-0.480416,240,EU,FR,FR-NAQ,,no,,,LFDY,,,https://fr.wikipedia.org/wiki/A%C3%A9rodrome_de_Bordeaux_-_Yvrac,
28818,LFEA,small_airport,Aérodrome de Belle Île,47.325256,-3.201255,171,EU,FR,FR-BRE,Bangor,no,LFEA,BIC,LFEA,,,https://fr.wikipedia.org/wiki/Aérodrome_de_Belle-Île,Palais-Belle-İle-en-Mer Aerodrome
28819,LFEB,small_airport,Dinan-Trélivan Airfield,48.443351,-2.103142,394,EU,FR,FR-BRE,"Trélivan, Côtes-d'Armor",no,LFEB,,LFEB,,,https://fr.wikipedia.org/wiki/A%C3%A9rodrome_de_Dinan_-_Tr%C3%A9livan,
28820,LFEC,small_airport,Ouessant Airport,48.4632,-5.06358,142,EU,FR,FR-BRE,Ushant,yes,LFEC,OUI,LFEC,,,https://en.wikipedia.org/wiki/Ushant_Airport,
4098,LFED,small_airport,Pontivy Airfield,48.05674,-2.920818,407,EU,FR,FR-BRE,Pontivy,no,LFED,,LFED,,,https://fr.wikipedia.org/wiki/A%C3%A9rodrome_de_Pontivy,
28821,LFEF,small_airport,Amboise Dierre Airfield,47.339771,0.945861,180,EU,FR,FR-CVL,"Dierre, Indre-et-Loire",no,LFEF,,LFEF,,http://www.ailestourangelles.fr/en/,https://fr.wikipedia.org/wiki/A%C3%A9rodrome_d%27Amboise_-_Dierre,
28822,LFEG,small_airport,Argenton-sur-Creuse Airfield,46.59626,1.601572,663,EU,FR,FR-CVL,"Le Pêchereau, Indre",no,LFEG,,LFEG,,,https://fr.wikipedia.org/wiki/A%C3%A9rodrome_d%27Argenton-sur-Creuse,
4099,LFEH,small_airport,Aubigny-sur-Nère Airfield,47.47993,2.393271,630,EU,FR,FR-CVL,"Aubigny-sur-Nère, Cher",no,,,LFEH,,,https://fr.wikipedia.org/wiki/A%C3%A9rodrome_d%27Aubigny-sur-N%C3%A8re,
28823,LFEI,small_airport,Briare Châtillon Airfield,47.614399,2.78194,539,EU,FR,FR-CVL,"Briare, Loiret",no,,,LFEI,,,https://fr.wikipedia.org/wiki/A%C3%A9rodrome_de_Briare_-_Ch%C3%A2tillon,
28824,LFEJ,small_airport,Châteauroux Villers Airfield,46.840863,1.619951,541,EU,FR,FR-CVL,"Saint-Maur, Indre",no,,,LFEJ,,,https://fr.wikipedia.org/wiki/A%C3%A9rodrome_de_Ch%C3%A2teauroux_-_Villers,
28825,LFEK,small_airport,Issoudun Le Fay Airfield,46.887981,2.039903,531,EU,FR,FR-CVL,"Saint-Aubin, Indre",no,,,LFEK,,,https://fr.wikipedia.org/wiki/A%C3%A9rodrome_d%27Issoudun_-_Le_Fay,
28826,LFEL,small_airport,Le Blanc Airfield,46.6208,1.0875,377,EU,FR,FR-CVL,,no,,,LFEL,,,https://fr.wikipedia.org/wiki/A%C3%A9rodrome_du_Blanc,
28827,LFEM,small_airport,Montargis Vimory Airfield,47.960602,2.68583,308,EU,FR,FR-CVL,"Vimory, Loiret",no,,,LFEM,,,https://fr.wikipedia.org/wiki/A%C3%A9rodrome_de_Montargis_-_Vimory,
28828,LFEN,small_airport,Tours Sorigny Airfield,47.266071,0.698691,299,EU,FR,FR-CVL,"Sorigny, Indre-et-Loire",no,,,LFEN,,,https://fr.wikipedia.org/wiki/A%C3%A9rodrome_de_Tours_-_Sorigny,
28829,LFEP,small_airport,Pouilly-Maconge Airfield,47.221401,4.56111,1411,EU,FR,FR-BFC,Meilly-sur-Rouvres,no,,,LFEP,,,https://fr.wikipedia.org/wiki/A%C3%A9rodrome_de_Pouilly_-_Maconge,
28830,LFEQ,small_airport,Quiberon Airfield,47.482201,-3.1,37,EU,FR,FR-BRE,,no,,,LFEQ,,,https://fr.wikipedia.org/wiki/A%C3%A9rodrome_de_Quiberon,
28484,LFER,small_airport,Redon Bains-sur-Oust Airfield,47.698723,-2.037935,225,EU,FR,FR-BRE,Redon,no,LFER,,LFER,,,https://fr.wikipedia.org/wiki/A%C3%A9rodrome_de_Redon_-_Bains-sur-Oust,XRN
4100,LFES,small_airport,Guiscriff Scaer Airfield,48.052502,-3.66472,574,EU,FR,FR-BRE,Guiscriff,no,,,LFES,,,https://fr.wikipedia.org/wiki/A%C3%A9rodrome_de_Guiscriff_-_Sca%C3%ABr,
28831,LFET,small_airport,Til Châtel Airfield,47.546293,5.210438,938,EU,FR,FR-BFC,Til-Châtel,no,,,LFET,,,https://fr.wikipedia.org/wiki/A%C3%A9rodrome_de_Til-Ch%C3%A2tel,
28832,LFEU,small_airport,Bar-le-Duc Airfield,48.867519,5.185068,909,EU,FR,FR-GES,Les Hauts-de-Chée,no,LFEU,,LFEU,,,https://fr.wikipedia.org/wiki/A%C3%A9rodrome_de_Bar-le-Duc_-_Les_Hauts-de-Ch%C3%A9e,"Bar le Duc, South Meuse Aeroclub, XBD"
28833,LFEV,small_airport,Gray Saint-Adrien Airfield,47.431659,5.61775,679,EU,FR,FR-BFC,Gray,no,,,LFEV,,,https://fr.wikipedia.org/wiki/A%C3%A9rodrome_de_Gray_-_Saint-Adrien,
28834,LFEW,small_airport,Saulieu-Liernais Airfield,47.239263,4.265928,1722,EU,FR,FR-BFC,"Liernais, Côte-d'Or",no,,,LFEW,,,https://fr.wikipedia.org/wiki/A%C3%A9rodrome_de_Saulieu_-_Liernais,
28835,LFEX,small_airport,Nancy Azelot Airfield,48.59347,6.241035,961,EU,FR,FR-GES,"Azelot, Meurthe-et-Moselle",no,,,LFEX,,,https://fr.wikipedia.org/wiki/A%C3%A9rodrome_de_Nancy_-_Azelot,
4101,LFEY,small_airport,Île d'Yeu Airport,46.717641,-2.392544,79,EU,FR,FR-PDL,Île d'Yeu,no,LFEY,IDY,LFEY,,,https://en.wikipedia.org/wiki/%C3%8Ele_d'Yeu_Aerodrome,
28836,LFEZ,small_airport,Nancy-Malzéville Airfield,48.7244,6.20778,1253,EU,FR,FR-GES,"Saint-Max, Meurthe-et-Moselle",no,LFEZ,,LFEZ,,,https://fr.wikipedia.org/wiki/A%C3%A9rodrome_de_Nancy_-_Malz%C3%A9ville,
28837,LFFB,small_airport,Buno-Bonnevaux Airfield,48.350074,2.424431,420,EU,FR,FR-IDF,"Buno-Bonnevaux, Essonne",no,LFFB,,LFFB,,,,
28838,LFFC,small_airport,Mantes-Chérence Airfield,49.078814,1.68829,512,EU,FR,FR-IDF,"Chérence, Val-d'Oise",no,LFFC,,LFFC,,,https://fr.wikipedia.org/wiki/A%C3%A9rodrome_de_Mantes_-_Ch%C3%A9rence,
28839,LFFD,small_airport,Saint-André-de-l'Eure Airfield,48.897669,1.250839,489,EU,FR,FR-NOR,"Saint-André-de-l'Eure, Eure",no,LFFD,,LFFD,,,https://en.wikipedia.org/wiki/Saint-Andr%C3%A9-de-l%27Eure_Airfield,Evreux-Saint-André
28840,LFFE,small_airport,Enghien-Moisselles Airfield,49.046016,2.353976,335,EU,FR,FR-IDF,"Attainville, Val-d'Oise",no,LFFE,,LFFE,,,https://en.wikipedia.org/wiki/Enghien_Moisselles_Airfield,
28841,LFFG,small_airport,La Ferté-Gaucher Airfield,48.757019,3.278098,538,EU,FR,FR-IDF,"La Ferté-Gaucher, Seine-et-Marne",no,LFFG,,LFFG,,,https://fr.wikipedia.org/wiki/A%C3%A9rodrome_de_La_Fert%C3%A9-Gaucher,
28842,LFFH,small_airport,Château-Thierry-Belleau Airfield,49.066753,3.355465,728,EU,FR,FR-HDF,"Château-Thierry, Aisne",no,LFFH,,LFFH,,,https://en.wikipedia.org/wiki/Ch%C3%A2teau-Thierry_%E2%80%93_Belleau_Aerodrome,
4102,LFFI,small_airport,Ancenis Airfield,47.4081,-1.1775,111,EU,FR,FR-PDL,Ancenis,no,,,LFFI,,,https://fr.wikipedia.org/wiki/A%C3%A9rodrome_d%27Ancenis,
28843,LFFJ,small_airport,Joinville Mussey Airfield,48.385086,5.143468,1024,EU,FR,FR-GES,Mussey-sur-Marne,no,,,LFFJ,,,https://fr.wikipedia.org/wiki/A%C3%A9rodrome_de_Joinville_-_Mussey,
28844,LFFK,small_airport,Fontenay Le Comte Airfield,46.441399,-0.792778,85,EU,FR,FR-PDL,Fontenay Le Comte,no,,,LFFK,,,https://fr.wikipedia.org/wiki/A%C3%A9rodrome_de_Fontenay-le-Comte,
28845,LFFL,small_airport,Bailleau Armenonville Airfield,48.5158,1.64,509,EU,FR,FR-CVL,,no,,,LFFL,,,,
4103,LFFN,small_airport,Brienne-le-Château Airfield,48.430396,4.472487,381,EU,FR,FR-GES,Saint-Christophe-Dodinicourt,no,,,LFFN,,,https://fr.wikipedia.org/wiki/A%C3%A9rodrome_de_Brienne-le-Ch%C3%A2teau,
339753,LFFO,small_airport,Beauvoir Fromentine Airfield,46.890422,-2.088475,10,EU,FR,FR-PDL,Fromentine,no,LFFO,,LFFO,,,,
28847,LFFP,small_airport,Pithiviers Airfield,48.155176,2.187563,384,EU,FR,FR-CVL,"Pithiviers, Loiret",no,,,LFFP,,,https://fr.wikipedia.org/wiki/A%C3%A9rodrome_de_Pithiviers,
28848,LFFQ,small_airport,Cerny-La Ferté Alais Airfield,48.498571,2.336891,453,EU,FR,FR-IDF,"Cerny, Essonne",no,,,LFFQ,,https://www.musee-volant-salis.fr/,https://fr.wikipedia.org/wiki/A%C3%A9rodrome_de_La_Fert%C3%A9-Alais,"Jean-Baptiste Salis, Plateau Ardenay, AVA, Aero Vintage Academy, Salis"
28849,LFFR,small_airport,Bar-sur-Seine Airfield,48.065907,4.412368,938,EU,FR,FR-GES,"Celles-sur-Ource, Aube",no,,,LFFR,,,https://fr.wikipedia.org/wiki/A%C3%A9rodrome_de_Bar-sur-Seine,
28850,LFFT,small_airport,Neufchâteau Airfield,48.35895,5.719615,1224,EU,FR,FR-GES,Neufchâteau,no,,,LFFT,,,https://fr.wikipedia.org/wiki/A%C3%A9rodrome_de_Neufch%C3%A2teau,
28851,LFFU,small_airport,Châteauneuf Sur Cher Airfield,46.871101,2.37694,551,EU,FR,FR-CVL,,no,,,LFFU,,,https://fr.wikipedia.org/wiki/A%C3%A9rodrome_de_Ch%C3%A2teauneuf-sur-Cher,
28852,LFFV,small_airport,Vierzon-Méreau Airfield,47.194052,2.065412,430,EU,FR,FR-CVL,"Vierzon, Cher",no,LFFV,,LFFV,,,http://fr.wikipedia.org/wiki/A%C3%A9rodrome_de_Vierzon_-_M%C3%A9reau,XVZ
28853,LFFW,small_airport,Montaigu St Georges Airfield,46.931998,-1.327881,184,EU,FR,FR-PDL,Montaigu-Vendée,no,LFFW,,LFFW,,,https://fr.wikipedia.org/wiki/A%C3%A9rodrome_de_Montaigu-Saint-Georges,
28854,LFFX,small_airport,Tournus Cuisery Airfield,46.56206,4.975629,689,EU,FR,FR-BFC,"Cuisery, Saône-et-Loire",no,,,LFFX,,,,
28855,LFFY,small_airport,Étrépagny Airfield,49.305273,1.637907,308,EU,FR,FR-NOR,Étrépagny,no,,,LFFY,,http://aeroclubduvexin.com/,https://fr.wikipedia.org/wiki/A%C3%A9rodrome_d%27%C3%89tr%C3%A9pagny,
28856,LFFZ,small_airport,Sézanne-Saint-Remy Airfield,48.70957,3.763304,354,EU,FR,FR-GES,"Saint-Remy-sous-Broyes, Marne",no,,,LFFZ,,,https://fr.wikipedia.org/wiki/A%C3%A9rodrome_de_S%C3%A9zanne_-_Saint-Remy,
4104,LFGA,medium_airport,Colmar Houssen airport,48.109901,7.35901,628,EU,FR,FR-GES,Colmar,no,LFGA,CMR,LFGA,,https://www.colmar.aeroport.fr/en/,https://en.wikipedia.org/wiki/Colmar_Airport,
4105,LFGB,small_airport,Mulhouse-Habsheim Airfield,47.741299,7.43221,788,EU,FR,FR-GES,Mulhouse/Habsheim,no,,,LFGB,,,https://en.wikipedia.org/wiki/Mulhouse%E2%80%93Habsheim_Airfield,
28857,LFGC,small_airport,Strasbourg Neuhof Airfield,48.553263,7.776604,456,EU,FR,FR-GES,Strasbourg,no,,,LFGC,,,https://fr.wikipedia.org/wiki/A%C3%A9rodrome_de_Strasbourg-Neuhof,Strasbourg Polygone
28859,LFGE,small_airport,Avallon Airfield,47.50377,3.901034,781,EU,FR,FR-BFC,"Avallon, Yonne",no,,,LFGE,,,https://fr.wikipedia.org/wiki/A%C3%A9rodrome_d%27Avallon,
4106,LFGF,small_airport,Beaune-Challanges Airfield,47.006643,4.894132,656,EU,FR,FR-BFC,Beaune/Challanges,no,LFGF,,LFGF,,,https://fr.wikipedia.org/wiki/A%C3%A9rodrome_de_Beaune_-_Challanges,XBV
28860,LFGG,small_airport,Belfort Chaux Airfield,47.700732,6.831265,1368,EU,FR,FR-BFC,Chaux,no,,,LFGG,,,https://en.wikipedia.org/wiki/Belfort_Chaux_Airport,
28861,LFGH,small_airport,Cosne-sur-Loire Airfield,47.36092,2.915862,581,EU,FR,FR-BFC,"Cosne-Cours-sur-Loire, Nièvre",no,,,LFGH,,,https://fr.wikipedia.org/wiki/A%C3%A9rodrome_de_Cosne-sur-Loire,
28862,LFGI,small_airport,Dijon Darois Airfield,47.385278,4.946944,1586,EU,FR,FR-BFC,"Darois, Côte-d'Or",no,,,LFGI,,,https://fr.m.wikipedia.org/wiki/Aérodrome_de_Dijon_-_Darois,
4107,LFGJ,medium_airport,Dole Tavaux Airport,47.038955,5.427589,645,EU,FR,FR-BFC,Dole,yes,LFGJ,DLE,LFGJ,,https://dole.aeroport.fr/,https://en.wikipedia.org/wiki/Dole%E2%80%93Jura_Airport,Dole-Tavaux
4108,LFGK,small_airport,Joigny Airfield,47.994462,3.392715,732,EU,FR,FR-BFC,"Joigny, Yonne",no,,,LFGK,,,https://fr.wikipedia.org/wiki/A%C3%A9rodrome_de_Joigny,
28863,LFGL,small_airport,Lons-le-Saunier Courlaoux Airfield,46.675046,5.46911,761,EU,FR,FR-BFC,Courlaoux,no,LFGL,,LFGL,,,https://fr.wikipedia.org/wiki/A%C3%A9rodrome_de_Lons-le-Saunier_-_Courlaoux,XLL
28864,LFGM,small_airport,Montceau-les-Mines Pouilloux Airfield,46.60318,4.338162,1030,EU,FR,FR-BFC,"Pouilloux, Saône-et-Loire",no,,,LFGM,,,https://fr.wikipedia.org/wiki/A%C3%A9rodrome_de_Montceau-les-Mines_-_Pouilloux,
28865,LFGN,small_airport,Paray-le-Monial Airfield,46.465798,4.13454,997,EU,FR,FR-BFC,"Paray-le-Monial, Saône-et-Loire",no,,,LFGN,,,https://fr.wikipedia.org/wiki/A%C3%A9rodrome_de_Paray-le-Monial,
28866,LFGO,small_airport,Pont-sur-Yonne Airfield,48.291587,3.245745,236,EU,FR,FR-BFC,"Gisy-les-Nobles, Yonne",no,,,LFGO,,,https://fr.wikipedia.org/wiki/A%C3%A9rodrome_de_Pont-sur-Yonne,
28867,LFGP,small_airport,Saint-Florentin - Chéu Airfield,47.98019,3.775583,351,EU,FR,FR-BFC,"Jaulges, Yonne",no,,,LFGP,,,https://fr.wikipedia.org/wiki/A%C3%A9rodrome_de_Saint-Florentin_-_Ch%C3%A9u,
28868,LFGQ,small_airport,Semur-en-Auxois Airfield,47.480998,4.342976,1053,EU,FR,FR-BFC,"Semur-en-Auxois, Côte-d'Or",no,,,LFGQ,,,https://fr.wikipedia.org/wiki/A%C3%A9rodrome_de_Semur-en-Auxois,
28869,LFGR,small_airport,Doncourt-lès-Conflans Airfield,49.152165,5.933447,804,EU,FR,FR-GES,Doncourt-lès-Conflans,no,,,LFGR,,,https://en.wikipedia.org/wiki/Doncourt-l%C3%A8s-Conflans_Airport,
28870,LFGS,small_airport,Longuyon Villette Airfield,49.483617,5.571939,1148,EU,FR,FR-GES,"Longuyon, Meurthe-et-Moselle",no,,,LFGS,,,https://fr.wikipedia.org/wiki/A%C3%A9rodrome_de_Longuyon_-_Villette,
28871,LFGT,small_airport,Sarrebourg Buhl Airfield,48.716875,7.074316,873,EU,FR,FR-GES,Buhl-Lorraine,no,,,LFGT,,,https://fr.wikipedia.org/wiki/A%C3%A9rodrome_de_Sarrebourg_-_Buhl,
28872,LFGU,small_airport,Sarreguemines Neunkirch Airfield,49.128101,7.10833,853,EU,FR,FR-GES,,no,,,LFGU,,,https://fr.wikipedia.org/wiki/A%C3%A9rodrome_de_Sarreguemines_-_Neunkirch,
4109,LFGW,medium_airport,Verdun-Le Rozelier Airfield,49.122398,5.46905,1230,EU,FR,FR-GES,"Sommedieue, Meuse",no,LFGW,,LFGW,,,https://en.wikipedia.org/wiki/Verdun-Le-Rozelier_Airport,"XVN, Verdun Sommedieue"
28874,LFGX,small_airport,Champagnole-Crotenay Airfield,46.763032,5.819664,1745,EU,FR,FR-BFC,"Crotenay, Jura",no,,,LFGX,,,https://fr.wikipedia.org/wiki/A%C3%A9rodrome_de_Champagnole_-_Crotenay,Aérodrome de Champagnole - Crotenay
28875,LFGY,small_airport,Saint-Dié-Remomeix Airfield,48.266475,7.007447,1184,EU,FR,FR-GES,"Remomeix, Vosges",no,LFGY,,LFGY,,,https://fr.wikipedia.org/wiki/A%C3%A9rodrome_de_Saint-Di%C3%A9_-_Remomeix,"XCK, Aérodrome de Saint-Dié-Remomeix"
28876,LFGZ,small_airport,Nuits-Saint-Georges Airfield,47.142032,4.968538,797,EU,FR,FR-BFC,"Nuits-Saint-Georges, Côte-d'Or",no,,,LFGZ,,,https://fr.wikipedia.org/wiki/A%C3%A9rodrome_de_Nuits-Saint-Georges,Aérodrome de Nuits-Saint-Georges
28877,LFHA,small_airport,Issoire-Le Broc Airfield,45.514999,3.2675,1240,EU,FR,FR-ARA,"Le Broc, Alpes-Maritimes",no,,,LFHA,,,https://fr.wikipedia.org/wiki/A%C3%A9rodrome_d%27Issoire_-_Le_Broc,Aérodrome d'Issoire-Le Broc
28878,LFHC,small_airport,Aérodrome de Pérouges - Meximieux,45.869701,5.18722,702,EU,FR,FR-ARA,,no,,,LFHC,,,https://fr.wikipedia.org/wiki/A%C3%A9rodrome_de_P%C3%A9rouges_-_Meximieux,
28879,LFHD,small_airport,Pierrelatte Airfield,44.397601,4.717646,197,EU,FR,FR-ARA,"La Garde-Adhémar, Drôme",no,,,LFHD,,,https://fr.wikipedia.org/wiki/A%C3%A9rodrome_de_Pierrelatte,
28880,LFHE,small_airport,Aérodrome de Romans - Saint-Paul,45.066101,5.10333,594,EU,FR,FR-ARA,,no,,,LFHE,,,https://fr.wikipedia.org/wiki/A%C3%A9rodrome_de_Romans_-_Saint-Paul,
28881,LFHF,small_airport,Ruoms Airfield,44.444611,4.332755,361,EU,FR,FR-ARA,Ruoms,no,,,LFHF,,,https://fr.wikipedia.org/wiki/A%C3%A9rodrome_de_Ruoms,
28882,LFHG,small_airport,Saint-Chamond L'Horme Airfield,45.491892,4.534375,1296,EU,FR,FR-ARA,"L'Horme, Loire",no,,,LFHG,,,https://fr.wikipedia.org/wiki/A%C3%A9rodrome_de_Saint-Chamond_-_L%27Horme,
28883,LFHH,small_airport,Vienne Reventin Airfield,45.462434,4.828147,719,EU,FR,FR-ARA,"Reventin-Vaugris, Isère",no,LFHH,,LFHH,,,https://fr.wikipedia.org/wiki/A%C3%A9rodrome_de_Vienne_-_Reventin,XVI
28884,LFHI,small_airport,Morestel Airfield,45.686905,5.452244,804,EU,FR,FR-ARA,"Arandon-Passins, Isère",no,,,LFHI,,,https://fr.wikipedia.org/wiki/A%C3%A9rodrome_de_Morestel,
28885,LFHJ,small_airport,Lyon Corbas Airfield,45.654202,4.91361,650,EU,FR,FR-ARA,Corbas,no,,,LFHJ,,,https://fr.wikipedia.org/wiki/A%C3%A9rodrome_de_Lyon_-_Corbas,
28886,LFHL,small_airport,Langogne-Lespéron Airfield,44.703589,3.88485,3339,EU,FR,FR-ARA,"Lespéron, Ardèche",no,,,LFHL,,,https://fr.wikipedia.org/wiki/A%C3%A9rodrome_de_Langogne_-_Lesp%C3%A9ron,Aérodrome de Langogne-Lespéron
28887,LFHM,small_airport,Megève Altiport,45.823005,6.649406,4823,EU,FR,FR-ARA,Megève,no,LFHM,MVV,LFHM,,,https://en.wikipedia.org/wiki/Meg%C3%A8ve_Altiport,
28888,LFHN,small_airport,Bellegarde-Vouvray Airfield,46.123336,5.804858,1624,EU,FR,FR-ARA,"Valserhône, Ain",no,LFHN,,LFHN,,,https://fr.wikipedia.org/wiki/A%C3%A9rodrome_de_Bellegarde_-_Vouvray#Histoire,"XBF, Aérodrome de Bellegarde-Vouvray"
4110,LFHO,medium_airport,Aubenas-South Ardèche Airport,44.544367,4.372194,923,EU,FR,FR-ARA,"Lanas, Ardèche",no,LFHO,OBS,LFHO,,,https://en.wikipedia.org/wiki/Aubenas_Aerodrome,Aubenas Ardèche Méridionale
4111,LFHP,small_airport,Le Puy-Loudes Airfield,45.0807,3.76289,2731,EU,FR,FR-ARA,"Chaspuzac, Haute-Loire",yes,LFHP,LPY,LFHP,,,https://en.wikipedia.org/wiki/Le_Puy_-_Loudes_Airport,
4112,LFHQ,small_airport,Saint-Flour-Coltines Airfield,45.076401,2.99361,3218,EU,FR,FR-ARA,Saint-Flour/Coltines,no,,,LFHQ,,https://www.aerodrome-stflour-coltines.fr/,https://fr.wikipedia.org/wiki/A%C3%A9rodrome_de_Saint-Flour_-_Coltines,
28889,LFHR,small_airport,Brioude Beaumont Airfield,45.319888,3.361615,1483,EU,FR,FR-ARA,"Beaumont, Puy-de-Dôme",no,,,LFHR,,,https://fr.wikipedia.org/wiki/A%C3%A9rodrome_de_Brioude_-_Beaumont,
4113,LFHS,small_airport,Bourg-Ceyzériat Airfield,46.200901,5.29203,857,EU,FR,FR-ARA,Bourg/Ceyzériat,no,LFHS,,LFHS,,,https://en.wikipedia.org/wiki/Bourg_-_Ceyz%C3%A9riat_Airport,
28890,LFHT,small_airport,Ambert - Le Poyet Airfield,45.516196,3.74514,1847,EU,FR,FR-ARA,"Ambert, Puy-de-Dôme",no,,,LFHT,,https://aeroclub-ambert.fr/,https://fr.wikipedia.org/wiki/A%C3%A9rodrome_d%27Ambert_-_Le_Poyet,Aérodrome d'Ambert - Le Poyet
28891,LFHU,small_airport,L'Alpe d'Huez - Henri Giraud Altiport,45.087399,6.083604,6102,EU,FR,FR-ARA,"Huez, Isère",no,LFHU,AHZ,LFHU,,,https://fr.wikipedia.org/wiki/Altiport_de_l'Alpe_d'Huez,
4114,LFHV,small_airport,Villefranche-Tarare Airfield,45.918314,4.635184,1076,EU,FR,FR-ARA,"Frontenas, Rhône",no,LFHV,,LFHV,,,https://en.wikipedia.org/wiki/Villefranche_-_Tarare_Airport,
28892,LFHW,small_airport,Belleville Villié Morgon Airfield,46.140843,4.713817,705,EU,FR,FR-ARA,"Belleville-en-Beaujolais, Rhône",no,,,LFHW,,,https://fr.wikipedia.org/wiki/A%C3%A9rodrome_de_Belleville_-_Villi%C3%A9-Morgon,Pizay
28893,LFHX,small_airport,Lapalisse - Périgny Airfield,46.253899,3.58861,1040,EU,FR,FR-ARA,,no,,,LFHX,,,http://fr.wikipedia.org/wiki/A%C3%A9rodrome_de_Lapalisse_-_P%C3%A9rigny,
4115,LFHY,small_airport,Moulins-Montbeugny Airfield,46.534599,3.42372,915,EU,FR,FR-ARA,Toulon-sur-Allier,no,LFHY,,LFHY,,,https://en.wikipedia.org/wiki/Moulins_-_Montbeugny_Airport,"XMU, Aérodrome de Moulins-Montbeugny"
28895,LFIB,small_airport,Aérodrome de Belvès Saint-Pardoux,44.782501,0.958889,791,EU,FR,FR-NAQ,,no,,,LFIB,,,https://fr.wikipedia.org/wiki/A%C3%A9rodrome_de_Belv%C3%A8s_-_Saint-Pardoux,
28896,LFID,small_airport,Aérodrome de Condom - Valence-sur-Baïse,43.910301,0.387222,444,EU,FR,FR-OCC,,no,,,LFID,,,https://fr.wikipedia.org/wiki/A%C3%A9rodrome_de_Condom_-_Valence-sur-Ba%C3%AFse,
4116,LFIF,small_airport,Saint-Affrique-Belmont Airfield,43.824568,2.743979,1686,EU,FR,FR-OCC,"Belmont-sur-Rance, Aveyron",no,,,LFIF,,,https://fr.wikipedia.org/wiki/A%C3%A9rodrome_de_Saint-Affrique_-_Belmont,
4117,LFIG,small_airport,Cassagnes-Bégonhès Airfield,44.177799,2.515,2024,EU,FR,FR-OCC,Cassagnes-Bégonhès,no,,,LFIG,,,https://fr.wikipedia.org/wiki/A%C3%A9rodrome_de_Cassagnes-B%C3%A9gonh%C3%A8s,
28897,LFIH,small_airport,Chalais Airfield,45.268101,0.016944,285,EU,FR,FR-NAQ,,no,,,LFIH,,,https://fr.wikipedia.org/wiki/A%C3%A9rodrome_de_Chalais,
28898,LFIK,small_airport,Aérodrome de Ribérac-Tourette,45.238667,0.264798,351,EU,FR,FR-NAQ,Ribérac,no,,,LFIK,,,https://fr.wikipedia.org/wiki/A%C3%A9rodrome_de_Rib%C3%A9rac-Tourette,
28899,LFIL,small_airport,Rion Des Landes Airfield,43.915798,-0.949167,256,EU,FR,FR-NAQ,,no,,,LFIL,,,https://fr.wikipedia.org/wiki/A%C3%A9rodrome_de_Rion-des-Landes,
28900,LFIM,small_airport,Saint Gaudens Montréjeau Airfield,43.107425,0.619132,1325,EU,FR,FR-OCC,"Clarac, Hautes-Pyrénées",no,,,LFIM,,,https://fr.wikipedia.org/wiki/A%C3%A9rodrome_de_Saint-Gaudens_-_Montr%C3%A9jeau,
28901,LFIP,small_airport,Altiport de Peyresourde Balestas,42.796723,0.436503,5190,EU,FR,FR-OCC,,no,,,LFIP,,,https://fr.wikipedia.org/wiki/Altiport_de_Peyresourde-Balestas,
28902,LFIR,small_airport,Revel Montgey Airfield,43.4814,1.98,643,EU,FR,FR-OCC,,no,,,LFIR,,,https://fr.wikipedia.org/wiki/A%C3%A9rodrome_de_Revel_-_Montgey,
315430,LFIS,small_airport,Saint-Inglevert Aerodrome,50.882608,1.735757,443,EU,FR,FR-HDF,Saint-Inglevert,no,,,LFIS,,https://www.aeroclub-boulonnais.fr/,https://en.wikipedia.org/wiki/Saint-Inglevert_Airfield,"Boulonnais Aeroclub, Les Deux Caps"
28903,LFIT,small_airport,Aérodrome de Toulouse Bourg-Saint-Bernard,43.612202,1.72528,525,EU,FR,FR-OCC,,no,,,LFIT,,,https://fr.wikipedia.org/wiki/A%C3%A9rodrome_de_Toulouse_-_Bourg-Saint-Bernard,
28904,LFIV,small_airport,Aérodrome de Vendays-Montalivet,45.3806,-1.11583,16,EU,FR,FR-NAQ,,no,,,LFIV,,,https://fr.wikipedia.org/wiki/A%C3%A9rodrome_de_Vendays-Montalivet,
28905,LFIX,small_airport,Itxassou Airfield,43.337502,-1.42222,607,EU,FR,FR-NAQ,,no,,,LFIX,,,,
28906,LFIY,small_airport,St Jean d'Angély Airfield,45.964993,-0.523374,246,EU,FR,FR-NAQ,,no,,,LFIY,,,https://fr.wikipedia.org/wiki/A%C3%A9rodrome_de_Saint-Jean-d%27Ang%C3%A9ly_-_Saint-Denis-du-Pin,
4118,LFJA,small_airport,Chaumont-Semoutiers Airfield,48.080719,5.047703,1001,EU,FR,FR-GES,"Villiers-le-Sec, Haute-Marne",no,LFJA,,LFJA,,,https://en.wikipedia.org/wiki/Chaumont-Semoutiers_Air_Base,"XCW, Chaumont-Semoutiers Air Base"
4119,LFJB,small_airport,Mauléon Airfield,46.902802,-0.697778,576,EU,FR,FR-NAQ,Mauléon,no,LFJB,,LFJB,,,https://en.wikipedia.org/wiki/Maul%C3%A9on_Aerodrome,
28907,LFJC,small_airport,Clamecy-Rix Airfield,47.437597,3.507422,713,EU,FR,FR-BFC,"Clamecy, Nièvre",no,,,LFJC,,,https://fr.wikipedia.org/wiki/A%C3%A9rodrome_de_Clamecy,
28908,LFJD,small_airport,Corlier Altiport,46.040531,5.494537,2762,EU,FR,FR-ARA,,no,,,LFJD,,,https://en.wikipedia.org/wiki/Corlier_Aerodrome,
28909,LFJE,small_airport,Altiport de La Motte Chalancon,44.4958,5.40285,2887,EU,FR,FR-ARA,,no,,,LFJE,,https://www.altisurfacelamotte-lfje.fr/,https://fr.wikipedia.org/wiki/Altiport_de_La_Motte-Chalancon,
28910,LFJF,small_airport,Aérodrome d'Aubenasson,44.6945,5.15111,810,EU,FR,FR-ARA,,no,,,LFJF,,,https://fr.wikipedia.org/wiki/A%C3%A9rodrome_d%27Aubenasson,
28911,LFJH,small_airport,Aérodrome de Cazères - Palaminy,43.202202,1.05111,811,EU,FR,FR-OCC,,no,,,LFJH,,,https://fr.wikipedia.org/wiki/A%C3%A9rodrome_de_Caz%C3%A8res_-_Palaminy,
28912,LFJI,small_airport,Aérodrome de Marennes - Le Bournet,45.825001,-1.07667,16,EU,FR,FR-NAQ,,no,,,LFJI,,,https://fr.wikipedia.org/wiki/A%C3%A9rodrome_de_Marennes,
4120,LFJL,medium_airport,Metz-Nancy-Lorraine Airport,48.982101,6.25132,870,EU,FR,FR-GES,Goin,yes,LFJL,ETZ,LFJL,,https://lorraineaeroport.com/,https://en.wikipedia.org/wiki/Metz-Nancy-Lorraine_Airport,
4121,LFJR,medium_airport,Angers Marcé airport,47.560299,-0.312222,194,EU,FR,FR-PDL,Angers,no,LFJR,ANE,LFJR,,https://www.angers.aeroport.fr/en,https://en.wikipedia.org/wiki/Angers_–_Loire_Airport,Marcé Airport.
28914,LFJS,small_airport,Soissons-Courmelles Airfield,49.344978,3.282681,509,EU,FR,FR-HDF,"Soissons, Aisne",no,LFJS,,LFJS,,,https://fr.wikipedia.org/wiki/A%C3%A9rodrome_de_Soissons_-_Courmelles,"XSS, Aérodrome de Soissons - Courmelles"
28915,LFJT,small_airport,Tours Le Louroux Airfield,47.149251,0.711125,413,EU,FR,FR-CVL,Angers,no,,,LFJT,,,https://fr.wikipedia.org/wiki/A%C3%A9rodrome_de_Tours_-_Le_Louroux,Aérodrome de Tours-Le Louroux
4122,LFJU,small_airport,Lurcy-Lévis Airfield,46.712283,2.944768,746,EU,FR,FR-ARA,"Lurcy-Lévis, Allier",no,,,LFJU,,,https://fr.wikipedia.org/wiki/A%C3%A9rodrome_de_Lurcy-L%C3%A9vis,
331727,LFJV,small_airport,Aérodrome de Lasclaveries,43.425278,-0.286944,843,EU,FR,FR-NAQ,Lasclaveries,no,,,LFJV,,,,
2989,LFJY,small_airport,Chambley airfield,49.025501,5.87607,866,EU,FR,FR-GES,Chambley-Bussières,no,,,LFJY,,,https://en.wikipedia.org/wiki/Chambley-Bussières_Air_Base,Chambley-Bussières Air Base
28916,LFKA,small_airport,Albertville General Pierre Delachenal Airfield,45.626044,6.328125,1033,EU,FR,FR-ARA,Tournon,no,,,LFKA,,,https://en.wikipedia.org/wiki/Albertville_Aerodrome,
4123,LFKB,large_airport,Bastia-Poretta International airport,42.5527,9.48373,26,EU,FR,FR-COR,Bastia,yes,LFKB,BIA,LFKB,,https://bastia-aeroport.cci.corsica/,https://en.wikipedia.org/wiki/Bastia_-_Poretta_Airport,
4124,LFKC,medium_airport,Calvi Sainte Catherine Airport,42.530422,8.792984,209,EU,FR,FR-COR,Calvi,yes,LFKC,CLY,LFKC,,https://en.balagne-corsica.com/commerce-et-service/calvi-sainte-catherine-airport/,https://en.wikipedia.org/wiki/Calvi_-_Sainte-Catherine_Airport,
28917,LFKD,small_airport,Sollières Sardières Airfield,45.253804,6.801138,4255,EU,FR,FR-ARA,Val-Cenis,no,,,LFKD,,,https://fr.wikipedia.org/wiki/A%C3%A9rodrome_de_Solli%C3%A8res-Sardi%C3%A8res,
28918,LFKE,small_airport,Saint-Jean-en-Royans Airfield,45.027802,5.31,866,EU,FR,FR-ARA,,no,,,LFKE,,,https://fr.wikipedia.org/wiki/A%C3%A9rodrome_de_Saint-Jean-en-Royans,
4125,LFKF,large_airport,Figari Sud-Corse Airport,41.50185,9.097092,85,EU,FR,FR-COR,Figari,yes,LFKF,FSC,LFKF,,https://figari-aeroport.cci.corsica/,https://en.wikipedia.org/wiki/Figari_Sud-Corse_Airport,
28919,LFKG,small_airport,Aérodrome de Ghisonaccia - Alzitone,42.053387,9.400241,177,EU,FR,FR-COR,GHISONACCIA,no,LFKG,,LFKG,,https://aerodromudiaghisunaccia.com/,https://en.wikipedia.org/wiki/Ghisonaccia_Alzitone_Airport,
28920,LFKH,small_airport,St Jean D'avelanne Airfield,45.516701,5.68056,964,EU,FR,FR-ARA,Figari/Sud Corse,no,,,LFKH,,,https://fr.wikipedia.org/wiki/A%C3%A9rodrome_de_Saint-Jean-d%27Avelanne,
4126,LFKJ,medium_airport,Ajaccio Napoléon Bonaparte airport,41.923599,8.80292,18,EU,FR,FR-COR,Ajaccio,yes,LFKJ,AJA,LFKJ,,,https://en.wikipedia.org/wiki/Ajaccio_-_Campo_dell'Oro_Airport,
28921,LFKL,small_airport,Lyon Brindas Airfield,45.710544,4.696675,1040,EU,FR,FR-ARA,"Brindas, Rhône",no,,,LFKL,,,https://fr.wikipedia.org/wiki/A%C3%A9rodrome_de_Lyon_-_Brindas,
28922,LFKM,small_airport,St Galmier Airfield,45.607201,4.30583,1266,EU,FR,FR-ARA,,no,,,LFKM,,,https://fr.wikipedia.org/wiki/A%C3%A9rodrome_de_Saint-Galmier,
4127,LFKO,small_airport,Propriano Airport,41.660599,8.88975,13,EU,FR,FR-COR,Propriano,no,LFKO,PRP,LFKO,,,https://fr.wikipedia.org/wiki/A%C3%A9rodrome_de_Propriano,
28923,LFKP,small_airport,La Tour-de-Pin Airfield,45.554924,5.385867,1050,EU,FR,FR-ARA,"Cessieu, Isère",no,,,LFKP,,,https://fr.wikipedia.org/wiki/A%C3%A9rodrome_de_La_Tour-du-Pin_-_Cessieu,
4128,LFKS,medium_airport,Solenzara (BA 126) Air Base,41.9244,9.406,28,EU,FR,FR-COR,Solenzara,no,LFKS,SOZ,LFKS,,,https://en.wikipedia.org/wiki/Solenzara_Air_Base,
4129,LFKT,small_airport,Aérodrome de Corte,42.2919,9.189,1132,EU,FR,FR-COR,Corte,no,,,LFKT,,,https://fr.wikipedia.org/wiki/A%C3%A9rodrome_de_Corte,
28924,LFKX,small_airport,Méribel Altiport,45.407505,6.577597,5636,EU,FR,FR-ARA,Les Allues,no,LFKX,MFX,LFKX,,,https://en.wikipedia.org/wiki/M%C3%A9ribel_Altiport,
28925,LFKY,small_airport,Belley-Peyrieu Airfield,45.694121,5.691533,739,EU,FR,FR-ARA,"Peyrieu, Ain",no,,,LFKY,,,https://fr.wikipedia.org/wiki/A%C3%A9rodrome_de_Belley_-_Peyrieu,"Aéroclub de Belley-Peyrieu, Aérodrome de Belley-Peyrieu"
4130,LFLA,medium_airport,Auxerre Branches airport,47.850201,3.49711,523,EU,FR,FR-BFC,Auxerre,no,LFLA,AUF,LFLA,,https://www.auxerre.aeroport.fr/,https://en.wikipedia.org/wiki/Auxerre_%E2%80%93_Branches_Aerodrome,
4131,LFLB,medium_airport,Chambéry Aix les Bains airport,45.6381,5.88023,779,EU,FR,FR-ARA,Chambéry,yes,LFLB,CMF,LFLB,,https://www.chambery-airport.com/en,https://en.wikipedia.org/wiki/Chamb%C3%A9ry_Airport,
4132,LFLC,large_airport,Clermont-Ferrand Auvergne airport,45.786701,3.16917,1090,EU,FR,FR-ARA,Clermont-Ferrand,yes,LFLC,CFE,LFLC,,https://www.clermont-aeroport.com/en,https://en.wikipedia.org/wiki/Clermont-Ferrand_Auvergne_Airport,
4133,LFLD,medium_airport,Bourges airport,47.060158,2.369633,529,EU,FR,FR-CVL,Bourges,no,LFLD,BOU,LFLD,,https://www.bourges.aeroport.fr/en,https://en.wikipedia.org/wiki/Bourges_Airport,
4134,LFLE,small_airport,Chambéry Challes-les-Eaux Airfield,45.5611,5.97576,973,EU,FR,FR-ARA,Barby,no,LFLE,,LFLE,,https://www.aeroclubdechalles.com/,https://en.wikipedia.org/wiki/Chamb%C3%A9ry_Aerodrome,Aérodrome de Chambéry Challes-les-Eaux
28927,LFLG,small_airport,Grenoble Le Versoud Airfield,45.218047,5.848317,722,EU,FR,FR-ARA,"Le Versoud, Isère",no,LFLG,,LFLG,,,https://en.wikipedia.org/wiki/Grenoble_%E2%80%93_Le_Versoud_Aerodrome,
4135,LFLH,small_airport,Chalon Champforgeuil Airfield,46.825813,4.817646,623,EU,FR,FR-BFC,Châlon sur Saône,no,LFLH,,LFLH,,,https://en.wikipedia.org/wiki/Chalon_-_Champforgeuil_Airfield,XCD
4136,LFLI,medium_airport,Annemasse Airfield,46.192001,6.26839,1620,EU,FR,FR-ARA,Annemasse,no,LFLI,,LFLI,,http://www.caa.asso.fr/,https://en.wikipedia.org/wiki/Annemasse_Aerodrome,QNJ
28488,LFLJ,small_airport,Courchevel Altiport,45.397531,6.63498,6583,EU,FR,FR-ARA,Saint-Bon,no,LFLJ,CVF,LFLJ,,,https://en.wikipedia.org/wiki/Courchevel_Altiport,
4137,LFLL,large_airport,Lyon Saint-Exupéry Airport,45.725996,5.090139,821,EU,FR,FR-ARA,"Colombier-Saugnieu, Rhône",yes,LFLL,LYS,LFLL,,https://www.lyonaeroports.com/,https://en.wikipedia.org/wiki/Lyon%E2%80%93Saint-Exup%C3%A9ry_Airport,"Lyon, Saint-Exupéry, Satolas"
4138,LFLM,medium_airport,Mâcon-Charnay Airfield,46.295131,4.795977,728,EU,FR,FR-BFC,"Charnay-lès-Mâcon, Saône-et-Loire",no,,,LFLM,,,https://fr.wikipedia.org/wiki/A%C3%A9rodrome_de_M%C3%A2con_-_Charnay,QNX
4139,LFLN,medium_airport,Saint-Yan Airport,46.414019,4.014177,796,EU,FR,FR-BFC,"L'Hôpital-le-Mercier, Saône-et-Loire",no,LFLN,SYT,LFLN,,http://www.aeroportsaintyan.fr/,https://en.wikipedia.org/wiki/Saint-Yan_Airport,
4140,LFLO,medium_airport,Roanne-Renaison Airport,46.053818,3.999023,1106,EU,FR,FR-ARA,Saint-Léger-sur-Roanne,no,LFLO,RNE,LFLO,,,https://fr.wikipedia.org/wiki/A%C3%A9roport_de_Roanne,
4141,LFLP,medium_airport,Annecy Meythet airport,45.928947,6.0987,1521,EU,FR,FR-ARA,Annecy,yes,LFLP,NCY,LFLP,,https://www.annecy-airport.com/en,https://en.wikipedia.org/wiki/Annecy_-_Haute-Savoie_-_Mont_Blanc_Airport,Annecy-Meythet
28929,LFLQ,small_airport,Montélimar-Ancône Airfield,44.579883,4.738789,240,EU,FR,FR-ARA,"Montélimar, Drôme",no,,,LFLQ,,,https://fr.wikipedia.org/wiki/A%C3%A9rodrome_de_Mont%C3%A9limar_-_Anc%C3%B4ne,
28930,LFLR,small_airport,Saint-Rambert-d'Albon Airfield,45.251531,4.826403,509,EU,FR,FR-ARA,"Albon, Drôme",no,,,LFLR,,,https://fr.wikipedia.org/wiki/A%C3%A9rodrome_de_Saint-Rambert-d'Albon,
4142,LFLS,medium_airport,Grenoble Alpes Isère Airport,45.3629,5.32937,1302,EU,FR,FR-ARA,Grenoble,yes,LFLS,GNB,LFLS,,https://www.grenoble-airport.com/en,https://en.wikipedia.org/wiki/Grenoble-Is%C3%A8re_Airport,
4143,LFLT,small_airport,Montluçon-Domérat Airfield,46.352767,2.570479,771,EU,FR,FR-ARA,"Domérat, Allier",no,,,LFLT,,,https://fr.wikipedia.org/wiki/A%C3%A9rodrome_de_Montlu%C3%A7on_-_Dom%C3%A9rat,
4144,LFLU,medium_airport,Valence-Chabeuil Airport,44.9216,4.9699,525,EU,FR,FR-ARA,"Chabeuil, Drôme",no,LFLU,VAF,LFLU,,http://www.valenceaeroport.fr,https://en.wikipedia.org/wiki/Valence-Chabeuil_Airport,
4145,LFLV,medium_airport,Vichy-Charmeil Airport,46.16969,3.403637,817,EU,FR,FR-ARA,"Charmeil, Allier",no,LFLV,VHY,LFLV,,,https://en.wikipedia.org/wiki/Vichy_%E2%80%94_Charmeil_Airport,
4146,LFLW,medium_airport,Aurillac airport,44.891399,2.42194,2096,EU,FR,FR-ARA,Aurillac,yes,LFLW,AUR,LFLW,,,https://en.wikipedia.org/wiki/Aurillac_Airport,
4147,LFLX,medium_airport,Châteauroux Déols airport,46.860221,1.728326,529,EU,FR,FR-CVL,Châteauroux,no,LFLX,CHR,LFLX,,https://chateauroux.aeroport.fr/#,https://en.wikipedia.org/wiki/Ch%C3%A2teauroux-D%C3%A9ols_%22Marcel_Dassault%22_Airport,
4148,LFLY,medium_airport,Lyon Bron Airport,45.727947,4.943991,659,EU,FR,FR-ARA,"Chassieu, Lyon",no,LFLY,LYN,LFLY,,https://www.lyonaeroports.com/en/lyon-bron,https://en.wikipedia.org/wiki/Lyon%E2%80%93Bron_Airport,
28931,LFLZ,small_airport,Aérodrome de Feurs - Chambéon,45.70622,4.19734,1096,EU,FR,FR-ARA,,no,,,LFLZ,,,https://fr.wikipedia.org/wiki/A%C3%A9rodrome_de_Feurs_-_Chamb%C3%A9on,
4149,LFMA,small_airport,Aix Les Milles airport,43.506294,5.366426,367,EU,FR,FR-PAC,Aix en Provence,no,LFMA,,LFMA,,,https://en.wikipedia.org/wiki/Aix-en-Provence_Aerodrome,Aérodrome d'Aix - Les Milles
4150,LFMC,medium_airport,Le Luc-Le Cannet Airfield,43.384701,6.38714,265,EU,FR,FR-PAC,"Le Cannet-des-Maures, Var",no,,,LFMC,,,https://en.wikipedia.org/wiki/Le_Luc_%E2%80%93_Le_Cannet_Airport,
4151,LFMD,medium_airport,Cannes Mandelieu Airport,43.547998,6.955176,13,EU,FR,FR-PAC,Cannes,no,LFMD,CEQ,LFMD,,https://www.cannes.aeroport.fr/,https://en.wikipedia.org/wiki/Cannes_%E2%80%93_Mandelieu_Airport,
28932,LFME,small_airport,Nîmes Courbessac Airfield,43.853901,4.41361,197,EU,FR,FR-OCC,Nîmes,no,,,LFME,,,https://fr.wikipedia.org/wiki/A%C3%A9rodrome_de_N%C3%AEmes-Courbessac,
28933,LFMF,small_airport,Fayence-Tourrettes Airfield,43.609576,6.697369,741,EU,FR,FR-PAC,"Fayence, Var",no,,,LFMF,,,https://en.wikipedia.org/wiki/Fayence-Tourrettes_Airfield,Tourrettes
28934,LFMG,small_airport,Aérodrome de la Montagne Noire,43.407501,1.99028,1470,EU,FR,FR-OCC,Revel,no,,,LFMG,,,https://fr.wikipedia.org/wiki/A%C3%A9rodrome_de_la_Montagne_Noire,
4152,LFMH,medium_airport,Saint-Étienne-Bouthéon Airport,45.5406,4.29639,1325,EU,FR,FR-ARA,"Andrézieux-Bouthéon, Loire",no,LFMH,EBU,LFMH,,https://saint-etienne.aeroport.fr/en/,https://en.wikipedia.org/wiki/Saint-%C3%89tienne_-_Bouth%C3%A9on_Airport,Saint-Étienne-Loire
4153,LFMI,medium_airport,Istres-Le Tubé Air Base,43.522701,4.92384,82,EU,FR,FR-PAC,"Istres, Bouches-du-Rhône",no,LFMI,,LFMI,,,https://en.wikipedia.org/wiki/Istres-Le_Tub%C3%A9_Air_Base,"QIE, Istres Air Base, BA125, Base aérienne 125 Istres, Pôle aéronautique Jean Sarrail"
4154,LFMK,medium_airport,Carcassonne Salvaza Airport,43.216,2.30632,433,EU,FR,FR-OCC,Carcassonne,yes,LFMK,CCF,LFMK,,https://www.aeroport-carcassonne.com/,https://en.wikipedia.org/wiki/Carcassonne_Salvaza_Airport,
4155,LFML,large_airport,Marseille Provence Airport,43.438088,5.2125,74,EU,FR,FR-PAC,"Marignane, Bouches-du-Rhône",yes,LFML,MRS,LFML,,https://www.marseille.aeroport.fr/,https://en.wikipedia.org/wiki/Marseille_Provence_Airport,
4156,LFMN,large_airport,Nice-Côte d'Azur Airport,43.658401,7.21587,12,EU,FR,FR-PAC,"Nice, Alpes-Maritimes",yes,LFMN,NCE,LFMN,,https://www.nice.aeroport.fr/en,https://en.wikipedia.org/wiki/C%C3%B4te_d'Azur_International_Airport,
4157,LFMO,medium_airport,Orange-Caritat (BA 115) Air Base,44.140499,4.86672,197,EU,FR,FR-PAC,"Orange, Vaucluse",no,LFMO,,LFMO,,,https://en.wikipedia.org/wiki/Orange-Caritat_Air_Base,XOG
4158,LFMP,medium_airport,Perpignan-Rivesaltes (Llabanère) Airport,42.740398,2.87067,144,EU,FR,FR-OCC,Perpignan/Rivesaltes,yes,LFMP,PGF,LFMP,,https://www.aeroport-perpignan.com/,https://en.wikipedia.org/wiki/Perpignan_-_Rivesaltes_Airport,
4159,LFMQ,medium_airport,Le Castellet Airport,43.252499,5.78519,1391,EU,FR,FR-PAC,"Le Castellet, Var",no,LFMQ,CTT,LFMQ,,https://www.aeroportducastellet.com/en/,https://fr.wikipedia.org/wiki/A%C3%A9roport_du_Castellet,
28935,LFMR,small_airport,Barcelonnette - Saint-Pons Airfield,44.387198,6.608831,3714,EU,FR,FR-PAC,"Saint-Pons, Alpes-de-Haute-Provence",no,LFMR,BAE,LFMR,,https://www.aerodromebarcelonnette.fr/,https://en.wikipedia.org/wiki/Barcelonnette_%E2%80%93_Saint-Pons_Airport,
4160,LFMS,medium_airport,Aérodrome d'Alès Cévennes,44.069698,4.14212,668,EU,FR,FR-OCC,Alès/Deaux,no,LFMS,,LFMS,,,https://fr.wikipedia.org/wiki/A%C3%A9rodrome_d%27Al%C3%A8s_C%C3%A9vennes,XAS
4161,LFMT,large_airport,Montpellier-Méditerranée Airport,43.576199,3.96301,17,EU,FR,FR-OCC,Montpellier/Méditerranée,yes,LFMT,MPL,LFMT,,https://www.montpellier.aeroport.fr/,https://en.wikipedia.org/wiki/Montpellier_-_M%C3%A9diterran%C3%A9e_Airport,
4162,LFMU,medium_airport,Béziers Vias airport,43.323502,3.3539,56,EU,FR,FR-OCC,Béziers,yes,LFMU,BZR,LFMU,,https://beziers.aeroport.fr/en/,https://en.wikipedia.org/wiki/B%C3%A9ziers-Agde-Vias_Airport,
4163,LFMV,medium_airport,Avignon Caumont airport,43.907299,4.90183,124,EU,FR,FR-PAC,Avignon,yes,LFMV,AVN,LFMV,,https://avignon.aero/,https://en.wikipedia.org/wiki/Avignon_-_Caumont_Airport,
28936,LFMW,small_airport,Aérodrome de Castelnaudary-Villeneuve,43.312199,1.92111,551,EU,FR,FR-OCC,Castelnaudary Villeneuve,no,,,LFMW,,,https://fr.wikipedia.org/wiki/A%C3%A9rodrome_de_Castelnaudary_-_Villeneuve,
28937,LFMX,small_airport,Château-Arnoux-Saint-Auban Airfield,44.060001,5.99139,1509,EU,FR,FR-PAC,"Château-Arnoux-Saint-Auban, Alpes-de-Haute-Provence",no,,,LFMX,,,https://en.wikipedia.org/wiki/Ch%C3%A2teau-Arnoux-Saint-Auban_Airport,
4164,LFMY,medium_airport,Salon-de-Provence (BA 701) Air Base,43.6064,5.10925,195,EU,FR,FR-PAC,Salon,no,,,LFMY,,,https://en.wikipedia.org/wiki/Salon-de-Provence_Air_Base,
4165,LFMZ,small_airport,Lézignan-Corbières Airfield,43.1758,2.73417,207,EU,FR,FR-OCC,Lézignan-Corbières,no,,,LFMZ,,,https://fr.wikipedia.org/wiki/A%C3%A9rodrome_de_L%C3%A9zignan-Corbi%C3%A8res,
28938,LFNA,small_airport,Gap-Tallard Airfield,44.455002,6.03778,1986,EU,FR,FR-PAC,"Tallard, Hautes-Alpes",no,LFNA,GAT,LFNA,,,https://en.wikipedia.org/wiki/Gap%E2%80%93Tallard_Airport,
4166,LFNB,medium_airport,Mende-Brenoux Airfield,44.502102,3.53282,3362,EU,FR,FR-OCC,Mende/Brénoux,no,LFNB,MEN,LFNB,,,https://fr.wikipedia.org/wiki/A%C3%A9rodrome_de_Mende_-_Brenoux,
28939,LFNC,small_airport,Mont-Dauphin Saint-Crépin Airfield,44.701698,6.60028,2963,EU,FR,FR-PAC,"Saint-Crépin, Hautes-Alpes",no,LFNC,SCP,LFNC,,http://www.stcrepin-aero.com/,https://fr.wikipedia.org/wiki/A%C3%A9rodrome_de_Mont-Dauphin_-_Saint-Cr%C3%A9pin,
28941,LFNE,small_airport,Aérodrome d'Eyguières,43.658298,5.01361,246,EU,FR,FR-PAC,,no,,,LFNE,,,https://fr.wikipedia.org/wiki/A%C3%A9rodrome_de_Salon_-_Eygui%C3%A8res,
28942,LFNF,small_airport,Vinon Airfield,43.737801,5.78417,902,EU,FR,FR-PAC,"Vinon-sur-Verdon, Var",no,,,LFNF,,,https://fr.wikipedia.org/wiki/Liste_des_a%C3%A9rodromes_en_France,
28943,LFNG,small_airport,Aérodrome de Montpellier - Candillargues,43.610298,4.07028,5,EU,FR,FR-OCC,,no,,,LFNG,,,https://fr.wikipedia.org/wiki/A%C3%A9rodrome_de_Montpellier_-_Candillargues,
4167,LFNH,small_airport,Edgar Soumille Airfield,44.027689,5.084255,394,EU,FR,FR-PAC,"Carpentras, Vaucluse",no,,,LFNH,,,https://fr.wikipedia.org/wiki/A%C3%A9rodrome_Edgar_Soumille,Pernes-les-Fontaines
28944,LFNJ,small_airport,Aspres-sur-Buëch Airfield,44.517458,5.735743,2726,EU,FR,FR-PAC,"Aspres-sur-Buëch, Hautes-Alpes",no,,,LFNJ,,,https://fr.wikipedia.org/wiki/A%C3%A9rodrome_d%27Aspres-sur-Bu%C3%ABch,
28945,LFNL,small_airport,Aérodrome de Saint-Martin-de-Londres,43.8008,3.7825,597,EU,FR,FR-OCC,,no,,,LFNL,,,,
28947,LFNO,small_airport,Florac Ste Enimie Airfield,44.2864,3.46667,3054,EU,FR,FR-OCC,,no,,,LFNO,,,,
28949,LFNQ,small_airport,Mont Louis La Quillane Airfield,42.543598,2.12,5610,EU,FR,FR-OCC,,no,,,LFNQ,,,https://fr.wikipedia.org/wiki/A%C3%A9rodrome_de_Mont-Louis_-_La_Quillane,
28950,LFNR,small_airport,Berre-la-Fare Airfield,43.536659,5.177444,108,EU,FR,FR-PAC,"Berre-l'Étang, Bouches-du-Rhône",no,,,LFNR,,,https://fr.wikipedia.org/wiki/A%C3%A9rodrome_de_Berre_-_La_Fare,
28951,LFNS,small_airport,Sistéron-Vaumeilh Airfield,44.286471,5.929086,1772,EU,FR,FR-PAC,"Vaumeilh, Alpes-de-Haute-Provence",no,,,LFNS,,http://www.aerodrome-sisteron.com,https://fr.wikipedia.org/wiki/A%C3%A9rodrome_de_Sisteron-Vaumeilh,Sistéron-Thèze
28952,LFNT,small_airport,Avignon-Pujaut Airfield,43.996899,4.75556,148,EU,FR,FR-OCC,"Pujaut, Gard",no,,,LFNT,,,https://fr.wikipedia.org/wiki/A%C3%A9rodrome_d%27Avignon_-_Pujaut,
28953,LFNU,small_airport,Uzès-Belvezet Airfield,44.082146,4.393926,886,EU,FR,FR-OCC,"Mont-Lozère-et-Goulet, Lozère",no,,,LFNU,,,https://fr.wikipedia.org/wiki/A%C3%A9rodrome_d%27Uz%C3%A8s,
28954,LFNV,small_airport,Valréas Visan Airfield,44.33574,4.906877,472,EU,FR,FR-PAC,Visan,no,,,LFNV,,,https://fr.wikipedia.org/wiki/A%C3%A9rodrome_de_Valr%C3%A9as_-_Visan,
28955,LFNW,small_airport,Puivert Airfield,42.9114,2.05611,1608,EU,FR,FR-OCC,,no,,,LFNW,,,https://fr.wikipedia.org/wiki/A%C3%A9rodrome_de_Puivert,
28956,LFNX,small_airport,Bédarieux La Tour Airfield,43.6408,3.14556,1237,EU,FR,FR-OCC,,no,,,LFNX,,,https://fr.wikipedia.org/wiki/A%C3%A9rodrome_de_B%C3%A9darieux_-_La_Tour-sur-Orb,
28958,LFNZ,small_airport,Le Mazet De Romanin Airfield,43.768902,4.89361,387,EU,FR,FR-PAC,,no,,,LFNZ,,,https://fr.wikipedia.org/wiki/A%C3%A9rodrome_du_Mazet_de_Romanin,
4168,LFOA,medium_airport,Avord (BA 702) Air Base,47.053299,2.6325,580,EU,FR,FR-CVL,Avord,no,,,LFOA,,,https://en.wikipedia.org/wiki/Avord_Air_Base,
4169,LFOB,large_airport,Beauvais-Tillé airport,49.454399,2.11278,359,EU,FR,FR-HDF,Beauvais,yes,LFOB,BVA,LFOB,,https://www.aeroportparisbeauvais.com/,https://en.wikipedia.org/wiki/Paris_Beauvais_Till%C3%A9_Airport,Beauvais-Tillé
4170,LFOC,medium_airport,Châteaudun Airfield,48.057907,1.379309,433,EU,FR,FR-CVL,"Châteaudun, Eure-et-Loir",no,,,LFOC,,https://airchateaudun.com/,https://en.wikipedia.org/wiki/Ch%C3%A2teaudun_Air_Base,
4171,LFOD,small_airport,Aérodrome de Saumur - Saint-Florent,47.256802,-0.115142,269,EU,FR,FR-PDL,Saumur/Saint-Florent,no,LFOD,,LFOD,,,https://fr.wikipedia.org/wiki/A%C3%A9rodrome_de_Saumur_-_Saint-Florent,XSU
4172,LFOE,medium_airport,Évreux-Fauville (BA 105) Air Base,49.028702,1.21986,464,EU,FR,FR-NOR,"Fauville, Eure",no,LFOE,EVX,LFOE,,,https://en.wikipedia.org/wiki/%C3%89vreux-Fauville_Air_Base,
28959,LFOF,small_airport,Alençon-Valframbert Airfield,48.446568,0.107996,479,EU,FR,FR-NOR,"Alençon, Orne",no,LFOF,,LFOF,,,https://fr.wikipedia.org/wiki/A%C3%A9rodrome_d%27Alen%C3%A7on_-_Valframbert,XAN
28960,LFOG,small_airport,Aérodrome de Flers Saint-Paul,48.749964,-0.593927,656,EU,FR,FR-NOR,Flers,no,,,LFOG,,,https://fr.wikipedia.org/wiki/A%C3%A9rodrome_de_Flers_-_Saint-Paul,
4173,LFOH,medium_airport,Le Havre-Octeville Airport,49.534038,0.088406,313,EU,FR,FR-NOR,Le Havre,no,LFOH,LEH,LFOH,,https://www.lehavre.aeroport.fr/,https://en.wikipedia.org/wiki/Le_Havre_Octeville_Airport,
4174,LFOI,medium_airport,Abbeville-Buigny Baie de Somme Airfield,50.143501,1.831891,220,EU,FR,FR-HDF,Buigny-Saint-Maclou,no,LFOI,,LFOI,,http://aeroclub-abbeville.fr/,https://fr.wikipedia.org/wiki/Aérodrome_d'Abbeville,"XAB, Aérodrome d'Abbeville"
4175,LFOJ,medium_airport,Orléans-Bricy (BA 123) Air Base,47.987801,1.76056,412,EU,FR,FR-CVL,"Boulay-les-Barres, Loiret",no,,,LFOJ,,,https://en.wikipedia.org/wiki/Orl%C3%A9ans_-_Bricy_Air_Base,
4176,LFOK,medium_airport,Chalons Vatry airport,48.77333,4.20611,587,EU,FR,FR-GES,Chalons en Champagne,yes,LFOK,XCR,LFOK,,https://www.parisvatry.com/,https://en.wikipedia.org/wiki/Ch%C3%A2lons_Vatry_Airport,"Paris-Châlons, Paris-Vatry, Paris-Vatry (Disney), Vatry Europort"
28961,LFOL,small_airport,L'Aigle-Saint-Michel Airfield,48.758502,0.656632,787,EU,FR,FR-NOR,"Saint-Sulpice-sur-Risle, Orne",no,,,LFOL,,,https://fr.wikipedia.org/wiki/A%C3%A9rodrome_de_L%27Aigle_-_Saint-Michel,Aérodrome de L'Aigle-Saint-Michel
28962,LFOM,small_airport,Lessay Airfield,49.202276,-1.507983,92,EU,FR,FR-NOR,"Lessay, Basse-Normandie",no,,,LFOM,,,https://en.wikipedia.org/wiki/Lessay_Airport,"Aérodrome Charles Lindbergh, Charles Lindbergh Airfield"
28963,LFON,small_airport,Dreux Vernouillet Airfield,48.70543,1.361155,443,EU,FR,FR-CVL,"Vernouillet, Yvelines",no,LFON,,LFON,,,https://fr.wikipedia.org/wiki/A%C3%A9rodrome_de_Dreux_-_Vernouillet,XDR
28964,LFOO,small_airport,Les Sables-d'Olonne Talmont Airport,46.476898,-1.72278,105,EU,FR,FR-PDL,Les Sables-d'Olonne,no,LFOO,LSO,LFOO,,,https://fr.wikipedia.org/wiki/A%C3%A9rodrome_des_Sables-d%27Olonne-Talmont,Talmon-Saint-Hilaire
4177,LFOP,medium_airport,Rouen Vallée de Seine Airport,49.384887,1.179142,512,EU,FR,FR-NOR,Boos,no,LFOP,URO,LFOP,,https://www.aeroport-rouen.fr/,https://en.wikipedia.org/wiki/Rouen_Airport,
4178,LFOQ,small_airport,Blois Le Breuil Airfield,47.678502,1.20884,398,EU,FR,FR-CVL,Blois,no,LFOQ,,LFOQ,,,https://fr.wikipedia.org/wiki/A%C3%A9rodrome_de_Blois_-_Le_Breuil,"XBQ, Aérodrome de Blois-Le Breuil"
28965,LFOR,small_airport,Chartres-Métropole Airfield,48.457502,1.519843,509,EU,FR,FR-CVL,"Chartres, Eure-et-Loir",no,LFOR,,LFOR,,,https://en.wikipedia.org/wiki/Chartres_%E2%80%93_Champhol_Aerodrome,"QTJ, Champhol, A-40"
28966,LFOS,small_airport,Saint-Valery-Vittefleur Airfield,49.83516,0.655281,272,EU,FR,FR-NOR,Saint-Sylvain,no,,,LFOS,,,https://fr.wikipedia.org/wiki/A%C3%A9rodrome_de_Saint-Valery_-_Vittefleur,Aérodrome de Saint-Valery-Vittefleur
4179,LFOT,medium_airport,Tours Val de Loire Airport,47.432201,0.727606,357,EU,FR,FR-CVL,"Tours, Indre-et-Loire",yes,LFOT,TUF,LFOT,,http://www.tours.aeroport.fr/index_en.php,https://en.wikipedia.org/wiki/Tours_Val_de_Loire_Airport,"Aéroport Tours-Val de Loire, Loire Valley"
4180,LFOU,small_airport,Cholet Le Pontreau airfield,47.0821,-0.877064,443,EU,FR,FR-PDL,Cholet,no,LFOU,CET,LFOU,,,https://en.wikipedia.org/wiki/Cholet_Le_Pontreau_Airport,
4181,LFOV,medium_airport,Laval-Entrammes Airport,48.032208,-0.743999,330,EU,FR,FR-PDL,"Laval, Mayenne",no,LFOV,LVA,LFOV,,https://www.aeroport-laval.com/en/home/,https://fr.wikipedia.org/wiki/A%C3%A9roport_de_Laval_-_La_Mayenne,
28967,LFOW,small_airport,Saint-Quentin-Roupy Airfield,49.816089,3.205734,325,EU,FR,FR-HDF,"Fontaine-lès-Clercs, Aisne",no,,,LFOW,,,https://fr.wikipedia.org/wiki/A%C3%A9rodrome_de_Saint-Quentin_-_Roupy,Aérodrome de Saint-Quentin - Roupy
28968,LFOX,small_airport,Étampes-Mondésir Airfield,48.381901,2.07528,494,EU,FR,FR-IDF,"Guillerval, Essonne",no,,,LFOX,,,https://fr.wikipedia.org/wiki/A%C3%A9rodrome_d%27%C3%89tampes_-_Mond%C3%A9sir,
28969,LFOY,small_airport,Havre-Saint-Romain-de-Colbosc Airfield,49.544676,0.360403,423,EU,FR,FR-NOR,Gommerville,no,,,LFOY,,,https://fr.wikipedia.org/wiki/A%C3%A9rodrome_du_Havre_-_Saint-Romain-de-Colbosc,Aérodrome du Havre-Saint-Romain
4182,LFOZ,small_airport,Orléans–Saint-Denis-de-l'Hôtel Airport,47.897758,2.164478,396,EU,FR,FR-CVL,"Saint-Denis-de-l'Hôtel, Loiret",no,LFOZ,ORE,LFOZ,,https://orleans.aeroport.fr/,https://en.wikipedia.org/wiki/Orl%C3%A9ans_%E2%80%93_Saint-Denis-de-l%27H%C3%B4tel_Airport,"Aéroport du Loiret, Loiret, Loire Valley, Loire-Vallée"
28970,LFPA,small_airport,Persan-Beaumont Airfield,49.165798,2.31306,148,EU,FR,FR-IDF,"Bernes-sur-Oise, Val-d'Oise",no,,,LFPA,,,https://en.wikipedia.org/wiki/Persan-Beaumont_Airport,Aérodrome de Persan-Beaumont
4183,LFPB,large_airport,Paris-Le Bourget International Airport,48.962276,2.436539,218,EU,FR,FR-IDF,Paris,no,LFPB,LBG,LFPB,,http://www.aeroportsdeparis.fr/,https://en.wikipedia.org/wiki/Le_Bourget_Airport,PAR
4184,LFPC,medium_airport,Creil Air Base,49.253502,2.51914,291,EU,FR,FR-HDF,Creil,no,LFPC,CSF,LFPC,,,https://fr.wikipedia.org/wiki/Base_a%C3%A9rienne_110_Creil,BA 110
28971,LFPD,small_airport,Bernay-Saint-Martin Airfield,49.102351,0.565882,554,EU,FR,FR-NOR,"Bernay, Eure",no,LFPD,,LFPD,,,https://fr.wikipedia.org/wiki/A%C3%A9rodrome_de_Bernay_-_Saint-Martin,XBX
28972,LFPE,small_airport,Meaux-Esbly Airfield,48.927462,2.833457,217,EU,FR,FR-IDF,"Isles-lès-Villenoy, Seine-et-Marne",no,,,LFPE,,,https://fr.wikipedia.org/wiki/A%C3%A9rodrome_de_Meaux_-_Esbly,Aérodrome de Meaux-Esbly
28973,LFPF,small_airport,Beynes Thiverval Airfield,48.843165,1.906279,371,EU,FR,FR-IDF,"Beynes, Yvelines",no,LFPF,,LFPF,,,https://fr.wikipedia.org/wiki/A%C3%A9rodrome_de_Beynes_-_Thiverval,Aérodrome de Beynes - Thiverval
4185,LFPG,large_airport,Charles de Gaulle International Airport,49.00896,2.554117,392,EU,FR,FR-IDF,"Paris (Roissy-en-France, Val-d'Oise)",yes,LFPG,CDG,LFPG,,http://www.aeroportsdeparis.fr/,https://en.wikipedia.org/wiki/Charles_de_Gaulle_Airport,"PAR, Aéroport Roissy-Charles de Gaulle, Roissy Airport"
28974,LFPH,small_airport,Chelles-le-Pin Airfield,48.896568,2.606206,207,EU,FR,FR-IDF,"Chelles, Seine-et-Marne",no,,,LFPH,,,https://fr.wikipedia.org/wiki/A%C3%A9rodrome_de_Chelles_-_Le_Pin,Aérodrome de Chelles-le-Pin
30241,LFPI,heliport,Paris Issy-les-Moulineaux Heliport,48.832987,2.273043,112,EU,FR,FR-IDF,"Issy-les-Moulineaux, Hauts-de-Seine",no,,,LFPI,,,https://fr.wikipedia.org/wiki/H%C3%A9liport_de_Paris_-_Issy-les-Moulineaux_-_Val%C3%A9rie-Andr%C3%A9,JDP
4186,LFPK,small_airport,Coulommiers-Voisins Aerodrome,48.839602,3.008653,470,EU,FR,FR-IDF,"Pommeuse, Seine-et-Marne",no,LFPK,,LFPK,,,https://en.wikipedia.org/wiki/Coulommiers_%E2%80%93_Voisins_Aerodrome,Aérodrome de Coulommiers - Voisins
28975,LFPL,small_airport,Lognes Emerainville Airfield,48.821028,2.625967,359,EU,FR,FR-IDF,"Lognes, Seine-et-Marne",no,LFPL,,LFPL,,,https://fr.wikipedia.org/wiki/A%C3%A9rodrome_de_Lognes-%C3%89merainville,"XLG, Aérodrome Lognes-Emerainville"
4187,LFPM,medium_airport,Melun-Villaroche Airfield,48.604698,2.67112,302,EU,FR,FR-IDF,"Moissy-Cramayel, Seine-et-Marne",no,,,LFPM,,,https://en.wikipedia.org/wiki/Melun_Villaroche_Aerodrome,
4188,LFPN,medium_airport,Toussus-le-Noble Airport,48.7519,2.10619,538,EU,FR,FR-IDF,"Toussus-le-Noble, Yvelines",no,LFPN,TNF,LFPN,,,https://en.wikipedia.org/wiki/Toussus-le-Noble_Airport,
4189,LFPO,large_airport,Paris-Orly Airport,48.729499,2.358963,291,EU,FR,FR-IDF,"Paris (Orly, Val-de-Marne)",yes,LFPO,ORY,LFPO,,https://www.parisaeroport.fr/orly,https://en.wikipedia.org/wiki/Orly_Airport,
28976,LFPP,small_airport,Le Plessis-Belleville Airfield,49.108837,2.736138,387,EU,FR,FR-HDF,Le Plessis-Belleville,no,,,LFPP,,,https://fr.wikipedia.org/wiki/A%C3%A9rodrome_du_Plessis-Belleville,
28977,LFPQ,small_airport,Fontenay-Trésigny Aerodrome,48.706276,2.902849,371,EU,FR,FR-IDF,Fontenay-Trésigny,no,,,LFPQ,,,https://fr.wikipedia.org/wiki/A%C3%A9rodrome_de_Fontenay-Tr%C3%A9signy,Aérodrome de Fontenay-Trésigny
4190,LFPT,medium_airport,Pontoise-Cormeilles Aerodrome,49.096064,2.035543,325,EU,FR,FR-IDF,"Cormeilles-en-Vexin, Val-d'Oise",no,LFPT,POX,LFPT,,,https://en.wikipedia.org/wiki/Pontoise_%E2%80%93_Cormeilles_Aerodrome,"Aérodrome de Pontoise-Cormeilles en Vexin, Cergy Pontoise"
28978,LFPU,small_airport,Moret-Episy Airfield,48.34119,2.798517,253,EU,FR,FR-IDF,"Moret-Loing-et-Orvanne, Seine-et-Marne",no,,,LFPU,,,https://fr.wikipedia.org/wiki/A%C3%A9rodrome_de_Moret_-_%C3%89pisy,Aéroclub de la Vallée du Loing
4191,LFPV,medium_airport,Vélizy-Villacoublay Air Base,48.774406,2.203102,584,EU,FR,FR-IDF,"Vélizy-Villacoublay, Yvelines",no,,VIY,LFPV,,,https://en.wikipedia.org/wiki/V%C3%A9lizy_%E2%80%93_Villacoublay_Air_Base,BA 107
28979,LFPX,small_airport,Chavenay-Villepreux Airfield,48.842323,1.9805,426,EU,FR,FR-IDF,"Chavenay, Yvelines",no,LFPX,,LFPX,,,https://fr.wikipedia.org/wiki/A%C3%A9rodrome_de_Chavenay_-_Villepreux,
28981,LFPZ,small_airport,Saint-Cyr-l'École Airport,48.812459,2.067533,373,EU,FR,FR-IDF,"Saint-Cyr-l'École, Yvelines",no,,,LFPZ,,,https://fr.wikipedia.org/wiki/A%C3%A9rodrome_de_Saint-Cyr-l%27%C3%89cole,
318175,LFQ,small_airport,Linfen Yaomiao Airport,36.041083,111.491683,,AS,CN,CN-14,Linfen (Yaodu),no,,,,,,,
4192,LFQA,small_airport,Reims-Prunay Airfield,49.208698,4.15658,313,EU,FR,FR-GES,"Prunay, Marne",no,,,LFQA,,,https://en.wikipedia.org/wiki/Reims_%E2%80%93_Prunay_Aerodrome,"Aérodrome de Reims Prunay, Reims-Champagne, Reims"
4193,LFQB,medium_airport,Troyes-Barberey Airport,48.322102,4.0167,388,EU,FR,FR-GES,"Barberey-Saint-Sulpice, Aube",no,,,LFQB,,http://www.troyes.aeroport.fr/,https://en.wikipedia.org/wiki/Troyes_%E2%80%93_Barberey_Airport,QYR
4194,LFQC,small_airport,Lunéville-Croismare Airfield,48.593262,6.545419,790,EU,FR,FR-GES,Chanteheux,no,,,LFQC,,,https://en.wikipedia.org/wiki/Lun%C3%A9ville-Croismare_Airport,
28982,LFQD,small_airport,Arras-Roclincourt Airfield,50.323898,2.80278,338,EU,FR,FR-HDF,Saint-Laurent-Blangy,no,,,LFQD,,,https://en.wikipedia.org/wiki/Arras_%E2%80%93_Roclincourt_Airfield,
4195,LFQE,medium_airport,Lieutenant Étienne Mantoux Air Base,49.226898,5.67222,770,EU,FR,FR-GES,Rouvres-en-Woëvre,no,,,LFQE,,,https://en.wikipedia.org/wiki/Base_Lieutenant_%C3%89tienne_Mantoux,Étain-Rouvres Air Base
4196,LFQF,small_airport,Autun-Bellevue Airfield,46.967277,4.260925,997,EU,FR,FR-BFC,"Autun, Saône-et-Loire",no,,,LFQF,,,https://fr.wikipedia.org/wiki/A%C3%A9rodrome_d%27Autun-Bellevue,
4197,LFQG,medium_airport,Nevers-Fourchambault Airport,47.002913,3.113114,602,EU,FR,FR-BFC,"Marzy, Nièvre",no,LFQG,NVS,LFQG,,,https://fr.wikipedia.org/wiki/A%C3%A9roport_de_Nevers-Fourchambault,
28983,LFQH,small_airport,Châtillon-sur-Seine Airfield,47.843924,4.580045,905,EU,FR,FR-BFC,Châtillon-sur-Seine,no,,,LFQH,,,https://fr.wikipedia.org/wiki/A%C3%A9rodrome_de_Ch%C3%A2tillon-sur-Seine,Aéro-Club du Chatillonnais
4199,LFQJ,small_airport,Maubeuge-Élesmes Airfield,50.310501,4.03312,452,EU,FR,FR-HDF,"Vieux-Reng, Nord",no,,,LFQJ,,,https://fr.wikipedia.org/wiki/A%C3%A9rodrome_de_Maubeuge_-_%C3%89lesmes,"Maubeuge-Vieux-Reng-Élesmes Airport,"
28984,LFQK,small_airport,Châlons - Écury-sur-Coole Airfield,48.905107,4.352703,319,EU,FR,FR-GES,Écury-sur-Coole,no,,,LFQK,,,https://fr.wikipedia.org/wiki/A%C3%A9rodrome_de_Ch%C3%A2lons_-_%C3%89cury-sur-Coole,Farman Clément Aeroclub
28985,LFQL,small_airport,Lens-Bénifontaine Airfield,50.4664,2.81972,167,EU,FR,FR-HDF,"Bénifontaine, Pas-de-Calais",no,,,LFQL,,https://aeroclub-vailler.fr/,https://fr.wikipedia.org/wiki/A%C3%A9rodrome_de_Lens_-_B%C3%A9nifontaine,
4200,LFQM,small_airport,Besançon La Vèze Airfield,47.206615,6.083168,1271,EU,FR,FR-BFC,Besançon,no,LFQM,,LFQM,,,https://en.wikipedia.org/wiki/Besan%C3%A7on_%E2%80%93_La_V%C3%A8ze_Aerodrome,QBQ
28986,LFQN,small_airport,Saint-Omer Wizernes Airfield,50.727456,2.232586,249,EU,FR,FR-HDF,"Longuenesse, Pas-de-Calais",no,,,LFQN,,https://www.aerodromes.fr/aeroport-de-saint-omer---wizernes-lfqn-a350.html,https://fr.wikipedia.org/wiki/A%C3%A9rodrome_de_Saint-Omer_-_Wizernes,
28987,LFQO,small_airport,Marcq-en-Baroeul Airfield,50.687199,3.07556,69,EU,FR,FR-HDF,Bondues,no,,,LFQO,,,https://en.wikipedia.org/wiki/Marcq-en-Baroeul_Airport,"Aérodrome de Lille/Marcq-en-Barœul, Aérodrome de Marcq-en-Barœul/Bondues, Advanced Landing Ground B-57 Lille/Wambrechie"
4201,LFQP,medium_airport,Phalsbourg-Bourscheid Air Base,48.766203,7.200551,1017,EU,FR,FR-GES,Bourscheid,no,,,LFQP,,,https://fr.wikipedia.org/wiki/Base_a%C3%A9rienne_de_Phalsbourg-Bourscheid,
4202,LFQQ,large_airport,Lille Airport,50.566564,3.102429,157,EU,FR,FR-HDF,Lesquin,yes,LFQQ,LIL,LFQQ,,https://www.lille.aeroport.fr/home/,https://en.wikipedia.org/wiki/Lille_Airport,Aéroport de Lille. Lille-Lesquin Airport
28989,LFQS,small_airport,Vitry-en-Artois Airfield,50.337883,2.990714,174,EU,FR,FR-HDF,"Vitry-en-Artois, Pas-de-Calais",no,,,LFQS,,,https://en.wikipedia.org/wiki/Vitry-en-Artois_Airfield,
4203,LFQT,medium_airport,Merville-Calonne Airport,50.618401,2.64224,61,EU,FR,FR-HDF,"Merville, Nord",no,LFQT,HZB,LFQT,,https://aeroport-mervillelestrem.fr/,https://en.wikipedia.org/wiki/Merville%E2%80%93Calonne_Airport,
28990,LFQU,small_airport,Sarre-Union Airfield,48.950944,7.078468,837,EU,FR,FR-GES,Sarre-Union,no,,,LFQU,,,https://fr.wikipedia.org/wiki/A%C3%A9rodrome_de_Sarre-Union,
4204,LFQV,medium_airport,Charleville-Mézières Ardennes-Etienne Riché Airfield,49.783901,4.64708,492,EU,FR,FR-GES,Charleville-Mézières,no,LFQV,,LFQV,,,https://fr.wikipedia.org/wiki/A%C3%A9rodrome_de_Charleville-M%C3%A9zi%C3%A8res,
4205,LFQW,medium_airport,Vesoul-Frotey Airfield,47.638588,6.204443,1249,EU,FR,FR-BFC,"Frotey-lès-Vesoul, Haute-Saône",no,,,LFQW,,,https://fr.wikipedia.org/wiki/A%C3%A9rodrome_de_Vesoul_-_Frotey,
28991,LFQX,small_airport,Juvancourt Aerodrome,48.113977,4.819424,1145,EU,FR,FR-GES,"Juvancourt, Aube",no,LFQX,,LFQX,,,https://fr.wikipedia.org/wiki/A%C3%A9rodrome_de_Juvancourt,Aérodrome de Juvancourt
28992,LFQY,small_airport,Saverne Steinbourg Airfield,48.753392,7.425402,630,EU,FR,FR-GES,Saverne,no,,,LFQY,,http://aeroclub.saverne.pagesperso-orange.fr/,https://fr.wikipedia.org/wiki/A%C3%A9rodrome_de_Saverne-Steinbourg,
28993,LFQZ,small_airport,Dieuze-Guéblange Airfield,48.774378,6.714106,722,EU,FR,FR-GES,Gelucourt,no,,,LFQZ,,,,
4206,LFRB,large_airport,Brest Bretagne airport,48.447899,-4.41854,325,EU,FR,FR-BRE,Brest,yes,LFRB,BES,LFRB,,https://www.brest.aeroport.bzh,https://en.wikipedia.org/wiki/Brest_Bretagne_Airport,
4207,LFRC,medium_airport,Cherbourg Manche airport,49.650101,-1.47028,459,EU,FR,FR-NOR,Cherbourg,no,LFRC,CER,LFRC,,https://www.cherbourg.aeroport.fr/,https://en.wikipedia.org/wiki/Cherbourg_-_Maupertus_Airport,"Aéroport de Cherbourg - Maupertus, Aéroport de Cherbourg - Manche, Cherbourg-Manche"
4208,LFRD,medium_airport,Dinard Pleurtuit Saint-Malo airport,48.5877,-2.07996,219,EU,FR,FR-BRE,Dinard,no,LFRD,DNR,LFRD,,https://www.dinard.aeroport.fr/en,https://en.wikipedia.org/wiki/Dinard_-_Pleurtuit_-_Saint-Malo_Airport,
4209,LFRE,medium_airport,La Baule-Escoublac Airport,47.289398,-2.34639,105,EU,FR,FR-PDL,La Baule-Escoublac,no,LFRE,LBY,LFRE,,,https://fr.wikipedia.org/wiki/A%C3%A9rodrome_de_La_Baule-Escoublac,
4210,LFRF,medium_airport,Granville Airport,48.883099,-1.56417,45,EU,FR,FR-NOR,"Bréville-sur-Mer, Manche",no,LFRF,GFR,LFRF,,,https://fr.wikipedia.org/wiki/A%C3%A9rodrome_de_Granville-Mont-Saint-Michel,Granville Mont-Saint-Michel
4211,LFRG,medium_airport,Deauville Normandie airport,49.365237,0.154481,479,EU,FR,FR-NOR,Deauville,yes,LFRG,DOL,LFRG,,https://www.deauville.aeroport.fr/,https://en.wikipedia.org/wiki/Deauville_%E2%80%93_Normandie_Airport,Deauville-Saint Gatien
4212,LFRH,medium_airport,Lorient South Brittany (Bretagne Sud) Airport,47.760601,-3.44,160,EU,FR,FR-BRE,Lorient/Lann/Bihoué,no,LFRH,LRT,LFRH,,https://www.lorient.aeroport.fr/en,https://en.wikipedia.org/wiki/Lorient_South_Brittany_Airport,
4213,LFRI,medium_airport,La Roche-sur-Yon Les Ajoncs Airport,46.7019,-1.37863,299,EU,FR,FR-PDL,La Roche-sur-Yon,no,LFRI,EDM,LFRI,,,https://fr.wikipedia.org/wiki/A%C3%A9rodrome_de_La_Roche-sur-Yon_-_Les_Ajoncs,
4214,LFRJ,medium_airport,Landivisiau Air Base,48.5303,-4.15164,348,EU,FR,FR-BRE,Landivisiau,no,LFRJ,LDV,LFRJ,,,https://fr.wikipedia.org/wiki/Base_d%27a%C3%A9ronautique_navale_de_Landivisiau,
4215,LFRK,medium_airport,Caen Carpiquet airport,49.17678,-0.454883,256,EU,FR,FR-NOR,Caen,yes,LFRK,CFR,LFRK,,https://www.caen.aeroport.fr/,https://en.wikipedia.org/wiki/Caen_-_Carpiquet_Airport,
4216,LFRL,medium_airport,Lanvéoc-Poulmic Air Base,48.2817,-4.44502,287,EU,FR,FR-BRE,Lanvéoc/Poulmic,no,,,LFRL,,,https://fr.wikipedia.org/wiki/Base_d%27a%C3%A9ronautique_navale_de_Lanv%C3%A9oc-Poulmic,
4217,LFRM,medium_airport,Le Mans-Arnage Airport,47.948604,0.201702,194,EU,FR,FR-PDL,"Le Mans, Sarthe",no,LFRM,LME,LFRM,,https://aeroport.lemans.sarthe.cci.fr/,https://fr.wikipedia.org/wiki/A%C3%A9roport_Le_Mans-Arnage,
4218,LFRN,medium_airport,Rennes-Saint-Jacques Airport,48.0695,-1.73479,124,EU,FR,FR-BRE,"Saint-Jacques-de-la-Lande, Ille-et-Vilaine",yes,LFRN,RNS,LFRN,,http://www.rennes.aeroport.fr/,https://en.wikipedia.org/wiki/Rennes_-_Saint-Jacques_Airport,Rennes Bretagne
4219,LFRO,medium_airport,Lannion Airport,48.754398,-3.47166,290,EU,FR,FR-BRE,Lannion,no,LFRO,LAI,LFRO,,http://www.lannion.aeroport.fr,https://en.wikipedia.org/wiki/Lannion_%E2%80%93_C%C3%B4te_de_Granit_Airport,Servel Airport
28995,LFRP,small_airport,Ploërmel Loyat Airfield,48.0028,-2.37722,236,EU,FR,FR-BRE,Rennes,no,,,LFRP,,,https://fr.wikipedia.org/wiki/A%C3%A9rodrome_de_Plo%C3%ABrmel_-_Loyat,
4220,LFRQ,medium_airport,Quimper-Cornouaille Airport,47.973031,-4.169655,297,EU,FR,FR-BRE,Quimper/Pluguffan,no,LFRQ,UIP,LFRQ,,https://www.quimper.aeroport.bzh/accueil,https://en.wikipedia.org/wiki/Quimper_-_Cornouaille_Airport,
4221,LFRS,large_airport,Nantes Atlantique Airport,47.153198,-1.61073,90,EU,FR,FR-PDL,Nantes,yes,LFRS,NTE,LFRS,,https://www.nantes.aeroport.fr/en,https://en.wikipedia.org/wiki/Nantes_Atlantique_Airport,
4222,LFRT,medium_airport,Saint-Brieuc-Armor Airport,48.538628,-2.853518,453,EU,FR,FR-BRE,"Trémuson, Côtes-d'Armor",no,LFRT,SBK,LFRT,,https://www.st-brieuc.aeroport.fr/en/,https://en.wikipedia.org/wiki/Saint-Brieuc_%E2%80%93_Armor_Airport,
4223,LFRU,medium_airport,Morlaix-Ploujean Airport,48.6031990051,-3.81577992439,272,EU,FR,FR-BRE,Morlaix/Ploujean,no,LFRU,MXN,LFRU,,,https://en.wikipedia.org/wiki/Morlaix_%E2%80%93_Ploujean_Airport,
4224,LFRV,medium_airport,Vannes-Meucon Airport,47.723301,-2.71856,446,EU,FR,FR-BRE,Vannes/Meucon,no,LFRV,VNE,LFRV,,http://www.vannes.aeroport.fr/,https://en.wikipedia.org/wiki/Meucon_Airport,
28996,LFRW,small_airport,Avranches Le Val-Saint-Père Airfield,48.662255,-1.403685,26,EU,FR,FR-NOR,"Le Val-Saint-Père, Manche",no,,,LFRW,,,https://fr.wikipedia.org/wiki/A%C3%A9rodrome_d%27Avranches_-_Le_Val-Saint-P%C3%A8re,
4225,LFRZ,medium_airport,Saint-Nazaire-Montoir Airport,47.31142,-2.152634,13,EU,FR,FR-PDL,Saint-Nazaire/Montoir,no,LFRZ,SNR,LFRZ,,,https://en.wikipedia.org/wiki/Saint-Nazaire_Montoir_Airport,
28997,LFSA,small_airport,Besançon-Thise Airfield,47.273144,6.082885,807,EU,FR,FR-BFC,Thise,no,,,LFSA,,,http://fr.wikipedia.org/wiki/A%C3%A9rodrome_de_Besan%C3%A7on_-_Thise,
4226,LFSB,large_airport,EuroAirport Basel–Mulhouse–Freiburg,47.60068,7.521117,885,EU,FR,FR-GES,Bâle / Mulhouse,yes,LFSB,BSL,LFSB,,http://www.euroairport.com/,https://en.wikipedia.org/wiki/EuroAirport_Basel-Mulhouse-Freiburg,"MLH, EAP, LSZM, Bâle, Basle"
4228,LFSD,medium_airport,Dijon Longvic airport,47.268902,5.09,726,EU,FR,FR-BFC,Dijon,no,LFSD,DIJ,LFSD,,http://www.aeroport.dijon.cci.fr/,https://fr.wikipedia.org/wiki/A%C3%A9roport_de_Dijon-Bourgogne,BA 102
28998,LFSE,small_airport,Épinal Dogneville Airfield,48.211899,6.44917,1040,EU,FR,FR-GES,Dogneville,no,,,LFSE,,,https://fr.wikipedia.org/wiki/A%C3%A9rodrome_d%27%C3%89pinal_-_Dogneville,
4230,LFSG,medium_airport,Épinal Mirecourt Airport,48.325001,6.06998,1084,EU,FR,FR-GES,Épinal,no,LFSG,EPL,LFSG,,http://www.epinal-mirecourt.aeroport.fr,https://en.wikipedia.org/wiki/%C3%89pinal_%E2%80%93_Mirecourt_Airport,
4231,LFSH,small_airport,Haguenau Airfield,48.794821,7.816129,491,EU,FR,FR-GES,Haguenau,no,,,LFSH,,,https://en.wikipedia.org/wiki/Haguenau_Airport,
4232,LFSI,medium_airport,Saint-Dizier – Robinson Air Base,48.636002,4.89942,458,EU,FR,FR-GES,Saint-Dizier,no,,,LFSI,,,https://en.wikipedia.org/wiki/Saint-Dizier_%E2%80%93_Robinson_Air_Base,BA 113
28999,LFSJ,small_airport,Sédan Douzy Airfield,49.659698,5.03778,512,EU,FR,FR-GES,Douzy,no,,,LFSJ,,,https://fr.wikipedia.org/wiki/A%C3%A9rodrome_de_Sedan_-_Douzy,
29000,LFSK,small_airport,Vitry-le-François Vauclerc Airfield,48.702367,4.683109,410,EU,FR,FR-GES,Vauclerc,no,,,LFSK,,,https://fr.wikipedia.org/wiki/A%C3%A9rodrome_de_Vitry-le-Fran%C3%A7ois_-_Vauclerc,
29001,LFSL,medium_airport,Brive Souillac airport,45.039722,1.485556,1016,EU,FR,FR-NAQ,Brive,yes,LFSL,BVE,LFSL,,http://www.aeroport-brive-vallee-dordogne.fr,https://fr.wikipedia.org/wiki/Aéroport_de_Brive-Souillac,"Vallee de la Dordogne, Brive-la-Gaillarde"
4233,LFSM,medium_airport,Montbéliard-Courcelles Airfield,47.487,6.79054,1041,EU,FR,FR-BFC,Courcelles-lès-Montbéliard,no,,,LFSM,,,https://en.wikipedia.org/wiki/Montb%C3%A9liard_%E2%80%93_Courcelles_Aerodrome,
4234,LFSN,medium_airport,Nancy-Essey Airport,48.692101,6.23046,751,EU,FR,FR-GES,"Tomblaine, Meurthe-et-Moselle",no,LFSN,ENC,LFSN,,https://www.nancy.aeroport.fr/,https://en.wikipedia.org/wiki/Nancy-Essey_Airport,
4235,LFSO,medium_airport,Nancy-Ochey (BA 133) Air Base,48.583099,5.955,1106,EU,FR,FR-GES,Thuilley-aux-Groseilles,no,,,LFSO,,,https://en.wikipedia.org/wiki/Nancy_%E2%80%93_Ochey_Air_Base,
4236,LFSP,small_airport,Pontarlier Airfield,46.904032,6.326826,2683,EU,FR,FR-BFC,"Pontarlier, Doubs",no,,,LFSP,,,https://en.wikipedia.org/wiki/Pontarlier_Airfield,
315432,LFSS,small_airport,Saint Sulpice des Landes,47.791667,-1.643611,312,EU,FR,FR-BRE,,no,,,LFSS,,,,
4238,LFST,large_airport,Strasbourg Airport,48.5383,7.62823,505,EU,FR,FR-GES,Strasbourg,yes,LFST,SXB,LFST,,http://www.strasbourg.aeroport.fr/E/index.php,https://en.wikipedia.org/wiki/Strasbourg_Airport,BA 124
29002,LFSU,small_airport,Langres-Rolampont Airfield,47.964804,5.293663,1378,EU,FR,FR-GES,"Rolampont, Haute-Marne",no,,,LFSU,,,https://fr.wikipedia.org/wiki/A%C3%A9rodrome_de_Langres_-_Rolampont,
29003,LFSV,small_airport,Pont-Saint-Vincent Airfield,48.600127,6.056514,1339,EU,FR,FR-GES,"Pont-Saint-Vincent, Meurthe-et-Moselle",no,,,LFSV,,http://acam54.fr/,,
29004,LFSW,small_airport,Épernay Plivot Airfield,49.004461,4.085342,289,EU,FR,FR-GES,"Plivot, Marne",no,,,LFSW,,http://www.aeroclub-epernay.com/,https://fr.wikipedia.org/wiki/A%C3%A9rodrome_d%27%C3%89pernay_-_Plivot,
4239,LFSX,medium_airport,Luxeuil-Saint-Sauveur (BA 116) Air Base,47.787747,6.353419,913,EU,FR,FR-BFC,Saint-Sauveur,no,,,LFSX,,,https://en.wikipedia.org/wiki/Luxeuil_-_Saint-Sauveur_Air_Base,
29777,LFSY,small_airport,Cessey-Baigneux-les-Juffs Airfield,47.609375,4.618199,1316,EU,FR,FR-BFC,"Baigneux-les-Juffs, Côte-d'Or",no,,,LFSY,,,https://fr.wikipedia.org/wiki/A%C3%A9rodrome_de_Cessey,
4240,LFTF,small_airport,Cuers-Pierrefeu Airfield,43.247615,6.126654,266,EU,FR,FR-PAC,"Pierrefeu-du-Var, Var",no,,,LFTF,,,https://fr.wikipedia.org/wiki/A%C3%A9rodrome_de_Cuers-Pierrefeu,
4241,LFTH,medium_airport,Toulon-Hyères Airport,43.097301,6.14603,7,EU,FR,FR-PAC,"Hyères, Var",yes,LFTH,TLN,LFTH,,http://toulon-hyeres.aeroport.fr/,https://en.wikipedia.org/wiki/Toulon-Hy%C3%A8res_Airport,"La Palyvestre, Toulon"
29006,LFTM,small_airport,Serres - La Bâtie-Montsaléon Airfield,44.458302,5.72833,2345,EU,FR,FR-PAC,,no,,,LFTM,,,https://fr.wikipedia.org/wiki/A%C3%A9rodrome_de_Serres_-_La_B%C3%A2tie-Montsal%C3%A9on,
29007,LFTN,small_airport,La Grand'combe Airfield,44.2444,4.01222,1647,EU,FR,FR-OCC,,no,,,LFTN,,,https://fr.wikipedia.org/wiki/A%C3%A9rodrome_de_La_Grand%27Combe,
29008,LFTP,small_airport,Puimoisson Airfield,43.86889,6.16278,2523,EU,FR,FR-PAC,"Puimoisson, Alpes de Haute-Provence",no,,,LFTP,,http://www.puivolavoile.com/?lang=en,https://fr.wikipedia.org/wiki/A%C3%A9rodrome_de_Puimoisson,
29009,LFTQ,small_airport,Châteaubriant Pouancé Airfield,47.739562,-1.189519,322,EU,FR,FR-PDL,,no,,,LFTQ,,,https://fr.wikipedia.org/wiki/A%C3%A9rodrome_de_Ch%C3%A2teaubriant_-_Pouanc%C3%A9,
29010,LFTR,heliport,Toulon Navy Air Base,43.082699,5.93382,,EU,FR,FR-PAC,"Saint-Mandrier-sur-Mer, Var",no,,,LFTR,,,,"CCMAR, CCMAR Mediterranee"
4242,LFTW,medium_airport,Nîmes-Arles-Camargue Airport,43.757401,4.41635,309,EU,FR,FR-OCC,Nîmes/Garons,yes,LFTW,FNI,LFTW,,https://www.nimes.aeroport.fr/en,https://en.wikipedia.org/wiki/N%C3%AEmes-Arles-Camargue_Airport,
4243,LFTZ,small_airport,La Môle Airport,43.205399,6.482,59,EU,FR,FR-PAC,Saint-Tropez,yes,LFTZ,LTT,LFTZ,,https://www.sainttropez.aeroport.fr/en,https://en.wikipedia.org/wiki/La_M%C3%B4le_%E2%80%93_Saint-Tropez_Airport,"Golfe du Saint-Tropez, Saint-Tropez"
4246,LFXA,medium_airport,Ambérieu Air Base (BA 278),45.987301,5.32844,823,EU,FR,FR-ARA,Ambérieu,no,,,LFXA,,,https://en.wikipedia.org/wiki/Amb%C3%A9rieu-en-Bugey_Air_Base,
29012,LFXB,small_airport,Saintes Thénac Airfield,45.7019,-0.636111,118,EU,FR,FR-NAQ,,no,,,LFXB,,,,
29018,LFXQ,small_airport,Coëtquidan Air Base,47.943056,-2.185872,499,EU,FR,FR-BRE,Guer,no,,,LFXQ,,,,
29020,LFXU,small_airport,Les Mureaux Airfield,48.998299,1.94278,89,EU,FR,FR-IDF,"Les Mureaux, Yvelines",no,,,LFXU,,,https://fr.wikipedia.org/wiki/A%C3%A9rodrome_des_Mureaux,
29021,LFYG,small_airport,Cambrai Niergnies Airfield,50.140533,3.263226,312,EU,FR,FR-HDF,"Niergnies, Nord",no,,,LFYG,,https://www.aeroclubcambrai.com/,https://en.wikipedia.org/wiki/Cambrai-Niergnies_Airport,
29026,LFYR,small_airport,Romorantin Pruniers Airbase,47.317543,1.691036,289,EU,FR,FR-CVL,"Gièvres, Loir-et-Cher",no,,,LFYR,,,https://fr.wikipedia.org/wiki/Base_a%C3%A9rienne_273_Romorantin-Pruniers,
29027,LFYS,small_airport,Ste Léocadie Airfield,42.447201,2.01083,4331,EU,FR,FR-OCC,,no,,,LFYS,,,https://fr.wikipedia.org/wiki/A%C3%A9rodrome_de_Sainte-L%C3%A9ocadie,
328712,LFYV,small_airport,Yvetot Lucien Camu Airfield,49.638316,0.728467,463,EU,FR,FR-NOR,Baons-le-Comte,no,,,LFYV,,http://www.aeroclub-yvetot.fr/,,
354840,LZG,medium_airport,Langzhong Gucheng Airport,31.50191,106.034417,1444,AS,CN,CN-51,Nanchong (Langzhong),yes,ZULA,LZG,ZULA,,,https://en.wikipedia.org/wiki/Langzhong_Gucheng_Airport,
344104,NJJ,small_airport,Nenjiang Melgen Airport,49.236372,125.337052,800,AS,CN,CN-23,Heihe,no,,NJJ,ZYNJ,,,,
316547,NLH,medium_airport,Ninglang Luguhu Airport,27.5403,100.7593,10804,AS,CN,CN-53,Ninglang,yes,ZPNL,NLH,ZPNL,,,https://en.wikipedia.org/wiki/Ninglang_Luguhu_Airport,
314557,RHT,small_airport,Alxa Right Banner Badanjilin Airport,39.225,101.546,4659,AS,CN,CN-15,Badanjilin,yes,ZBAR,RHT,ZBAR,,,https://en.wikipedia.org/wiki/Alxa_Right_Banner_Badanjilin_Airport,
336113,TWC,small_airport,Tumxuk Tangwangcheng Airport,39.886663,79.233408,3566,AS,CN,CN-65,Tumxuk,yes,ZWTS,TWC,ZWTS,TWC,,https://en.wikipedia.org/wiki/Tumxuk_Tangwangcheng_Airport,
328940,WZQ,small_airport,Urad Middle Banner Airport,41.460289,108.539085,3996,AS,CN,CN-15,Urad Middle Banner,no,,WZQ,,,,https://ceb.wikipedia.org/wiki/Urad_Middle_Banner_Airport,
332207,XRQ,small_airport,New Barag Right Banner Baogede Airport,48.575585,116.939382,1798,AS,CN,CN-15,New Barag Right Banner,no,,XRQ,,,,https://en.wikipedia.org/wiki/Xinbarag_Youqi_Baogede_Airport,
31677,YEH,small_airport,Yinchuan Helanshan Air Base,38.481899,106.009003,3770,AS,CN,CN-64,Yinchuan,no,,,,YEH,,,Xincheng
347519,YGA,small_airport,Yongchuan Da'an General Airport,29.356667,106.010441,1131,AS,CN,CN-50,Chongqing,no,,YGA,,,,,
27188,ZBAA,large_airport,Beijing Capital International Airport,40.077349,116.596702,116,AS,CN,CN-11,Beijing,yes,ZBAA,PEK,ZBAA,,https://en.bcia.com.cn/,https://en.wikipedia.org/wiki/Beijing_Capital_International_Airport,"BJS, Beijing, Peking, 北京, 北京首都国际机场, 北京首都机场, 北京机场"
330820,ZBAD,large_airport,Beijing Daxing International Airport,39.501289,116.413967,98,AS,CN,CN-11,Beijing,yes,ZBAD,PKX,ZBAD,,,https://en.wikipedia.org/wiki/Beijing_Daxing_International_Airport,
32006,ZBBB,medium_airport,Beijing Xijiao Airport,39.958592,116.256765,164,AS,CN,CN-11,Beijing,no,ZBBB,,ZBBB,,,https://en.wikipedia.org/w/index.php?title=Beijing_Xijiao_Airport&oldid=1173024518,"BJS, Beijing City Airport"
327347,ZBCD,medium_airport,Chengde Puning Airport,41.1225,118.073889,,AS,CN,CN-13,Chengde,yes,ZBCD,CDE,ZBCD,,,https://en.wikipedia.org/wiki/Chengde_Puning_Airport,
30829,ZBCF,medium_airport,Chifeng Yulong Airport,42.159723,118.840971,2018,AS,CN,CN-15,Chifeng,yes,ZBCF,CIF,ZBCF,,,https://en.wikipedia.org/wiki/Chifeng_Yulong_Airport,
30830,ZBCZ,small_airport,Changzhi Wangcun Airport,36.247501,113.125999,,AS,CN,CN-14,Changzhi,yes,ZBCZ,CIH,ZBCZ,,,https://en.wikipedia.org/wiki/Changzhi_Wangcun_Airport,
318174,ZBDH,medium_airport,Qinhuangdao Beidaihe Airport,39.666384,119.061384,46,AS,CN,CN-13,Qinhuangdao (Changli),yes,ZBDH,BPE,ZBDH,,,https://en.wikipedia.org/wiki/Qinhuangdao_Beidaihe_Airport,
300513,ZBDS,large_airport,Ordos Ejin Horo International Airport,39.493514,109.8599,4557,AS,CN,CN-15,Ordos,yes,ZBDS,DSN,ZBDS,,,https://en.wikipedia.org/wiki/Ordos_Ejin_Horo_Airport,"Dongsheng, 鄂尔多斯"
30876,ZBDT,large_airport,Datong Yungang International Airport,40.06139,113.480509,3442,AS,CN,CN-14,Datong,yes,ZBDT,DAT,ZBDT,,,https://en.wikipedia.org/wiki/Datong_Yungang_Airport,
300671,ZBER,medium_airport,Erenhot Saiwusu International Airport,43.424079,112.091081,3301,AS,CN,CN-15,Erenhot,yes,ZBER,ERL,ZBER,,,https://en.wikipedia.org/wiki/Erenhot_Saiwusu_International_Airport,Saiwusu Airport
315854,ZBES,medium_airport,Arxan Yi'ershi Airport,47.3106,119.9117,2925,AS,CN,CN-15,Arxan,yes,ZBES,YIE,ZBES,,,https://en.wikipedia.org/wiki/Arxan_Yi%27ershi_Airport,
300860,ZBHD,medium_airport,Handan Airport,36.524824,114.424126,229,AS,CN,CN-13,Handan,yes,ZBHD,HDG,ZBHD,,https://hdairport.net,https://en.wikipedia.org/wiki/Handan_Airport,Handan Matou Airport
27189,ZBHH,large_airport,Hohhot Baita International Airport,40.849658,111.824598,3556,AS,CN,CN-15,Hohhot,yes,ZBHH,HET,ZBHH,,http://www.hhhtbtjc.com/,https://en.wikipedia.org/wiki/Hohhot_Baita_International_Airport,
327443,ZBHZ,medium_airport,Holingol Huolinhe Airport,45.487222,119.407222,,AS,CN,CN-15,Holingol,yes,ZBHZ,HUO,ZBHZ,,,https://en.wikipedia.org/wiki/Holingol_Huolinhe_Airport,
27190,ZBLA,large_airport,Hulunbuir Hailar Airport,49.208616,119.822301,2169,AS,CN,CN-15,Hailar,yes,ZBLA,HLD,ZBLA,,,https://en.wikipedia.org/wiki/Hulunbuir_Hailar_Airport,Hailar Dongshan
323216,ZBLF,medium_airport,Linfen Yaodu Airport,36.132629,111.641236,1483,AS,CN,CN-14,Linfen (Yaodu),yes,ZBLF,LFQ,ZBLF,,,https://en.wikipedia.org/wiki/Linfen_Qiaoli_Airport,Qiaoli
327444,ZBLL,medium_airport,Lüliang Dawu Airport,37.683333,111.142778,,AS,CN,CN-61,Lüliang,yes,ZBLL,LLV,ZBLL,,,https://en.wikipedia.org/wiki/L%C3%BCliang_Airport,
322165,ZBMZ,medium_airport,Manzhouli Xijiao Airport,49.566667,117.33,2231,AS,CN,CN-15,Manzhouli,yes,ZBMZ,NZH,ZBMZ,,,https://en.wikipedia.org/wiki/Manzhouli_Xijiao_Airport,
30679,ZBOW,large_airport,Baotou Donghe International Airport,40.560001,109.997002,3321,AS,CN,CN-15,Baotou,yes,ZBOW,BAV,ZBOW,,,https://en.wikipedia.org/wiki/Baotou_Airport,"Erliban, 包头东河"
526860,ZBSG,medium_airport,Shuozhou Zirun Airport,39.273241,112.691552,,AS,CN,CN-14,Shuozhou,yes,ZBSG,SZH,ZBSG,,,https://en.wikipedia.org/wiki/Shuozhou_Zirun_Airport,朔州滋润机场
32295,ZBSH,small_airport,Qinhuangdao Shanhaiguan Airport,39.968679,119.730635,30,AS,CN,CN-13,Qinhuangdao (Shanhaiguan),no,,,ZBSH,,,https://en.wikipedia.org/wiki/Qinhuangdao_Shanhaiguan_Airport,SHP
27191,ZBSJ,large_airport,Shijiazhuang Zhengding International Airport,38.280701,114.696999,233,AS,CN,CN-13,Shijiazhuang,yes,ZBSJ,SJW,ZBSJ,,,https://en.wikipedia.org/wiki/Shijiazhuang_Zhengding_International_Airport,Daguocun
43975,ZBSN,small_airport,Tangshan Sannühe Airport,39.7178,118.002625,50,AS,CN,CN-13,Tangshan (Fengrun),yes,ZBSN,TVS,ZBSN,,,https://en.wikipedia.org/wiki/Tangshan_Sann%C3%BChe_Airport,"Tangshan Air Base, 唐山三女河机场"
354335,ZBTG,small_airport,Tianjin Tanggu Airport,38.898114,117.657244,,AS,CN,CN-12,Tanggu,no,,,ZBTG,,,,
27192,ZBTJ,large_airport,Tianjin Binhai International Airport,39.124401092499994,117.346000671,10,AS,CN,CN-12,Tianjin,yes,ZBTJ,TSN,ZBTJ,,,https://en.wikipedia.org/wiki/Tianjin_Binhai_International_Airport,
32440,ZBTL,medium_airport,Tongliao Airport,43.556702,122.199997,2395,AS,CN,CN-15,Tongliao,yes,ZBTL,TGO,ZBTL,,,https://en.wikipedia.org/wiki/Tongliao_Airport,
327445,ZBUC,medium_airport,Ulanqab Jining Airport,41.130266,113.107274,,AS,CN,CN-15,Ulanqab,yes,ZBUC,UCB,ZBUC,,,https://en.wikipedia.org/wiki/Ulanqab_Jining_Airport,
308728,ZBUH,medium_airport,Wuhai Airport,39.7934,106.7993,3650,AS,CN,CN-15,Wuhai,yes,ZBUH,WUA,ZBUH,,,https://en.wikipedia.org/wiki/Wuhai_Airport,乌海机场
35315,ZBUL,small_airport,Ulanhot Yilelite Airport,46.195333,122.008333,,AS,CN,CN-15,Ulanhot,yes,ZBUL,HLH,ZBUL,,,https://en.wikipedia.org/wiki/Ulanhot_Yilelite_Airport,
523113,ZBUT,small_airport,Ruad Zhongqi Hailiutu Airport,41.694354,108.378439,4675,AS,CN,CN-15,Ruad Zhongqi (Urad Middle Banner),yes,ZBUT,,ZBUT,,https://www.cah.com.cn/content/2023/03-09/7039424673599197184.html,,乌拉特中旗机场
32700,ZBXH,medium_airport,Xilinhot Airport,43.91559982299805,115.96399688720703,,AS,CN,CN-15,Xilinhot,yes,ZBXH,XIL,ZBXH,,,https://en.wikipedia.org/wiki/Xilinhot_Airport,
308722,ZBXT,small_airport,Xingtai Dalian Airport,36.8831,114.4293,280,AS,CN,CN-13,Xingtai,no,ZBXT,XNT,ZBXT,,,https://en.wikipedia.org/wiki/Xingtai_Dalian_Airport,邢台褡裢机场
323217,ZBXZ,small_airport,Xinzhou Wutaishan Airport,38.597456,112.969173,2527,AS,CN,CN-14,Xinzhou,yes,ZBXZ,WUT,ZBXZ,,,https://en.wikipedia.org/wiki/Xinzhou_Wutaishan_Airport,
300455,ZBYC,large_airport,Yuncheng Yanhu International Airport,35.117823,111.034023,1242,AS,CN,CN-61,Yuncheng (Yanhu),yes,ZBYC,YCU,ZBYC,,,https://en.wikipedia.org/wiki/Yuncheng_Zhangxiao_Airport,Yuncheng Guangong Airport
27193,ZBYN,large_airport,Taiyuan Wusu International Airport,37.746899,112.627998,2575,AS,CN,CN-14,Taiyuan,yes,ZBYN,TYN,ZBYN,,,https://en.wikipedia.org/wiki/Taiyuan_Wusu_International_Airport,
314499,ZBYZ,medium_airport,Bayannur Tianjitai Airport,40.926358,107.74093,3400,AS,CN,CN-15,Bayannur,yes,ZBYZ,RLK,ZBYZ,,,https://en.wikipedia.org/wiki/Bayannur_Tianjitai_Airport,
44100,ZBZJ,medium_airport,Zhangjiakou Ningyuan Airport,40.738664,114.933395,2347,AS,CN,CN-13,Zhangjiakou,yes,ZBZJ,ZQZ,ZBZJ,,,https://en.wikipedia.org/wiki/Zhangjiakou_Ningyuan_Airport,"Zhangjiakou Air Base, 张家口宁远机场, ZZHA, 张家口"
323666,ZBZL,medium_airport,Zhalantun Genghis Khan Airport,47.865942,122.768662,928,AS,CN,CN-15,Zhalantun,yes,ZBZL,NZL,ZBZL,,,https://en.wikipedia.org/wiki/Zhalantun_Chengjisihan_Airport,Chengjisihan
30708,ZGBH,medium_airport,Beihai Fucheng Airport,21.538659,109.293683,75,AS,CN,CN-45,Beihai,yes,ZGBH,BHY,ZGBH,,,https://en.wikipedia.org/wiki/Beihai_Fucheng_Airport,北海，北海福成机场
44160,ZGBS,medium_airport,Baise (Bose) Bama Airport,23.7206,106.959999,490,AS,CN,CN-45,Baise (Tianyang),yes,ZGBS,AEB,ZGBS,,,https://en.wikipedia.org/wiki/Baise_Youjiang_Airport,"Tian Yang Air Base, Bose airport, 百色右江机场"
30825,ZGCD,medium_airport,Changde Taohuayuan Airport,28.9189,111.639999,128,AS,CN,CN-43,Changde (Dingcheng),yes,ZGCD,CGD,ZGCD,,,https://en.wikipedia.org/wiki/Changde_Taohuayuan_Airport,
300890,ZGCJ,medium_airport,Huaihua Zhijiang Airport,27.443087,109.704666,882,AS,CN,CN-43,Huaihua,yes,ZGCJ,HJJ,ZGCJ,,,https://en.wikipedia.org/wiki/Zhijiang_Airport,Chihkiang Airfield
352634,ZGCZ,medium_airport,Chenzhou Beihu Airport,25.753419,112.845404,1071,AS,CN,CN-43,Chenzhou,yes,ZGCZ,HCZ,ZGCZ,,,https://en.wikipedia.org/wiki/Chenzhou_Beihu_Airport,
30958,ZGDY,large_airport,Zhangjiajie Hehua International Airport,29.104749,110.442786,8530,AS,CN,CN-43,Zhangjiajie (Yongding),yes,ZGDY,DYG,ZGDY,,,https://en.wikipedia.org/wiki/Zhangjiajie_Hehua_Airport,"Dayong Airport, 张家界, 张家界荷花国际机场，荷花"
44139,ZGFS,medium_airport,Foshan Shadi Airport,23.0825,113.070833,6,AS,CN,CN-44,Foshan (Nanhai),yes,ZGFS,FUO,ZGFS,,,https://en.wikipedia.org/wiki/Foshan_Shadi_Airport,Guangzhou Shadi Air Base
27194,ZGGG,large_airport,Guangzhou Baiyun International Airport,23.392401,113.299004,50,AS,CN,CN-44,Guangzhou (Huadu),yes,ZGGG,CAN,ZGGG,,http://www.baiyunairport.com/english/index.jsp,https://en.wikipedia.org/wiki/Guangzhou_Baiyun_International_Airport,
27195,ZGHA,large_airport,Changsha Huanghua International Airport,28.189199,113.220001,217,AS,CN,CN-43,Changsha (Changsha),yes,ZGHA,CSX,ZGHA,,,https://en.wikipedia.org/wiki/Changsha_Huanghua_International_Airport,长沙黄花国际机场
318152,ZGHC,medium_airport,Hechi Jinchengjiang Airport,24.804344,107.710819,2221,AS,CN,CN-45,Hechi (Jinchengjiang),yes,ZGHC,HCJ,ZGHC,,,https://en.wikipedia.org/wiki/Hechi_Jinchengjiang_Airport,
31610,ZGHY,small_airport,Hengyang Nanyue Airport,26.72208,112.617958,,AS,CN,CN-43,Hengyang,yes,ZGHY,HNY,ZGHY,,,https://en.wikipedia.org/wiki/Hengyang_Nanyue_Airport,
44146,ZGHZ,medium_airport,Huizhou Pingtan Airport,23.049999,114.599998,50,AS,CN,CN-44,Huizhou (Pingtan),yes,ZGHZ,HUZ,ZGHZ,,,https://en.wikipedia.org/wiki/Huizhou_Airport,"Huiyang Air Base, Pingtan Airport"
27196,ZGKL,large_airport,Guilin Liangjiang International Airport,25.219828,110.039553,570,AS,CN,CN-45,Guilin (Lingui),yes,ZGKL,KWL,ZGKL,,,https://en.wikipedia.org/wiki/Guilin_Liangjiang_International_Airport,
308237,ZGLD,small_airport,Luoding Sulong Airport,22.711169,111.60134,190,AS,CN,CN-44,Yunfu (Luoding),no,,,ZGLD,,,http://www.wiki86.com/view/4147987.htm,
308238,ZGLG,medium_airport,Yongzhou Lingling Airport,26.338661,111.610043,340,AS,CN,CN-43,Yongzhou,yes,ZGLG,LLF,ZGLG,,,https://en.wikipedia.org/wiki/Yongzhou_Lingling_Airport,
35314,ZGMX,small_airport,Meizhou Meixian Changgangji International Airport,24.263425,116.097857,312,AS,CN,CN-44,Meizhou (Meixian),yes,ZGMX,MXZ,ZGMX,,,https://en.wikipedia.org/wiki/Meixian_Airport,
27197,ZGNN,large_airport,Nanning Wuxu International Airport,22.598071,108.181922,421,AS,CN,CN-45,Nanning (Jiangnan),yes,ZGNN,NNG,ZGNN,,http://www.nnairport.com/,https://en.wikipedia.org/wiki/Nanning_Wuxu_International_Airport,"南宁吴圩机场, Nanning Wuxu Air Base"
339169,ZGNT,heliport,Shenzhen Nantou Heliport,22.558993,113.924824,82,AS,CN,CN-44,Shenzhen (Nanshan),no,,,ZGNT,,,,
32400,ZGOW,large_airport,Jieyang Chaoshan International Airport,23.552,116.5033,,AS,CN,CN-44,Jieyang (Rongcheng),yes,ZGOW,SWA,ZGOW,,,https://en.wikipedia.org/wiki/Jieyang_Chaoshan_International_Airport,
30593,ZGSD,large_airport,Zhuhai Jinwan Airport,22.006399,113.375999,23,AS,CN,CN-44,Zhuhai (Jinwan),yes,ZGSD,ZUH,ZGSD,,,https://en.wikipedia.org/wiki/Zhuhai_Jinwan_Airport,"珠海, 珠海金湾机场, 珠海三灶机场, Sanzao Airport"
327446,ZGSY,medium_airport,Shaoyang Wugang Airport,26.806123,110.641042,1444,AS,CN,CN-43,Shaoyang (Wugang),yes,ZGSY,WGN,ZGSY,,,https://en.wikipedia.org/wiki/Shaoyang_Wugang_Airport,
27198,ZGSZ,large_airport,Shenzhen Bao'an International Airport,22.639474,113.803262,13,AS,CN,CN-44,Shenzhen,yes,ZGSZ,SZX,ZGSZ,,https://www.szairport.com/szairporten/index.shtml,https://en.wikipedia.org/wiki/Shenzhen_Bao'an_International_Airport,"Baoan, Huangtian Airport, 深圳, 深圳宝安国际机场"
336110,ZGWZ,medium_airport,Wuzhou Xijiang Airport,23.40316,111.09331,357,AS,CN,CN-45,Tangbu,yes,ZGWZ,WUZ,ZGWZ,WUZ,,https://en.wikipedia.org/wiki/Wuzhou_Xijiang_Airport,
32701,ZGXN,small_airport,Xingning Air Base,24.1492,115.758003,,AS,CN,CN-44,Meizhou (Xingning),no,ZGXN,XIN,ZGXN,,,https://en.wikipedia.org/wiki/Xingning_Air_Base,
514411,ZGXX,small_airport,Xiangxi Biancheng Airport,28.4972,109.5218,,AS,CN,CN-43,Xiangxi,yes,ZGXX,DXJ,ZGXX,,,https://en.wikipedia.org/wiki/Xiangxi_Biancheng_Airport,
351135,ZGYJ,small_airport,Yangjiang Heshan Airport,21.961895,112.102408,33,AS,CN,CN-44,Yangjiang,no,,,ZGYJ,,,,
344100,ZGYL,medium_airport,Yulin Fumian Airport,22.433042,110.119996,328,AS,CN,CN-45,Yulin,yes,ZGYL,YLX,ZGYL,,,https://en.wikipedia.org/wiki/Yulin_Fumian_Airport,
325171,ZGYY,medium_airport,Yueyang Sanhe Airport,29.311699,113.281574,230,AS,CN,CN-43,Yueyang (Yueyanglou),yes,ZGYY,YYA,ZGYY,YYA,,https://en.wikipedia.org/wiki/Yueyang_Sanhe_Airport,
31874,ZGZH,medium_airport,Liuzhou Bailian Airport / Bailian Air Base,24.2075,109.390999,295,AS,CN,CN-45,Liuzhou (Liujiang),yes,ZGZH,LZH,ZGZH,,,https://en.wikipedia.org/wiki/Liuzhou_Bailian_Airport,Liujiang-Liuzhou Air Base
354995,ZGZJ,large_airport,Zhanjiang Wuchuan International Airport,21.481667,110.590278,,AS,CN,CN-44,Zhanjiang,yes,ZGZJ,ZHA,ZGZJ,,,https://en.wikipedia.org/wiki/Zhanjiang_Wuchuan_Airport,
30670,ZHAY,small_airport,Anyang Yindu Airport,36.1339,114.344002,,AS,CN,CN-41,Anyang,no,ZHAY,AYN,ZHAY,,,https://en.wikipedia.org/wiki/Anyang_Airport,
27199,ZHCC,large_airport,Zhengzhou Xinzheng International Airport,34.526497,113.849165,495,AS,CN,CN-41,Zhengzhou,yes,ZHCC,CGO,ZHCC,,,https://en.wikipedia.org/wiki/Zhengzhou_Xinzheng_International_Airport,Xinzheng Airport
347108,ZHEC,large_airport,Ezhou Huahu International Airport,30.341178,115.03926,86,AS,CN,CN-42,Ezhou,yes,ZHEC,EHU,ZHEC,,,https://en.wikipedia.org/wiki/Ezhou_Huahu_Airport,"EHU, ZHEC"
31006,ZHES,medium_airport,Enshi Xujiaping Airport,30.320299,109.485001,1605,AS,CN,CN-42,Enshi (Enshi),yes,ZHES,ENH,ZHES,,,https://en.wikipedia.org/wiki/Enshi_Xujiaping_Airport,
31818,ZHGH,medium_airport,Guangzhou MR Air Base / Guanghua Airport,32.38866,111.69425,,AS,CN,CN-42,Xiangyang (Laohekou),no,ZHGH,LHK,ZHGH,,,,Guangzhou MR Air Base
27200,ZHHH,large_airport,Wuhan Tianhe International Airport,30.774798,114.213723,113,AS,CN,CN-42,Wuhan (Huangpi),yes,ZHHH,WUH,ZHHH,,http://www.whairport.com/,https://en.wikipedia.org/wiki/Wuhan_Tianhe_International_Airport,
347636,ZHJZ,medium_airport,Jingzhou Shashi Airport,30.29281,112.44854,95,AS,CN,CN-42,Jingzhou (Shashi),yes,ZHJZ,SHS,ZHJZ,SHS,,https://en.wikipedia.org/wiki/Jingzhou_Shashi_Airport,
31870,ZHLY,large_airport,Luoyang Beijiao Airport,34.7411,112.388,840,AS,CN,CN-41,Luoyang (Laocheng),yes,ZHLY,LYA,ZHLY,,,https://en.wikipedia.org/wiki/Luoyang_Beijiao_Airport,
32041,ZHNY,small_airport,Nanyang Jiangying Airport,32.982696,112.617467,840,AS,CN,CN-41,Nanyang (Wancheng),yes,ZHNY,NNY,ZHNY,,,https://en.wikipedia.org/wiki/Nanyang_Jiangying_Airport,
518484,ZHQQ,small_airport,Anyang Hongqiqu Airport,35.870833,114.461944,,AS,CN,CN-41,Anyang,yes,ZHQQ,HQQ,ZHQQ,,,https://en.wikipedia.org/wiki/Anyang_Hongqiqu_Airport,
319811,ZHSN,medium_airport,Shennongjia Hongping Airport,31.626,110.34,8365,AS,CN,CN-42,Shennongjia (Hongping),yes,ZHSN,HPG,ZHSN,,,https://en.wikipedia.org/wiki/Shennongjia_Hongping_Airport,
318173,ZHSY,medium_airport,Shiyan Wudangshan Airport,32.592889,110.906296,,AS,CN,CN-42,Shiyan (Maojian),yes,ZHSY,WDS,ZHSY,,,https://en.wikipedia.org/wiki/Shiyan_Wudangshan_Airport,
32697,ZHXF,medium_airport,Xiangyang Liuji Airport,32.152222,112.291666,234,AS,CN,CN-42,Xiangyang (Xiangzhou),yes,ZHXF,XFN,ZHXF,,http://www.hbxyairport.com/,https://en.wikipedia.org/wiki/Xiangyang_Liuji_Airport,"Xiangyang,Xiangfan"
323907,ZHXY,medium_airport,Xinyang Minggang Airport,32.540819,114.079141,312,AS,CN,CN-41,Xinyang,yes,ZHXY,XAI,ZHXY,,,https://en.wikipedia.org/wiki/Xinyang_Minggang_Airport,"Queshan Air Base, 信阳明港机场"
32723,ZHYC,medium_airport,Yichang Sanxia Airport,30.554132,111.482563,673,AS,CN,CN-42,Yichang (Xiaoting),yes,ZHYC,YIH,ZHYC,,http://www.sanxiaairport.com/,https://en.wikipedia.org/wiki/Yichang_Sanxia_Airport,
27201,ZJHK,large_airport,Haikou Meilan International Airport,19.9349,110.459,75,AS,CN,CN-46,Haikou (Meilan),yes,ZJHK,HAK,ZJHK,,,https://en.wikipedia.org/wiki/Haikou_Meilan_International_Airport,ZGHK
323220,ZJQH,medium_airport,Qionghai Bo'ao Airport,19.140951,110.452766,30,AS,CN,CN-46,Qionghai (Basuo),yes,ZJQH,BAR,ZJQH,,,https://en.wikipedia.org/wiki/Qionghai_Bo%27ao_Airport,
27202,ZJSY,large_airport,Sanya Phoenix International Airport,18.3029,109.412003,92,AS,CN,CN-46,Sanya (Tianya),yes,ZJSY,SYX,ZJSY,,,https://en.wikipedia.org/wiki/Sanya_Phoenix_International_Airport,
30632,ZLAK,small_airport,Ankang Fuqiang Airport,32.75696,108.87338,1209,AS,CN,CN-61,Ankang (Hanbin),yes,ZLAK,AKA,ZLAK,,,https://en.wikipedia.org/wiki/Ankang_Fuqiang_Airport,
30929,ZLDH,large_airport,Dunhuang Mogao International Airport,40.161953,94.812827,,AS,CN,CN-62,Dunhuang,yes,ZLDH,DNH,ZLDH,,,https://en.wikipedia.org/wiki/Dunhuang_Airport,
318171,ZLDL,medium_airport,Haixi Delingha Airport,37.125286,97.268658,9843,AS,CN,CN-63,Delingha,yes,ZLDL,HXD,ZLDL,,,https://en.wikipedia.org/wiki/Delingha_Airport,
319715,ZLGL,medium_airport,Golog Maqên Airport,34.418066,100.301144,12426,AS,CN,CN-63,Golog (Maqên),yes,ZLGL,GMQ,ZLGL,,,https://en.wikipedia.org/wiki/Golog_Maqin_Airport,"Guoluo Maqin, Maqên, Maqin"
35308,ZLGM,medium_airport,Golmud Airport,36.4006,94.786102,9334,AS,CN,CN-63,Golmud,yes,ZLGM,GOQ,ZLGM,,,https://en.wikipedia.org/wiki/Golmud_Airport,
300741,ZLGY,medium_airport,Guyuan Liupanshan Airport,36.078889,106.216944,5727,AS,CN,CN-64,Guyuan (Yuanzhou),yes,ZLGY,GYU,ZLGY,,,https://en.wikipedia.org/wiki/Guyuan_Liupanshan_Airport,
333096,ZLHB,small_airport,Haibei Qilian Airport,38.008068,100.645065,10377,AS,CN,CN-63,Haibei (Qilian),yes,ZLHB,HBQ,ZLHB,,,https://en.wikipedia.org/wiki/Qilian_Airport,
319417,ZLHX,medium_airport,Huatugou Airport,38.201645,90.837843,2945,AS,CN,CN-63,Mengnai,yes,ZLHX,HTT,ZLHX,,,https://en.wikipedia.org/wiki/Huatugou_Airport,
31659,ZLHZ,medium_airport,Hanzhong Chenggu Airport,33.133527,107.203817,,AS,CN,CN-61,Hanzhong (Chenggu),yes,ZLHZ,HZG,ZLHZ,,,https://en.wikipedia.org/wiki/Hanzhong_Chenggu_Airport,
298989,ZLIC,large_airport,Yinchuan Hedong International Airport,38.322758,106.393214,3743,AS,CN,CN-64,Yinchuan,yes,ZLIC,INC,ZLIC,,https://ningxia.cwag.com/,https://en.wikipedia.org/wiki/Yinchuan_Hedong_International_Airport,"银川, 银川河东国际机场，宁夏"
301010,ZLJC,medium_airport,Jinchang Jinchuan Airport,38.542222,102.348333,4740,AS,CN,CN-62,Jinchang,yes,ZLJC,JIC,ZLJC,,,https://en.wikipedia.org/wiki/Jinchang_Jinchuan_Airport,
31699,ZLJQ,large_airport,Jiayuguan International Airport,39.859052,98.339344,5112,AS,CN,CN-62,Jiayuguan,yes,ZLJQ,JGN,ZLJQ,,,https://en.wikipedia.org/wiki/Jiayuguan_Airport,
27204,ZLLL,large_airport,Lanzhou Zhongchuan International Airport,36.515202,103.620003,6388,AS,CN,CN-62,Lanzhou (Yongdeng),yes,ZLLL,LHW,ZLLL,,http://lzzcairport.com/Home/Index,https://en.wikipedia.org/wiki/Lanzhou_Airport,"ZGC, Datong Air Base, 兰州中川国际机场"
327544,ZLLN,medium_airport,Longnan Chengzhou Airport,33.789918,105.790014,3707,AS,CN,CN-62,Longnan (Cheng),yes,ZLLN,LNL,ZLLN,,,https://en.wikipedia.org/wiki/Longnan_Chengzhou_Airport,
323883,ZLPC,small_airport,Pucheng Neifu Airport,34.825791,109.535547,,AS,CN,CN-61,Weinan (Pucheng),no,,,ZLPC,,,,Test Flight Institute
31685,ZLQY,medium_airport,Qingyang Xifeng Airport,35.802638,107.598896,,AS,CN,CN-62,Qingyang (Xifeng),yes,ZLQY,IQN,ZLQY,,,https://en.wikipedia.org/wiki/Qingyang_Airport,Dingxi Air Base
32299,ZLSN,medium_airport,Xi'an Xiguan Airport,34.376701,109.120003,,AS,CN,CN-61,Xi'an (Baqiao),no,ZLSN,SIA,ZLSN,,,https://en.wikipedia.org/wiki/Xi%27an_Xiguan_Airport,Lintong Air Base
44208,ZLTS,medium_airport,Tianshui Maijishan Airport,34.5601,105.860343,3590,AS,CN,CN-62,Tianshui (Maiji),yes,ZLTS,THQ,ZLTS,,,https://en.wikipedia.org/wiki/Tianshui_Maijishan_Airport,"Tianshui Air Base, 天水麦积山机场, ZBEE"
312986,ZLXH,medium_airport,Gannan Xiahe Airport,34.819014,102.622261,10510,AS,CN,CN-62,Gannan (Xiahe),yes,ZLXH,GXH,ZLXH,,,https://en.wikipedia.org/wiki/Gannan_Xiahe_Airport,Hezuo
32709,ZLXN,large_airport,Xining Caojiabao International Airport,36.52775,102.040215,7119,AS,CN,CN-63,Haidong (Huzhu Tu Autonomous County),yes,ZLXN,XNN,ZLXN,,,https://en.wikipedia.org/wiki/Xining_Caojiabao_International_Airport,"Caojiabu, Caojiapu"
27205,ZLXY,large_airport,Xi'an Xianyang International Airport,34.442207,108.762385,1572,AS,CN,CN-61,Xi'an,yes,ZLXY,XIY,ZLXY,,https://www.xxia.com/,https://en.wikipedia.org/wiki/Xi'an_Xianyang_International_Airport,"西安咸阳国际机场, Xian, Xianyang, Xi'an"
336112,ZLYA,medium_airport,Yan'an Nanniwan Airport,36.479413,109.464083,,AS,CN,CN-61,Yan'an (Baota),yes,ZLYA,ENY,ZLYA,ENY,,https://en.wikipedia.org/wiki/Yan%27an_Nanniwan_Airport,
32563,ZLYL,medium_airport,Yulin Yuyang Airport,38.35971,109.590927,3891,AS,CN,CN-61,Yulin,yes,ZLYL,UYN,ZLYL,,http://www.cwag-yl.com/,https://en.wikipedia.org/wiki/Yulin_Yuyang_Airport,
300516,ZLYS,medium_airport,Yushu Batang Airport,32.836389,97.036389,12816,AS,CN,CN-63,Yushu (Batang),yes,ZLYS,YUS,ZLYS,,,https://en.wikipedia.org/wiki/Yushu_Batang_Airport,
308462,ZLZW,medium_airport,Zhongwei Shapotou Airport,37.573125,105.154454,4088,AS,CN,CN-64,Zhongwei (Shapotou),yes,ZLZW,ZHY,ZLZW,,,https://en.wikipedia.org/wiki/Zhongwei_Shapotou_Airport,
44221,ZLZY,medium_airport,Zhangye Ganzhou Airport,38.801899,100.675003,5280,AS,CN,CN-62,Zhangye (Ganzhou),yes,ZLZY,YZY,ZLZY,,,https://en.wikipedia.org/wiki/Zhangye_Ganzhou_Airport,"Zhangye Southeast Air Base, 张掖甘州机场"
354382,ZMAZ,small_airport,Mazongshan Airport,42.308371,97.077148,5462,AS,CN,CN-62,Mazongshan,no,,,,,,,ZMAZ
44103,ZPBS,medium_airport,Baoshan Yunrui Airport,25.053301,99.168297,5453,AS,CN,CN-53,Baoshan (Longyang),yes,ZPBS,BSD,ZPBS,,,https://en.wikipedia.org/wiki/Baoshan_Yunrui_Airport,Baoshan Yunduan Airport
327447,ZPCW,medium_airport,Cangyuan Washan Airport,23.276331,99.373169,,AS,CN,CN-53,Lincang (Cangyuan),yes,ZPCW,CWJ,ZPCW,,,https://en.wikipedia.org/wiki/Cangyuan_Washan_Airport,
30925,ZPDL,medium_airport,Dali Fengyi Airport,25.649401,100.319,7050,AS,CN,CN-53,Dali (Xiaguan),yes,ZPDL,DLU,ZPDL,,,https://en.wikipedia.org/wiki/Dali_Airport,Dali Air Base
30916,ZPDQ,medium_airport,Diqing Shangri-La Airport,27.7936,99.6772,10761,AS,CN,CN-53,Diqing (Shangri-La),yes,ZPDQ,DIG,ZPDQ,,,https://en.wikipedia.org/wiki/Diqing_Shangri-La_Airport,
27213,ZPJH,large_airport,Xishuangbanna Gasa International Airport,21.974648,100.762224,1815,AS,CN,CN-53,Jinghong (Gasa),yes,ZPJH,JHG,ZPJH,,,https://en.wikipedia.org/wiki/Xishuangbanna_Gasa_International_Airport,Sipsong Panna
327448,ZPJM,medium_airport,Lancang Jingmai Airport,22.417733,99.784012,,AS,CN,CN-53,Pu'er (Lancang),yes,ZPJM,JMJ,ZPJM,,,https://en.wikipedia.org/wiki/Lancang_Jingmai_Airport,
44116,ZPLC,medium_airport,Lincang Boshang Airport,23.7381,100.025002,6230,AS,CN,CN-53,Lincang,yes,ZPLC,LNJ,ZPLC,,,https://en.wikipedia.org/wiki/Lincang_Airport,Lintsang Airfield
31828,ZPLJ,large_airport,Lijiang Sanyi International Airport,26.677483,100.244944,7359,AS,CN,CN-53,Lijiang,yes,ZPLJ,LJG,ZPLJ,,,https://en.wikipedia.org/wiki/Lijiang_Sanyi_Airport,"Yunlong Air Base, 丽江三义机场"
31862,ZPMS,medium_airport,Dehong Mangshi International Airport,24.4011,98.5317,2890,AS,CN,CN-53,Dehong (Mangshi),yes,ZPMS,LUM,ZPMS,,,https://en.wikipedia.org/wiki/Dehong_Mangshi_Airport,
27214,ZPPP,large_airport,Kunming Changshui International Airport,25.110313,102.936743,6903,AS,CN,CN-53,Kunming,yes,ZPPP,KMG,ZPPP,,,https://en.wikipedia.org/wiki/Kunming_Changshui_International_Airport,
32417,ZPSM,small_airport,Pu'er Simao Airport,22.793301,100.959,,AS,CN,CN-53,Pu'er,yes,ZPSM,SYM,ZPSM,,,https://en.wikipedia.org/wiki/Pu%27er_Simao_Airport,
318119,ZPWS,small_airport,Wenshan Puzhehei Airport,23.5583,104.3255,5217,AS,CN,CN-53,Wenshan,yes,ZPWS,WNH,ZPWS,,,https://en.wikipedia.org/wiki/Wenshan_Puzhehei_Airport,
44127,ZPYM,medium_airport,Yuanmou Air Base,25.737499,101.882004,3810,AS,CN,CN-53,Chuxiong (Yuanmou),no,ZPYM,YUA,ZPYM,,,,
32740,ZPZT,small_airport,Zhaotong Airport (Old),27.327549,103.75617,6340,AS,CN,CN-53,Zhaotong (Zhaoyang),no,,,,,,https://en.wikipedia.org/wiki/Zhaotong_Airport,
27215,ZSAM,large_airport,Xiamen Gaoqi International Airport,24.543889,118.127454,59,AS,CN,CN-35,Xiamen,yes,ZSAM,XMN,ZSAM,,http://www.xiagc.com.cn/enweb/,https://en.wikipedia.org/wiki/Xiamen_Gaoqi_International_Airport,厦门高崎国际机场
30650,ZSAQ,medium_airport,Anqing Tianzhushan Airport / Anqing North Air Base,30.582199,117.050003,,AS,CN,CN-34,Anqing,yes,ZSAQ,AQG,ZSAQ,,,https://en.wikipedia.org/wiki/Anqing_Tianzhushan_Airport,
301883,ZSBB,medium_airport,Bengbu Renheji Airport,32.847733,117.320244,100,AS,CN,CN-34,Bengbu,no,ZSBB,BFU,ZSBB,,,https://en.wikipedia.org/wiki/Bengbu_Airport,
30871,ZSCG,medium_airport,Changzhou Benniu International Airport,31.920485,119.77546,33,AS,CN,CN-32,Changzhou,yes,ZSCG,CZX,ZSCG,,,https://en.wikipedia.org/wiki/Changzhou_Benniu_International_Airport,
27216,ZSCN,large_airport,Nanchang Changbei International Airport,28.864815,115.90271,143,AS,CN,CN-36,Nanchang,yes,ZSCN,KHN,ZSCN,,,https://en.wikipedia.org/wiki/Nanchang_Changbei_International_Airport,
349715,ZSDL,small_airport,Zhenjiang Dalu Airport,32.23649,119.718683,16,AS,CN,CN-32,Zhenjiang,no,ZSDL,AZJ,,,,,
44169,ZSDY,medium_airport,Dongying Shengli Airport,37.50137,118.789863,15,AS,CN,CN-37,Dongying (Kenli),yes,ZSDY,DOY,ZSDY,,,https://en.wikipedia.org/wiki/Dongying_Shengli_Airport,"Dongying Air Base, Dongying Yong'an Airport"
604748,ZSFD,small_airport,Feidong Bailong General Airport,32.11306,117.445992,231,AS,CN,CN-34,Hefei,no,,,ZSFD,,,https://zh.wikipedia.org/zh-hans/%E8%82%A5%E6%9D%B1%E7%99%BD%E9%BE%8D%E6%A9%9F%E5%A0%B4,
308240,ZSFY,medium_airport,Fuyang Xiguan Airport,32.882157,115.734364,104,AS,CN,CN-34,"Yingzhou, Fuyang",yes,ZSFY,FUG,ZSFY,,,https://en.wikipedia.org/wiki/Fuyang_Xiguan_Airport,
27217,ZSFZ,large_airport,Fuzhou Changle International Airport,25.929254,119.672524,46,AS,CN,CN-35,Fuzhou (Changle),yes,ZSFZ,FOC,ZSFZ,FOC,,https://en.wikipedia.org/wiki/Fuzhou_Changle_International_Airport,
31769,ZSGZ,small_airport,Ganzhou Huangjin Airport,25.853333,114.778889,387,AS,CN,CN-36,Ganzhou,yes,ZSGZ,KOW,ZSGZ,,,https://en.wikipedia.org/wiki/Ganzhou_Huangjin_Airport,
27218,ZSHC,large_airport,Hangzhou Xiaoshan International Airport,30.23609,120.428865,23,AS,CN,CN-33,Hangzhou,yes,ZSHC,HGH,ZSHC,,https://www.hzairport.com/,https://en.wikipedia.org/wiki/Hangzhou_Xiaoshan_International_Airport,"Hang Zhou, 杭州萧山国际机场"
352633,ZSHZ,medium_airport,Heze Mudan Airport,35.212972,115.736748,151,AS,CN,CN-37,Heze (Dingtao),yes,ZSHZ,HZA,ZSHZ,,,https://en.wikipedia.org/wiki/Heze_Mudan_Airport,
31695,ZSJD,medium_airport,Jingdezhen Luojia Airport,29.3386,117.176003,112,AS,CN,CN-36,Jingdezhen,yes,ZSJD,JDZ,ZSJD,,,https://en.wikipedia.org/wiki/Jingdezhen_Luojia_Airport,Fouliang Air Base
548284,ZSJG,medium_airport,Jining Da'an Airport,35.647358,116.743269,171,AS,CN,CN-37,Jining,yes,ZSJG,JNG,ZSJG,,,https://en.wikipedia.org/wiki/Jining_Da%27an_Airport,济宁大安机场，济宁
35309,ZSJJ,small_airport,Jiujiang Lushan Airport,29.476944,115.801111,,AS,CN,CN-36,Jiujiang,yes,ZSJJ,JIU,ZSJJ,,,https://en.wikipedia.org/wiki/Jiujiang_Lushan_Airport,Mahuiling Air Base
27219,ZSJN,large_airport,Jinan Yaoqiang International Airport,36.857201,117.216003,76,AS,CN,CN-37,Jinan (Licheng),yes,ZSJN,TNA,ZSJN,,,https://en.wikipedia.org/wiki/Jinan_Yaoqiang_International_Airport,
31714,ZSJU,medium_airport,Quzhou Airport,28.96613,118.898793,213,AS,CN,CN-33,Quzhou (Kezheng),yes,ZSJU,JUZ,ZSJU,,,https://en.wikipedia.org/wiki/Quzhou_Airport,
44167,ZSLG,large_airport,Lianyungang Huaguoshan International Airport,34.41406,119.17899,,AS,CN,CN-32,Lianyungang,yes,ZSLG,LYG,ZSLG,,,https://en.wikipedia.org/wiki/Lianyungang_Huaguoshan_International_Airport,
44234,ZSLO,medium_airport,Liancheng Guanzhishan Airport,25.67592,116.745907,1225,AS,CN,CN-35,Longyan (Liancheng),yes,ZSLO,LCX,ZSLO,,,https://en.wikipedia.org/wiki/Liancheng_Guanzhishan_Airport,"ZBSZ, Liancheng Air Base"
31658,ZSLQ,medium_airport,Taizhou Luqiao Airport,28.562201,121.429001,,AS,CN,CN-33,Taizhou (Luqiao),yes,ZSLQ,HYN,ZSLQ,,,https://en.wikipedia.org/wiki/Huangyan_Luqiao_Airport,
31871,ZSLY,medium_airport,Linyi Qiyang Airport,35.052918,118.411828,177,AS,CN,CN-37,Linyi (Hedong),yes,ZSLY,LYI,ZSLY,,,https://en.wikipedia.org/wiki/Linyi_Airport,
27220,ZSNB,large_airport,Ningbo Lishe International Airport,29.82670021057129,121.46199798583984,13,AS,CN,CN-33,Ningbo,yes,ZSNB,NGB,ZSNB,,,https://en.wikipedia.org/wiki/Ningbo_Lishe_International_Airport,
27221,ZSNJ,large_airport,Nanjing Lukou International Airport,31.735032,118.865949,49,AS,CN,CN-32,Nanjing,yes,ZSNJ,NKG,ZSNJ,,,https://en.wikipedia.org/wiki/Nanjing_Lukou_International_Airport,
32048,ZSNT,medium_airport,Nantong Xingdong International Airport,32.073566,120.980076,16,AS,CN,CN-32,Nantong (Tongzhou),yes,ZSNT,NTG,ZSNT,,,https://en.wikipedia.org/wiki/Nantong_Xingdong_Airport,
27222,ZSOF,large_airport,Hefei Xinqiao International Airport,31.98779,116.9769,207,AS,CN,CN-34,Hefei,yes,ZSOF,HFE,ZSOF,,https://hfairport.com,https://en.wikipedia.org/wiki/Hefei_Xinqiao_International_Airport,合肥，合肥新桥机场
27223,ZSPD,large_airport,Shanghai Pudong International Airport,31.1434,121.805,13,AS,CN,CN-31,Shanghai (Pudong),yes,ZSPD,PVG,ZSPD,,https://www.shairport.com/enpd/,https://en.wikipedia.org/wiki/Shanghai_Pudong_International_Airport,"上海, 上海浦东国际机场, 浦东"
342096,ZSQD,large_airport,Qingdao Jiaodong International Airport,36.361953,120.088171,30,AS,CN,CN-37,Qingdao (Jiaozhou),yes,ZSQD,TAO,ZSQD,,,https://en.wikipedia.org/wiki/Qingdao_Jiaodong_International_Airport,
31705,ZSQZ,large_airport,Quanzhou Jinjiang International Airport,24.795855,118.588599,39,AS,CN,CN-35,Quanzhou,yes,ZSQZ,JJN,ZSQZ,,,https://en.wikipedia.org/wiki/Quanzhou_Jinjiang_International_Airport,"Jinjiang Air Base, Chin Chiang, Qingyang"
32235,ZSRG,medium_airport,Rugao Air Base,32.258341,120.501131,,AS,CN,CN-32,Rugao (Nantong),no,ZSRG,RUG,ZSRG,,,,
323218,ZSRZ,medium_airport,Rizhao Shanzihe Airport,35.405033,119.324403,121,AS,CN,CN-37,Rizhao (Donggang),yes,ZSRZ,RIZ,ZSRZ,,http://www.rzairport.com.cn/,https://en.wikipedia.org/wiki/Rizhao_Shanzihe_Airport,
300863,ZSSH,large_airport,Huai'an Lianshui Airport,33.792712,119.126657,28,AS,CN,CN-32,Huai'an,yes,ZSSH,HIA,ZSSH,,,https://en.wikipedia.org/wiki/Huai'an_Lianshui_International_Airport,"Huaian, 淮安, 淮安涟水机场"
316774,ZSSM,medium_airport,Sanming Shaxian Airport,26.4263,117.8336,830,AS,CN,CN-35,Sanming (Sha),yes,ZSSM,SQJ,ZSSM,,,https://en.wikipedia.org/wiki/Sanming_Shaxian_Airport,
316767,ZSSR,medium_airport,Shangrao Sanqingshan Airport,28.3797,117.9643,340,AS,CN,CN-36,Shangrao (Hengfeng),yes,ZSSR,SQD,ZSSR,,,https://en.wikipedia.org/wiki/Shangrao_Sanqingshan_Airport,
27225,ZSSS,large_airport,Shanghai Hongqiao International Airport,31.198104,121.33426,10,AS,CN,CN-31,Shanghai (Minhang),yes,ZSSS,SHA,ZSSS,,http://www.shairport.com/enhq/index.html,https://en.wikipedia.org/wiki/Shanghai_Hongqiao_International_Airport,"上海, 上海虹桥, 上海虹桥国际机场"
32420,ZSSZ,medium_airport,Suzhou Guangfu Airport,31.2631,120.401001,,AS,CN,CN-32,Suzhou,no,ZSSZ,SZV,ZSSZ,,,https://en.wikipedia.org/wiki/Suzhou_Guangfu_Airport,
32489,ZSTX,large_airport,Huangshan Tunxi International Airport,29.733299,118.255997,,AS,CN,CN-34,Huangshan,yes,ZSTX,TXN,ZSTX,,,https://en.wikipedia.org/wiki/Huangshan_Tunxi_International_Airport,
348698,ZSWA,medium_airport,Wuhu Xuanzhou Airport,31.1045,118.66687,80,AS,CN,CN-34,Wuhu,yes,ZSWA,WHA,ZSWA,WHA,,https://en.wikipedia.org/wiki/Wuhu_Xuanzhou_Airport,
32646,ZSWF,medium_airport,Weifang Nanyuan Airport,36.646702,119.119003,,AS,CN,CN-37,Weifang (Kuiwen),yes,ZSWF,WEF,ZSWF,,,https://en.wikipedia.org/wiki/Weifang_Airport,
27226,ZSWH,medium_airport,Weihai Dashuibo Airport,37.187099,122.228996,145,AS,CN,CN-37,Weihai,yes,ZSWH,WEH,ZSWH,,,https://en.wikipedia.org/wiki/Weihai_Airport,"Dashuipo, Yancheng Air Base"
32649,ZSWU,small_airport,Wuhu Wanli Airport / Wuhu Air Base,31.3906,118.408997,34,AS,CN,CN-34,Wuhu,no,,WHU,ZSWU,,,https://en.wikipedia.org/wiki/Wuhu_Wanli_Airport,
32684,ZSWX,large_airport,Sunan Shuofang International Airport,31.496952,120.43038,24,AS,CN,CN-32,Wuxi,yes,ZSWX,WUX,ZSWX,,,https://en.wikipedia.org/wiki/Wuxi_Shuofang_Airport,Wuxi Airport
32683,ZSWY,medium_airport,Nanping Wuyishan Airport,27.7019,118.000999,614,AS,CN,CN-35,Wuyishan,yes,ZSWY,WUS,ZSWY,,,https://en.wikipedia.org/wiki/Wuyishan_Airport,
32672,ZSWZ,large_airport,Wenzhou Longwan International Airport,27.910572,120.853465,13,AS,CN,CN-33,Wenzhou (Longwan),yes,ZSWZ,WNZ,ZSWZ,,,https://en.wikipedia.org/wiki/Wenzhou_Longwan_International_Airport,"温州永强机场, Wenzhou Yongqiang Airport"
32713,ZSXZ,medium_airport,Xuzhou Guanyin International Airport,34.059056,117.555278,108,AS,CN,CN-32,Xuzhou,yes,ZSXZ,XUZ,ZSXZ,,,https://en.wikipedia.org/wiki/Xuzhou_Guanyin_Airport,
317774,ZSYA,medium_airport,Yangzhou Taizhou Airport,32.5634,119.7198,7,AS,CN,CN-32,Yangzhou,yes,ZSYA,YTY,ZSYA,,http://www.yztzairport.net/,https://en.wikipedia.org/wiki/Yangzhou_Taizhou_Airport,Yangtai Airport
315853,ZSYC,medium_airport,Yichun Mingyueshan Airport,27.8025,114.3062,430,AS,CN,CN-36,Yichun,yes,ZSYC,YIC,ZSYC,,,https://en.wikipedia.org/wiki/Yichun_Mingyueshan_Airport,
35316,ZSYN,large_airport,Yancheng Nanyang International Airport,33.428317,120.20545,10,AS,CN,CN-32,Yancheng (Tinghu),yes,ZSYN,YNZ,ZSYN,,,https://en.wikipedia.org/wiki/Yancheng_Nanyang_International_Airport,
332096,ZSYT,large_airport,Yantai Penglai International Airport,37.659724,120.978124,154,AS,CN,CN-37,Yantai,yes,ZSYT,YNT,ZSYT,,http://www.ytairport.com.cn/,https://en.wikipedia.org/wiki/Yantai_Penglai_International_Airport,
32726,ZSYW,large_airport,Yiwu Airport,29.342095,120.03116,262,AS,CN,CN-33,Yiwu/Jinhua,yes,ZSYW,YIW,ZSYW,,,https://en.wikipedia.org/wiki/Yiwu_Airport,Jinhua
31624,ZSZS,large_airport,Zhoushan Putuoshan International Airport,29.933874,122.362307,6,AS,CN,CN-33,Zhoushan,yes,ZSZS,HSN,ZSZS,,,https://en.wikipedia.org/wiki/Zhoushan_Putuoshan_International_Airport,
300545,ZUAL,medium_airport,Ngari Gunsa Airport,32.09794,80.053971,14022,AS,CN,CN-54,Shiquanhe,yes,ZUAL,NGQ,ZUAL,,,https://en.wikipedia.org/wiki/Ngari_Gunsa_Airport,Ali Airport
300785,ZUAS,medium_airport,Anshun Huangguoshu Airport,26.260556,105.873333,4812,AS,CN,CN-52,Anshun (Xixiu),yes,ZUAS,AVA,ZUAS,,,https://en.wikipedia.org/wiki/Anshun_Huangguoshu_Airport,
554921,ZUBC,small_airport,Beichuan Yongchang Airport,31.581474,104.459701,2012,AS,CN,CN-51,Mianyang,no,,BCJ,ZUBC,,,,北川通用机场
30788,ZUBD,medium_airport,Qamdo Bangda Airport,30.553600311279297,97.1082992553711,14219,AS,CN,CN-54,Bangda,yes,ZUBD,BPX,ZUBD,,,https://en.wikipedia.org/wiki/Bangda_Airport,
318169,ZUBJ,medium_airport,Bijie Feixiong Airport,27.267066,105.472097,4751,AS,CN,CN-52,Bijie,yes,ZUBJ,BFJ,ZUBJ,,,https://en.wikipedia.org/wiki/Bijie_Feixiong_Airport,
27228,ZUCK,large_airport,Chongqing Jiangbei International Airport,29.712254,106.651895,1365,AS,CN,CN-50,Chongqing,yes,ZUCK,CKG,ZUCK,,,https://en.wikipedia.org/wiki/Chongqing_Jiangbei_International_Airport,
352223,ZUDA,medium_airport,Dazhou Jinya Airport,31.048815,107.435646,1342,AS,CN,CN-51,Dazhou (Dachuan),yes,ZUDA,DZH,ZUDA,,,https://en.wikipedia.org/wiki/Dazhou_Jinya_Airport,
327348,ZUDC,medium_airport,Daocheng Yading Airport,29.31632,100.060317,14472,AS,CN,CN-51,Garzê (Daocheng),yes,ZUDC,DCY,ZUDC,,,https://en.wikipedia.org/wiki/Daocheng_Yading_Airport,
600647,ZUDJ,medium_airport,Tongren Dejiang Airport (Under Construction),28.121,108.1631,3542,AS,CN,CN-52,Tongren,no,ZUDJ,DEJ,ZUDJ,,,https://en.wikipedia.org/wiki/Tongren_Dejiang_Airport,
35307,ZUDX,small_airport,Dachuan Airport,31.1302,107.4295,,AS,CN,CN-51,Dazhou (Daxian),yes,ZUDX,DAX,ZUDX,,,https://en.wikipedia.org/wiki/Daxian_Airport,Daxian
44110,ZUDZ,small_airport,Dazu Air Base,29.636227,105.773621,1220,AS,CN,CN-50,Dazu,no,ZUDZ,DZU,ZUDZ,,,,
308739,ZUGH,medium_airport,Guanghan Airport,30.9485,104.3296,1531,AS,CN,CN-51,Deyang (Guanghan),no,ZUGH,GHN,ZUGH,,,https://en.wikipedia.org/wiki/Guanghan_Airport,Civil Aviation Flight University of China
31562,ZUGU,medium_airport,Guangyuan Panlong Airport,32.390254,105.694571,,AS,CN,CN-51,Guangyuan (Lizhou),yes,ZUGU,GYS,ZUGU,,,https://en.wikipedia.org/wiki/Guangyuan_Airport,
27229,ZUGY,large_airport,Guiyang Longdongbao International Airport,26.541805,106.80402,3736,AS,CN,CN-52,Guiyang (Nanming),yes,ZUGY,KWE,ZUGY,,,https://en.wikipedia.org/wiki/Guiyang_Longdongbao_Airport,"Kaiyang Guiyang Air Base, Guiyang Air Base"
336107,ZUGZ,small_airport,Garze Gesar Airport,31.7575,99.554167,13346,AS,CN,CN-51,Garzê (Garzê),yes,ZUGZ,GZG,ZUGZ,GZG,,https://en.wikipedia.org/wiki/Garze_Gesar_Airport,"Ganzi, Garzê"
312371,ZUHY,medium_airport,Hongyuan Airport,32.53154,102.35224,11600,AS,CN,CN-51,Ngawa (Hongyuan),no,ZUHY,AHJ,ZUHY,,,https://en.wikipedia.org/wiki/Hongyuan_Airport,Aba
300512,ZUJZ,medium_airport,Jiuzhai Huanglong Airport,32.853333,103.682222,11327,AS,CN,CN-51,Ngawa (Songpan),yes,ZUJZ,JZH,ZUJZ,,,https://en.wikipedia.org/wiki/Jiuzhai_Huanglong_Airport,Aba
327350,ZUKD,medium_airport,Kangding Airport,30.142464,101.73872,14042,AS,CN,CN-51,Garzê (Kangding),yes,ZUKD,KGT,ZUKD,,,https://en.wikipedia.org/wiki/Kangding_Airport,
313427,ZUKJ,medium_airport,Kaili Huangping Airport,26.972,107.988,3115,AS,CN,CN-52,Kaili  (Huangping),yes,ZUKJ,KJH,ZUKJ,,,https://en.wikipedia.org/wiki/Kaili_Huangping_Airport,
327351,ZULB,small_airport,Libo Airport,25.4525,107.961667,,AS,CN,CN-52,Qiannan (Libo),yes,ZULB,LLB,ZULB,,,https://en.wikipedia.org/wiki/Libo_Airport,
31819,ZULP,small_airport,Liangping Airport,30.679399,107.786003,,AS,CN,CN-50,Liangping,no,ZULP,LIA,ZULP,,,https://en.wikipedia.org/wiki/Liangping_Airport,
31867,ZULS,large_airport,Lhasa Gonggar International Airport,29.298001,90.911951,11713,AS,CN,CN-54,Shannan (Gonggar),yes,ZULS,LXA,ZULS,,,https://en.wikipedia.org/wiki/Lhasa_Gonggar_Airport,
336114,ZULZ,medium_airport,Luzhou Yunlong Airport,29.030357,105.468407,,AS,CN,CN-51,Luzhou (Yunlong),yes,ZULZ,LZO,ZULZ,,,https://en.wikipedia.org/wiki/Luzhou_Yunlong_Airport,
327355,ZUMT,medium_airport,Zunyi Maotai Airport,27.961837,106.435416,4068,AS,CN,CN-52,Zunyi,yes,ZUMT,WMT,ZUMT,,,https://en.wikipedia.org/wiki/Zunyi_Maotai_Airport,
31908,ZUMY,medium_airport,Mianyang Nanjiao Airport,31.428101,104.740997,7874,AS,CN,CN-51,Mianyang (Fucheng),yes,ZUMY,MIG,ZUMY,,,https://en.wikipedia.org/wiki/Mianyang_Airport,
32003,ZUNC,small_airport,Nanchong Gaoping Airport,30.798104,106.16415,1145,AS,CN,CN-51,Nanchong (Gaoping),yes,ZUNC,NAO,ZUNC,,,https://en.wikipedia.org/wiki/Nanchong_Airport,
308782,ZUNP,medium_airport,Liping Airport,26.32217,109.1499,1620,AS,CN,CN-52,Liping,yes,ZUNP,HZH,ZUNP,,,https://en.wikipedia.org/wiki/Liping_Airport,
31876,ZUNZ,medium_airport,Nyingchi Mainling Airport,29.303301,94.335297,9675,AS,CN,CN-54,Nyingchi (Mainling),yes,ZUNZ,LZY,ZUNZ,,,https://en.wikipedia.org/wiki/Nyingchi_Airport,"Linzhi, Kang Ko"
327352,ZUPS,medium_airport,Liupanshui Yuezhao Airport,26.609417,104.979,,AS,CN,CN-52,Liupanshui (Zhongshan),yes,ZUPS,LPF,ZUPS,,,https://en.wikipedia.org/wiki/Liupanshui_Yuezhao_Airport,
300865,ZUQJ,medium_airport,Qianjiang Wulingshan Airport,29.5133333333,108.831111111,2075,AS,CN,CN-50,Qianjiang,yes,ZUQJ,JIQ,ZUQJ,,,https://en.wikipedia.org/wiki/Qianjiang_Wulingshan_Airport,Zhoubai
44122,ZURK,large_airport,Xigaze Peace Airport / Shigatse Air Base,29.350876,89.299157,12408,AS,CN,CN-54,Xigazê (Samzhubzê),yes,ZURK,RKZ,ZURK,,,https://en.wikipedia.org/wiki/Shigatse_Peace_Airport,
509453,ZUSH,small_airport,Shannan Longzi Airport,28.422422,92.348082,12959,AS,CN,CN-54,Shannan,yes,ZUSH,LGZ,ZUSH,,,https://en.wikipedia.org/wiki/Shannan_Longzi_Airport,
323880,ZUSN,small_airport,Suining Airport,30.471295,105.610925,,AS,CN,CN-51,Suining (Chuanshan),no,,,ZUSN,,,,
300514,ZUTC,medium_airport,Tengchong Tuofeng Airport,24.938056,98.485833,6250,AS,CN,CN-53,Baoshan (Tengchong),yes,ZPTC,TCZ,ZPTC,,,https://en.wikipedia.org/wiki/Tengchong_Tuofeng_Airport,
342095,ZUTF,large_airport,Chengdu Tianfu International Airport,30.31252,104.441284,1440,AS,CN,CN-51,Chengdu (Jianyang),yes,ZUTF,TFU,ZUTF,,,https://en.wikipedia.org/wiki/Chengdu_Tianfu_International_Airport,
302314,ZUTR,medium_airport,Tongren Fenghuang Airport,27.883333,109.308889,,AS,CN,CN-52,Tongren (Daxing),yes,ZUTR,TEN,ZUTR,,,https://en.wikipedia.org/wiki/Tongren_Fenghuang_Airport,
27230,ZUUU,large_airport,Chengdu Shuangliu International Airport,30.558257,103.945966,1625,AS,CN,CN-51,Chengdu (Shuangliu),yes,ZUUU,CTU,ZUUU,,http://www.cdairport.com/cdairport/en_front/index.jsp,https://en.wikipedia.org/wiki/Chengdu_Shuangliu_International_Airport,成都双流国际机场
350117,ZUWL,medium_airport,Chongqing Xiannüshan Airport,29.465658,107.693664,1747,AS,CN,CN-50,Wulong,yes,ZUWL,CQW,ZUWL,,,https://en.wikipedia.org/wiki/Chongqing_Xiannüshan_Airport,
336105,ZUWS,small_airport,Chongqing Wushan Airport,31.06896,109.708958,,AS,CN,CN-50,Wushan,yes,ZUWS,WSK,ZUWS,WSK,,https://en.wikipedia.org/wiki/Chongqing_Wushan_Airport,
32688,ZUWX,small_airport,Wanzhou Wuqiao Airport,30.8017,108.433,,AS,CN,CN-50,Wanzhou,yes,ZUWX,WXN,ZUWX,,,https://en.wikipedia.org/wiki/Wanzhou_Airport,
27231,ZUXC,medium_airport,Xichang Qingshan Airport,27.9891,102.183998,5112,AS,CN,CN-51,Liangshan (Xichang),yes,ZUXC,XIC,ZUXC,,,https://en.wikipedia.org/wiki/Xichang_Qingshan_Airport,
336111,ZUYB,medium_airport,Yibin Wuliangye Airport,28.858431,104.526157,1378,AS,CN,CN-51,Yibin (Cuiping),yes,ZUYB,YBP,ZUYB,YBP,,https://en.wikipedia.org/wiki/Yibin_Wuliangye_Airport,
301647,ZUYI,medium_airport,Xingyi Wanfenglin Airport,25.083423,104.960804,4150,AS,CN,CN-52,Xingyi,yes,ZUYI,ACX,ZUYI,,,https://en.wikipedia.org/wiki/Xingyi_Wanfenglin_Airport,
44126,ZUZH,medium_airport,Panzhihua Bao'anying Airport,26.54,101.79852,1620,AS,CN,CN-51,Panzhihua (Renhe),yes,ZUZH,PZI,ZUZH,,,https://en.wikipedia.org/wiki/Panzhihua_Bao'anying_Airport,"Xining Air Base, 攀枝花保安营机场"
308403,ZUZY,medium_airport,Zunyi Xinzhou Airport,27.810723,107.247189,2723,AS,CN,CN-52,Zunyi,yes,ZUZY,ZYI,ZUZY,,,https://en.wikipedia.org/wiki/Zunyi_Xinzhou_Airport,
30635,ZWAK,medium_airport,Aksu Hongqipo Airport,41.262501,80.291702,3816,AS,CN,CN-65,Aksu (Onsu),yes,ZWAK,AKU,ZWAK,,,https://en.wikipedia.org/wiki/Aksu_Hongqipo_Airport,"Ak-su, Akshu, Aqsu, Bharuka, Po-lu-chia, Aksu Wensu Air Base, Onsu"
354654,ZWAL,small_airport,Aral Tarim Airport,40.434748,81.26206,,AS,CN,CN-65,Aral,yes,ZWAL,ACF,ZWAL,,,https://en.wikipedia.org/wiki/Aral_Talim_Airport,
44191,ZWAT,medium_airport,Altay Xuedu Airport,47.749886,88.085808,2460,AS,CN,CN-65,Altay,yes,ZWAT,AAT,ZWAT,,,https://en.wikipedia.org/wiki/Altay_Xuedu_Airport,Altay Air Base
46650,ZWBL,medium_airport,Bole Alashankou Airport,44.895461,82.30007,1253,AS,CN,CN-65,Bole,yes,ZWBL,BPL,ZWBL,,,https://en.wikipedia.org/wiki/Bole_Alashankou_Airport,
31684,ZWCM,medium_airport,Qiemo Yudu Airport,38.234516,85.465462,,AS,CN,CN-65,Qiemo,yes,ZWCM,IQM,ZWCM,,,https://en.wikipedia.org/wiki/Qiemo_Yudu_Airport,"Cherchen, Qarqan"
323219,ZWFY,medium_airport,Fuyun Koktokay Airport,46.804169,89.512006,3081,AS,CN,CN-65,Fuyun,yes,ZWFY,FYN,ZWFY,,,https://en.wikipedia.org/wiki/Fuyun_Koktokay_Airport,
31609,ZWHM,medium_airport,Hami Airport,42.8414,93.669197,2703,AS,CN,CN-65,Hami,yes,ZWHM,HMI,ZWHM,,,https://en.wikipedia.org/wiki/Hami_Airport,"Kumul, Qumul"
316764,ZWHZ,small_airport,Shihezi Huayuan Airport,44.2421,85.8905,1700,AS,CN,CN-65,Shihezi,yes,ZWHZ,SHF,ZWHZ,,,https://en.wikipedia.org/wiki/Shihezi_Huayuan_Airport,
31731,ZWKC,small_airport,Kuqa Qiuci Airport,41.677856,82.872917,3524,AS,CN,CN-65,Kuqa,yes,ZWKC,KCA,ZWKC,,,https://en.wikipedia.org/wiki/Kuqa_Qiuci_Airport,Kucha
31771,ZWKL,medium_airport,Korla Licheng Airport,41.614979,86.140817,3041,AS,CN,CN-65,Korla,yes,ZWKL,KRL,ZWKL,,,https://en.wikipedia.org/wiki/Korla_Licheng_Airport,
35310,ZWKM,small_airport,Karamay Airport,45.46655,84.9527,,AS,CN,CN-65,Karamay,yes,ZWKM,KRY,ZWKM,,,https://en.wikipedia.org/wiki/Karamay_Airport,
313426,ZWKN,medium_airport,Burqin Kanas Airport,48.2223,86.9959,3921,AS,CN,CN-65,Burqin,yes,ZWKN,KJI,ZWKN,,,https://en.wikipedia.org/wiki/Kanas_Airport,
605890,ZWLK,medium_airport,Barkol Dahe Airport,43.756544,93.137164,5720,AS,CN,CN-65,Barkol,no,ZWLK,DHH,ZWLK,,,https://en.wikipedia.org/wiki/Barkol_Dahe_Airport,"巴里坤大河机场, Balikun"
316548,ZWNL,medium_airport,Xinyuan Nalati Airport,43.4318,83.3786,3050,AS,CN,CN-65,Xinyuan,yes,ZWNL,NLT,ZWNL,,,https://en.wikipedia.org/wiki/Xinyuan_Nalati_Airport,
333070,ZWRQ,medium_airport,Ruoqiang Loulan Airport,38.974722,88.008333,2916,AS,CN,CN-65,Ruoqiang Town,yes,ZWRQ,RQA,ZWRQ,,,https://en.wikipedia.org/wiki/Ruoqiang_Loulan_Airport,
326731,ZWSC,medium_airport,Shache Airport,38.24542,77.056149,4232,AS,CN,CN-65,Shache,yes,ZWSC,QSZ,ZWSC,,,https://en.wikipedia.org/wiki/Shache_Airport,"Yarkant, Yeerqiang"
27234,ZWSH,large_airport,Kashgar Laining International Airport,39.542273,76.02023,4529,AS,CN,CN-65,Kashgar,yes,ZWSH,KHG,ZWSH,,,https://en.wikipedia.org/wiki/Kashgar_Laining_International_Airport,"Kashi Airport, 	喀什徕宁国际机场, 喀什机场"
32406,ZWSS,medium_airport,Shanshan Airport,42.911701,90.247498,,AS,CN,CN-65,Shanshan,no,ZWSS,SXJ,ZWSS,,,https://en.wikipedia.org/wiki/Shanshan_Airport,
28144,ZWTC,small_airport,Tacheng Qianquan Airport,46.672501,83.340797,,AS,CN,CN-65,Tacheng,yes,ZWTC,TCG,ZWTC,,,https://en.wikipedia.org/wiki/Tacheng_Airport,
314799,ZWTL,medium_airport,Turpan Jiaohe Airport,43.0308,89.0987,934,AS,CN,CN-65,Turpan,yes,ZWTL,TLQ,ZWTL,,,https://en.wikipedia.org/wiki/Turpan_Jiaohe_Airport,
27235,ZWTN,medium_airport,Hotan Airport,37.03850173950195,79.86489868164062,4672,AS,CN,CN-65,Hotan,yes,ZWTN,HTN,ZWTN,,,https://en.wikipedia.org/wiki/Hotan_Airport,"Khotan, Heitan Air Base"
27236,ZWWW,large_airport,Ürümqi Tianshan International Airport,43.913584,87.479372,2125,AS,CN,CN-65,Ürümqi,yes,ZWWW,URC,ZWWW,,,https://en.wikipedia.org/wiki/%C3%9Cr%C3%BCmqi_Tianshan_International_Airport,"Urumqi Diwopu Airport, Diwopu, 乌鲁木齐天山国际机场, 乌鲁木齐, 乌鲁木齐地窝堡机场"
32725,ZWYN,medium_airport,Ili Yining International Airport,43.955799,81.330299,,AS,CN,CN-65,Ili (Yining / Ghulja),yes,ZWYN,YIN,ZWYN,,,https://en.wikipedia.org/wiki/Ili_Yining_International_Airport,"Ghulja, Ili"
342843,ZWYT,small_airport,Yutian Wanfang Airport,36.8085,81.7827,4731,AS,CN,CN-65,Hotan (Yutian),yes,ZWYT,YTW,ZWYT,YTW,,https://en.wikipedia.org/wiki/Yutian_Wanfang_Airport,
30646,ZYAS,medium_airport,Anshan Teng'ao Airport / Anshan Air Base,41.105301,122.853996,,AS,CN,CN-21,Anshan,yes,ZYAS,AOG,ZYAS,,,https://en.wikipedia.org/wiki/Anshan_Teng%27ao_Airport,
316519,ZYBA,medium_airport,Baicheng Chang'an Airport,45.505278,123.019722,480,AS,CN,CN-22,Baicheng,yes,ZYBA,DBC,ZYBA,,,https://en.wikipedia.org/wiki/Baicheng_Chang%27an_Airport,
300544,ZYBS,medium_airport,Changbaishan Airport,42.066944,127.602222,2874,AS,CN,CN-22,Baishan,yes,ZYBS,NBS,ZYBS,,,https://en.wikipedia.org/wiki/Changbaishan_Airport,
27237,ZYCC,large_airport,Changchun Longjia International Airport,43.996201,125.684998,706,AS,CN,CN-22,Changchun,yes,ZYCC,CGQ,ZYCC,,,https://en.wikipedia.org/wiki/Changchun_Longjia_International_Airport,
300858,ZYCH,small_airport,Changhai Dachangshandao Airport,39.266441,122.66696,80,AS,CN,CN-21,Dalian (Changhai),yes,ZYCH,CNI,ZYCH,,,https://en.wikipedia.org/wiki/Changhai_Airport,
30827,ZYCY,medium_airport,Chaoyang Airport,41.538101,120.434998,568,AS,CN,CN-21,"Shuangta, Chaoyang",yes,ZYCY,CHG,ZYCY,,,https://en.wikipedia.org/wiki/Chaoyang_Airport,
44267,ZYDD,medium_airport,Dandong Langtou International Airport,40.025453,124.28669,30,AS,CN,CN-21,Dandong (Zhenxing),yes,ZYDD,DDG,ZYDD,,http://www.ddcei.gov.cn/english/index.html,https://en.wikipedia.org/wiki/Dandong_Airport,
300323,ZYDQ,small_airport,Daqing Sartu Airport,46.750883,125.138642,496,AS,CN,CN-23,Daqing,yes,ZYDQ,DQA,ZYDQ,,,https://en.wikipedia.org/wiki/Daqing_Sartu_Airport,
327349,ZYDU,medium_airport,Wudalianchi Dedu Airport,48.441037,126.128374,984,AS,CN,CN-23,Heihe,yes,ZYDU,DTU,ZYDU,,,https://en.wikipedia.org/wiki/Wudalianchi_Dedu_Airport,
324338,ZYFX,small_airport,Fuxin Airport,42.069014,121.718122,548,AS,CN,CN-21,"Xihe, Fuxin",no,,,ZYFX,,,,
313994,ZYFY,medium_airport,Fuyuan Dongji Airport,48.197219,134.36298,,AS,CN,CN-23,Fuyuan,yes,ZYFY,FYJ,ZYFY,,,https://en.wikipedia.org/wiki/Fuyuan_Dongji_Airport,
335271,ZYGH,small_airport,Genhe Airport,50.700277,121.3825,2257,AS,CN,CN-15,Haolibao,no,,,ZYGH,,,,根河市
27238,ZYHB,large_airport,Harbin Taiping International Airport,45.623402,126.25,457,AS,CN,CN-23,Harbin,yes,ZYHB,HRB,ZYHB,,,https://en.wikipedia.org/wiki/Harbin_Taiping_International_Airport,
31576,ZYHE,medium_airport,Heihe Aihui Airport,50.171621,127.308884,1047,AS,CN,CN-23,Heihe,yes,ZYHE,HEK,ZYHE,,,https://en.wikipedia.org/wiki/Heihe_Aihui_Airport,
301009,ZYJD,medium_airport,Daxing'anling Elunchun Airport,50.371389,124.1175,1205,AS,CN,CN-23,Jiagedaqi,yes,ZYJD,JGD,ZYJD,,,https://en.wikipedia.org/wiki/Daxing%27anling_Elunchun_Airport,"Jagdaqi, Jiagedaqi"
31701,ZYJL,small_airport,Jilin Ertaizi Airport,44.002652,126.395244,,AS,CN,CN-22,Jilin,no,ZYJL,JIL,ZYJL,,,https://en.wikipedia.org/wiki/Jilin_Ertaizi_Airport,
27239,ZYJM,medium_airport,Jiamusi Songjiang International Airport,46.842793,130.46426,262,AS,CN,CN-23,Jiamusi,yes,ZYJM,JMU,ZYJM,,https://www.cah.com.cn/content/2023/03-09/7039420142224150528.html,https://en.wikipedia.org/wiki/Jiamusi_Dongjiao_Airport,"Jiamusi Dongjiao Airport, 佳木斯, 佳木斯东郊机场, 佳木斯松江机场"
327450,ZYJS,medium_airport,Jiansanjiang Shidi Airport,47.108248,132.65792,,AS,CN,CN-23,Jiansanjiang,yes,ZYJS,JSJ,ZYJS,,,https://en.wikipedia.org/wiki/Jiansanjiang_Airport,
313337,ZYJX,medium_airport,Jixi Xingkaihu Airport,45.293,131.193,760,AS,CN,CN-23,Jixi,yes,ZYJX,JXA,ZYJX,,,https://en.wikipedia.org/wiki/Jixi_Xingkaihu_Airport,
339959,ZYJZ,medium_airport,Jinzhou Bay Airport,40.936032,121.277114,,AS,CN,CN-21,Jinzhou (Linghai),yes,ZYJZ,JNZ,ZYJZ,,,https://en.wikipedia.org/wiki/Jinzhou_Bay_Airport,
307012,ZYLD,medium_airport,Yichun Lindu Airport,47.752056,129.019125,791,AS,CN,CN-23,Yichun,yes,ZYLD,LDS,ZYLD,,,https://en.wikipedia.org/wiki/Yichun_Lindu_Airport,Yichun Shi Airport
335272,ZYLY,small_airport,Liaoyang Air Base,41.277976,123.078729,57,AS,CN,CN-21,Liaoyang,no,,,ZYLY,,,,
27240,ZYMD,medium_airport,Mudanjiang Hailang International Airport,44.525172,129.568634,883,AS,CN,CN-23,Mudanjiang,yes,ZYMD,MDG,ZYMD,,,https://en.wikipedia.org/wiki/Mudanjiang_Hailang_International_Airport,Mudanjiang
301193,ZYMH,medium_airport,Mohe Gulian Airport,52.916871,122.422759,1836,AS,CN,CN-23,Mohe,yes,ZYMH,OHE,ZYMH,,,https://en.wikipedia.org/wiki/Mohe_Gulian_Airport,
27241,ZYQQ,large_airport,Qiqihar Sanjiazi Airport,47.229969,123.914179,477,AS,CN,CN-23,Qiqihar,yes,ZYQQ,NDG,ZYQQ,,,https://en.wikipedia.org/wiki/Qiqihar_Airport,"齐齐哈尔, 齐齐哈尔三家子机场"
525154,ZYSD,small_airport,Suifenhe Dongning Airport,44.453889,130.843889,1407,AS,CN,CN-23,Suifenhe,no,ZYSD,HSF,ZYSD,,,https://en.wikipedia.org/wiki/Suifenhe_Dongning_Airport,
327451,ZYSQ,medium_airport,Songyuan Chaganhu Airport,44.931143,124.552121,459,AS,CN,CN-22,Qian Gorlos Mongol Autonomous County,yes,ZYSQ,YSQ,ZYSQ,,,https://en.wikipedia.org/wiki/Songyuan_Chaganhu_Airport,
307017,ZYTH,small_airport,Da Hinggan Ling Targen Airport,52.224444,124.720222,1240,AS,CN,CN-23,Tahe,no,,,ZYTH,,,,Tahe
27242,ZYTL,large_airport,Dalian Zhoushuizi International Airport,38.965719,121.538477,107,AS,CN,CN-21,Dalian (Ganjingzi),yes,ZYTL,DLC,ZYTL,,https://dlairport.com,https://en.wikipedia.org/wiki/Dalian_Zhoushuizi_International_Airport,Dalian Air Base
307013,ZYTN,medium_airport,Tonghua Sanyuanpu Airport,42.048435,125.733963,1347,AS,CN,CN-22,Tonghua,yes,ZYTN,TNH,ZYTN,,,https://en.wikipedia.org/wiki/Tonghua_Sanyuanpu_Airport,Tonghua Liuhe Airport
27243,ZYTX,large_airport,Shenyang Taoxian International Airport,41.6398,123.483668,198,AS,CN,CN-21,Shenyang,yes,ZYTX,SHE,ZYTX,,,https://en.wikipedia.org/wiki/Shenyang_Taoxian_International_Airport,"沈阳, 沈阳桃仙国际机场"
44182,ZYXC,medium_airport,Xingcheng Air Base,40.580328,120.700374,30,AS,CN,CN-21,Huludao (Xingcheng),no,ZYXC,XEN,ZYXC,,,,
600625,ZYYC,small_airport,Yichun Airport,47.717936,128.830519,798,AS,CN,CN-23,Yichun,no,ZYYC,,ZYYC,,,,LDS
27244,ZYYJ,medium_airport,Yanji Chaoyangchuan Airport,42.8828010559,129.451004028,624,AS,CN,CN-22,Yanji,yes,ZYYJ,YNJ,ZYYJ,,,https://en.wikipedia.org/wiki/Yanji_Chaoyangchuan_Airport,
317861,ZYYK,medium_airport,Yingkou Lanqi Airport,40.542524,122.3586,,AS,CN,CN-21,Yingkou (Laobian),yes,ZYYK,YKH,ZYYK,,,https://en.wikipedia.org/wiki/Yingkou_Lanqi_Airport,
32753,ZYYY,medium_airport,Shenyang Dongta Airport,41.784354,123.496308,157,AS,CN,CN-21,"Dadong, Shenyang",no,ZYYY,,ZYYY,,,,"东塔机场, SHE"
